REGION;AÑO;MES;TEMPERATURA_MEDIA_C;PRECIPITACION_TOTAL_MM
AMAZONAS;2014;01;14.91;264.1
AMAZONAS;2014;02;14.9;366.8
AMAZONAS;2014;03;14.92;340.0
AMAZONAS;2014;04;15.11;179.8
AMAZONAS;2014;05;15.07;206.5
AMAZONAS;2014;06;14.87;93.2
AMAZONAS;2014;07;14.28;79.7
AMAZONAS;2014;08;14.46;60.8
AMAZONAS;2014;09;14.98;160.0
AMAZONAS;2014;10;15.2;187.7
AMAZONAS;2014;11;15.66;262.8
AMAZONAS;2014;12;15.04;261.0
AMAZONAS;2015;01;14.62;419.5
AMAZONAS;2015;02;15.25;190.7
AMAZONAS;2015;03;15.25;564.6
AMAZONAS;2015;04;15.02;273.2
AMAZONAS;2015;05;14.87;226.3
AMAZONAS;2015;06;14.47;74.4
AMAZONAS;2015;07;14.63;61.6
AMAZONAS;2015;08;15.58;57.7
AMAZONAS;2015;09;15.7;77.9
AMAZONAS;2015;10;15.72;168.8
AMAZONAS;2015;11;15.92;257.3
AMAZONAS;2015;12;15.49;266.1
AMAZONAS;2016;01;16.44;351.0
AMAZONAS;2016;02;16.06;426.6
AMAZONAS;2016;03;16.19;320.7
AMAZONAS;2016;04;15.97;199.8
AMAZONAS;2016;05;15.69;171.4
AMAZONAS;2016;06;14.49;115.7
AMAZONAS;2016;07;14.49;40.6
AMAZONAS;2016;08;15.12;77.1
AMAZONAS;2016;09;15.07;152.2
AMAZONAS;2016;10;15.54;280.1
AMAZONAS;2016;11;16.32;196.9
AMAZONAS;2016;12;15.12;387.9
AMAZONAS;2017;01;15.39;116.3
AMAZONAS;2017;02;15.8;130.2
AMAZONAS;2017;03;15.55;108.5
AMAZONAS;2017;04;15.41;44.1
AMAZONAS;2017;05;15.54;34.7
AMAZONAS;2017;06;14.91;18.6
AMAZONAS;2017;07;14.05;2.2
AMAZONAS;2017;08;15.32;25.8
AMAZONAS;2017;09;15.66;9.2
AMAZONAS;2017;10;16.05;63.5
AMAZONAS;2017;11;16.4;53.2
AMAZONAS;2017;12;16.0;50.5
AMAZONAS;2018;01;15.34;53.2
AMAZONAS;2018;02;15.87;60.2
AMAZONAS;2018;03;15.43;44.3
AMAZONAS;2018;04;14.87;73.6
AMAZONAS;2018;05;15.31;18.7
AMAZONAS;2018;06;14.04;10.8
AMAZONAS;2018;07;14.19;3.7
AMAZONAS;2018;08;14.46;7.4
AMAZONAS;2018;09;15.44;19.9
AMAZONAS;2018;10;15.81;74.0
AMAZONAS;2018;11;16.18;89.2
AMAZONAS;2018;12;15.26;60.1
AMAZONAS;2019;01;15.52;56.5
AMAZONAS;2019;02;15.71;113.4
AMAZONAS;2019;03;15.65;159.6
AMAZONAS;2019;04;15.63;38.7
AMAZONAS;2019;05;15.18;54.1
AMAZONAS;2019;06;14.55;12.6
AMAZONAS;2019;07;14.14;18.8
AMAZONAS;2019;08;14.19;8.2
AMAZONAS;2019;09;15.47;19.7
AMAZONAS;2019;10;15.06;56.5
AMAZONAS;2019;11;16.11;62.1
AMAZONAS;2019;12;16.0;58.5
AMAZONAS;2020;01;16.22;79.0
AMAZONAS;2020;02;16.41;73.0
AMAZONAS;2020;03;16.34;67.3
AMAZONAS;2020;04;15.59;32.9
AMAZONAS;2020;05;15.5;28.7
AMAZONAS;2020;06;15.44;17.7
AMAZONAS;2020;07;14.7;17.0
AMAZONAS;2020;08;15.25;14.1
AMAZONAS;2020;09;15.35;23.8
AMAZONAS;2020;10;15.33;25.7
AMAZONAS;2020;11;16.35;41.7
AMAZONAS;2020;12;15.56;65.5
AMAZONAS;2021;01;15.23;70.4
AMAZONAS;2021;02;15.99;59.4
AMAZONAS;2021;03;15.16;142.3
AMAZONAS;2021;04;15.2;54.0
AMAZONAS;2021;05;15.16;17.8
AMAZONAS;2021;06;14.96;12.8
AMAZONAS;2021;07;14.29;8.4
AMAZONAS;2021;08;15.18;14.1
AMAZONAS;2021;09;15.16;28.7
AMAZONAS;2021;10;15.78;85.4
AMAZONAS;2021;11;15.51;99.5
AMAZONAS;2021;12;15.88;105.1
AMAZONAS;2022;01;15.51;66.5
AMAZONAS;2022;02;15.22;117.3
AMAZONAS;2022;03;15.14;137.4
AMAZONAS;2022;04;14.95;88.7
AMAZONAS;2022;05;14.88;26.6
AMAZONAS;2022;06;13.83;38.6
AMAZONAS;2022;07;14.54;16.0
AMAZONAS;2022;08;14.48;29.7
AMAZONAS;2022;09;15.2;40.6
AMAZONAS;2022;10;15.57;74.3
AMAZONAS;2022;11;15.94;34.0
AMAZONAS;2022;12;15.92;63.9
AMAZONAS;2023;01;15.26;79.5
AMAZONAS;2023;02;15.24;127.0
AMAZONAS;2023;03;15.41;129.0
AMAZONAS;2023;04;15.25;45.5
AMAZONAS;2023;05;15.74;33.6
AMAZONAS;2023;06;14.84;5.4
AMAZONAS;2023;07;15.77;5.1
AMAZONAS;2023;08;16.26;9.2
AMAZONAS;2023;09;16.84;16.7
AMAZONAS;2023;10;16.98;53.3
AMAZONAS;2023;11;17.16;52.5
AMAZONAS;2023;12;16.54;140.5
ANCASH;2014;01;13.25;172.3
ANCASH;2014;02;12.9;199.3
ANCASH;2014;03;12.82;247.1
ANCASH;2014;04;13.68;137.4
ANCASH;2014;05;13.37;103.1
ANCASH;2014;06;13.89;49.6
ANCASH;2014;07;13.01;61.4
ANCASH;2014;08;12.77;81.4
ANCASH;2014;09;13.04;133.1
ANCASH;2014;10;13.31;148.1
ANCASH;2014;11;13.2;140.3
ANCASH;2014;12;13.28;215.0
ANCASH;2015;01;13.27;220.6
ANCASH;2015;02;13.15;224.1
ANCASH;2015;03;13.22;270.5
ANCASH;2015;04;13.47;159.2
ANCASH;2015;05;13.4;122.6
ANCASH;2015;06;13.31;44.5
ANCASH;2015;07;13.12;51.7
ANCASH;2015;08;13.73;71.9
ANCASH;2015;09;14.18;138.1
ANCASH;2015;10;13.85;201.5
ANCASH;2015;11;14.02;166.3
ANCASH;2015;12;14.28;212.5
ANCASH;2016;01;14.56;146.8
ANCASH;2016;02;14.72;245.0
ANCASH;2016;03;14.63;234.9
ANCASH;2016;04;14.38;151.8
ANCASH;2016;05;14.15;76.2
ANCASH;2016;06;12.96;56.8
ANCASH;2016;07;13.15;38.8
ANCASH;2016;08;13.31;92.7
ANCASH;2016;09;13.39;124.0
ANCASH;2016;10;13.25;152.6
ANCASH;2016;11;13.73;89.9
ANCASH;2016;12;13.22;178.6
ANCASH;2017;01;12.78;291.3
ANCASH;2017;02;12.85;169.9
ANCASH;2017;03;12.84;287.0
ANCASH;2017;04;13.32;144.2
ANCASH;2017;05;13.02;46.5
ANCASH;2017;06;12.9;10.1
ANCASH;2017;07;13.2;8.7
ANCASH;2017;08;13.84;15.5
ANCASH;2017;09;13.67;81.9
ANCASH;2017;10;13.03;156.4
ANCASH;2017;11;13.16;115.5
ANCASH;2017;12;12.9;124.5
ANCASH;2018;01;12.32;232.1
ANCASH;2018;02;12.95;196.1
ANCASH;2018;03;12.98;261.0
ANCASH;2018;04;12.4;181.1
ANCASH;2018;05;12.53;35.1
ANCASH;2018;06;12.73;16.2
ANCASH;2018;07;13.35;10.4
ANCASH;2018;08;12.93;28.2
ANCASH;2018;09;13.88;50.0
ANCASH;2018;10;12.86;142.5
ANCASH;2018;11;13.29;137.1
ANCASH;2018;12;13.17;141.2
ANCASH;2019;01;13.28;313.4
ANCASH;2019;02;13.66;222.7
ANCASH;2019;03;13.54;261.8
ANCASH;2019;04;13.43;136.2
ANCASH;2019;05;13.42;27.5
ANCASH;2019;06;13.24;21.7
ANCASH;2019;07;13.43;9.6
ANCASH;2019;08;14.0;0.5
ANCASH;2019;09;14.31;54.3
ANCASH;2019;10;13.48;130.3
ANCASH;2019;11;13.5;155.3
ANCASH;2019;12;13.48;194.5
ANCASH;2020;01;13.9;95.3
ANCASH;2020;02;14.32;113.1
ANCASH;2020;03;13.59;141.3
ANCASH;2020;04;13.49;66.7
ANCASH;2020;05;13.44;60.0
ANCASH;2020;06;13.27;4.0
ANCASH;2020;07;13.67;4.5
ANCASH;2020;08;14.14;6.7
ANCASH;2020;09;13.87;94.0
ANCASH;2020;10;13.63;106.8
ANCASH;2020;11;13.85;136.9
ANCASH;2020;12;12.85;263.8
ANCASH;2021;01;12.97;288.4
ANCASH;2021;02;13.18;100.9
ANCASH;2021;03;12.67;263.1
ANCASH;2021;04;13.27;126.4
ANCASH;2021;05;12.84;45.0
ANCASH;2021;06;13.19;8.6
ANCASH;2021;07;13.08;10.0
ANCASH;2021;08;13.91;35.8
ANCASH;2021;09;13.3;109.8
ANCASH;2021;10;13.09;226.5
ANCASH;2021;11;12.69;156.9
ANCASH;2021;12;13.05;155.3
ANCASH;2022;01;12.74;156.1
ANCASH;2022;02;12.79;226.7
ANCASH;2022;03;12.62;333.1
ANCASH;2022;04;12.81;174.0
ANCASH;2022;05;12.3;85.4
ANCASH;2022;06;12.02;13.1
ANCASH;2022;07;13.21;17.1
ANCASH;2022;08;13.89;18.2
ANCASH;2022;09;13.55;103.0
ANCASH;2022;10;13.29;109.1
ANCASH;2022;11;13.77;93.7
ANCASH;2022;12;12.46;226.2
ANCASH;2023;01;12.36;251.6
ANCASH;2023;02;13.02;326.1
ANCASH;2023;03;12.57;347.1
ANCASH;2023;04;12.66;188.7
ANCASH;2023;05;12.96;32.3
ANCASH;2023;06;13.44;4.5
ANCASH;2023;07;14.55;1.3
ANCASH;2023;08;14.88;8.5
ANCASH;2023;09;14.7;95.6
ANCASH;2023;10;14.08;259.0
ANCASH;2023;11;13.76;217.8
ANCASH;2023;12;14.34;300.8
CUSCO;2014;01;10.54;289.3
CUSCO;2014;02;10.89;186.2
CUSCO;2014;03;10.82;147.3
CUSCO;2014;04;10.43;63.3
CUSCO;2014;05;9.94;44.6
CUSCO;2014;06;9.97;13.5
CUSCO;2014;07;9.09;18.7
CUSCO;2014;08;9.36;27.2
CUSCO;2014;09;10.3;62.5
CUSCO;2014;10;11.03;69.5
CUSCO;2014;11;11.68;104.3
CUSCO;2014;12;11.26;237.8
CUSCO;2015;01;10.35;231.7
CUSCO;2015;02;10.7;193.9
CUSCO;2015;03;10.75;133.6
CUSCO;2015;04;10.04;103.0
CUSCO;2015;05;9.66;53.5
CUSCO;2015;06;9.36;14.4
CUSCO;2015;07;9.44;10.8
CUSCO;2015;08;10.03;19.2
CUSCO;2015;09;11.51;28.1
CUSCO;2015;10;11.81;69.0
CUSCO;2015;11;11.86;130.8
CUSCO;2015;12;11.31;215.1
CUSCO;2016;01;12.12;231.9
CUSCO;2016;02;11.91;225.2
CUSCO;2016;03;12.06;137.2
CUSCO;2016;04;11.45;86.3
CUSCO;2016;05;10.57;20.2
CUSCO;2016;06;10.15;3.5
CUSCO;2016;07;9.96;6.1
CUSCO;2016;08;10.5;13.9
CUSCO;2016;09;11.27;30.0
CUSCO;2016;10;10.96;135.7
CUSCO;2016;11;11.88;61.9
CUSCO;2016;12;11.44;227.4
CUSCO;2017;01;11.36;223.5
CUSCO;2017;02;11.63;203.3
CUSCO;2017;03;11.22;185.3
CUSCO;2017;04;11.17;80.6
CUSCO;2017;05;10.81;35.4
CUSCO;2017;06;10.65;7.0
CUSCO;2017;07;10.28;15.9
CUSCO;2017;08;11.14;27.8
CUSCO;2017;09;11.24;50.3
CUSCO;2017;10;12.13;97.7
CUSCO;2017;11;12.37;143.1
CUSCO;2017;12;12.09;167.9
CUSCO;2018;01;11.13;187.0
CUSCO;2018;02;11.35;275.7
CUSCO;2018;03;11.32;167.7
CUSCO;2018;04;10.82;64.2
CUSCO;2018;05;10.77;20.6
CUSCO;2018;06;9.13;18.8
CUSCO;2018;07;8.79;23.5
CUSCO;2018;08;9.06;45.5
CUSCO;2018;09;11.13;29.9
CUSCO;2018;10;11.66;113.1
CUSCO;2018;11;12.38;133.5
CUSCO;2018;12;12.12;103.8
CUSCO;2019;01;11.58;190.9
CUSCO;2019;02;11.42;240.3
CUSCO;2019;03;11.69;111.6
CUSCO;2019;04;11.56;68.0
CUSCO;2019;05;11.15;22.2
CUSCO;2019;06;10.72;7.4
CUSCO;2019;07;10.26;16.6
CUSCO;2019;08;10.76;16.2
CUSCO;2019;09;11.41;23.9
CUSCO;2019;10;12.1;62.2
CUSCO;2019;11;12.12;163.1
CUSCO;2019;12;12.15;210.9
CUSCO;2020;01;11.9;198.3
CUSCO;2020;02;12.19;196.9
CUSCO;2020;03;11.78;132.9
CUSCO;2020;04;11.14;78.1
CUSCO;2020;05;10.9;29.1
CUSCO;2020;06;10.89;5.9
CUSCO;2020;07;10.95;6.5
CUSCO;2020;08;11.28;11.5
CUSCO;2020;09;11.26;24.7
CUSCO;2020;10;11.54;68.8
CUSCO;2020;11;12.88;72.3
CUSCO;2020;12;11.74;246.2
CUSCO;2021;01;11.29;254.5
CUSCO;2021;02;11.56;143.9
CUSCO;2021;03;10.86;176.3
CUSCO;2021;04;10.79;74.7
CUSCO;2021;05;10.47;23.7
CUSCO;2021;06;10.5;3.0
CUSCO;2021;07;10.11;13.1
CUSCO;2021;08;10.77;14.0
CUSCO;2021;09;11.5;22.5
CUSCO;2021;10;12.26;96.4
CUSCO;2021;11;11.71;200.4
CUSCO;2021;12;12.0;157.3
CUSCO;2022;01;11.05;252.5
CUSCO;2022;02;11.22;170.3
CUSCO;2022;03;10.87;199.2
CUSCO;2022;04;11.23;58.7
CUSCO;2022;05;10.75;30.0
CUSCO;2022;06;9.89;4.9
CUSCO;2022;07;10.77;6.0
CUSCO;2022;08;10.74;23.8
CUSCO;2022;09;11.67;46.4
CUSCO;2022;10;12.3;50.1
CUSCO;2022;11;12.55;72.1
CUSCO;2022;12;11.65;159.4
CUSCO;2023;01;11.11;218.0
CUSCO;2023;02;11.26;185.9
CUSCO;2023;03;11.16;151.0
CUSCO;2023;04;10.87;82.1
CUSCO;2023;05;10.73;77.0
CUSCO;2023;06;10.3;2.7
CUSCO;2023;07;11.52;3.9
CUSCO;2023;08;11.48;23.5
CUSCO;2023;09;11.83;53.5
CUSCO;2023;10;13.08;77.3
CUSCO;2023;11;12.67;167.3
CUSCO;2023;12;12.65;206.8
LIMA;2014;01;22.43;13.2
LIMA;2014;02;22.52;14.4
LIMA;2014;03;22.32;33.6
LIMA;2014;04;20.64;5.4
LIMA;2014;05;19.88;1.8
LIMA;2014;06;19.09;2.0
LIMA;2014;07;17.84;1.3
LIMA;2014;08;17.97;0.5
LIMA;2014;09;17.85;0.4
LIMA;2014;10;18.83;0.8
LIMA;2014;11;19.57;2.3
LIMA;2014;12;20.59;7.9
LIMA;2015;01;21.68;20.0
LIMA;2015;02;22.9;54.3
LIMA;2015;03;23.08;53.5
LIMA;2015;04;21.99;7.2
LIMA;2015;05;20.88;0.8
LIMA;2015;06;20.13;0.6
LIMA;2015;07;18.72;0.1
LIMA;2015;08;18.26;1.2
LIMA;2015;09;19.1;1.1
LIMA;2015;10;19.63;3.6
LIMA;2015;11;20.08;1.1
LIMA;2015;12;21.65;3.5
LIMA;2016;01;23.02;6.8
LIMA;2016;02;24.12;22.6
LIMA;2016;03;24.05;34.1
LIMA;2016;04;22.25;5.0
LIMA;2016;05;20.67;0.2
LIMA;2016;06;18.71;0.2
LIMA;2016;07;18.12;0.4
LIMA;2016;08;18.15;0.4
LIMA;2016;09;18.48;2.0
LIMA;2016;10;18.87;0.4
LIMA;2016;11;19.97;0.0
LIMA;2016;12;21.19;9.5
LIMA;2017;01;23.19;40.5
LIMA;2017;02;24.25;6.7
LIMA;2017;03;24.21;23.1
LIMA;2017;04;21.95;3.7
LIMA;2017;05;20.14;1.6
LIMA;2017;06;17.99;0.4
LIMA;2017;07;16.95;0.5
LIMA;2017;08;16.09;0.3
LIMA;2017;09;16.11;2.4
LIMA;2017;10;16.46;10.1
LIMA;2017;11;17.57;4.1
LIMA;2017;12;19.67;10.3
LIMA;2018;01;21.5;11.7
LIMA;2018;02;22.5;13.6
LIMA;2018;03;21.43;26.9
LIMA;2018;04;20.82;10.0
LIMA;2018;05;18.44;0.3
LIMA;2018;06;16.6;1.7
LIMA;2018;07;16.28;1.5
LIMA;2018;08;15.85;0.2
LIMA;2018;09;16.41;0.5
LIMA;2018;10;17.37;5.5
LIMA;2018;11;18.79;1.4
LIMA;2018;12;20.76;0.3
LIMA;2019;01;22.71;18.1
LIMA;2019;02;24.21;9.4
LIMA;2019;03;22.59;25.6
LIMA;2019;04;21.15;1.6
LIMA;2019;05;18.87;0.0
LIMA;2019;06;16.71;0.2
LIMA;2019;07;15.77;0.0
LIMA;2019;08;15.04;0.5
LIMA;2019;09;15.94;3.0
LIMA;2019;10;16.33;1.9
LIMA;2019;11;18.32;1.3
LIMA;2019;12;20.42;5.4
LIMA;2020;01;22.37;9.8
LIMA;2020;02;23.05;5.3
LIMA;2020;03;23.19;10.1
LIMA;2020;04;21.01;0.6
LIMA;2020;05;18.87;0.7
LIMA;2020;06;16.91;1.6
LIMA;2020;07;15.51;0.0
LIMA;2020;08;15.4;0.2
LIMA;2020;09;15.64;0.4
LIMA;2020;10;16.95;0.8
LIMA;2020;11;17.47;1.1
LIMA;2020;12;19.46;16.6
LIMA;2021;01;21.21;4.4
LIMA;2021;02;22.07;3.6
LIMA;2021;03;22.34;2.7
LIMA;2021;04;19.82;1.6
LIMA;2021;05;17.84;0.1
LIMA;2021;06;17.04;0.6
LIMA;2021;07;16.22;0.0
LIMA;2021;08;15.76;0.2
LIMA;2021;09;15.7;0.6
LIMA;2021;10;15.92;0.4
LIMA;2021;11;17.31;2.4
LIMA;2021;12;18.94;0.9
LIMA;2022;01;21.15;4.1
LIMA;2022;02;20.91;13.7
LIMA;2022;03;20.86;21.4
LIMA;2022;04;18.62;0.0
LIMA;2022;05;16.68;0.0
LIMA;2022;06;15.43;0.0
LIMA;2022;07;15.03;1.1
LIMA;2022;08;14.67;0.3
LIMA;2022;09;14.93;0.6
LIMA;2022;10;15.24;0.3
LIMA;2022;11;17.3;0.9
LIMA;2022;12;20.19;14.4
LIMA;2023;01;21.11;16.3
LIMA;2023;02;23.13;18.3
LIMA;2023;03;23.56;17.1
LIMA;2023;04;23.87;1.1
LIMA;2023;05;20.58;2.7
LIMA;2023;06;19.13;0.0
LIMA;2023;07;18.79;1.0
LIMA;2023;08;18.61;1.0
LIMA;2023;09;18.27;4.2
LIMA;2023;10;18.53;1.6
LIMA;2023;11;19.09;1.3
LIMA;2023;12;20.56;7.2
AREQUIPA;2014;01;14.85;197.5
AREQUIPA;2014;02;14.83;81.5
AREQUIPA;2014;03;14.54;137.3
AREQUIPA;2014;04;15.47;57.4
AREQUIPA;2014;05;14.57;0.0
AREQUIPA;2014;06;15.24;0.0
AREQUIPA;2014;07;15.21;0.3
AREQUIPA;2014;08;15.47;2.0
AREQUIPA;2014;09;16.6;6.0
AREQUIPA;2014;10;17.33;14.7
AREQUIPA;2014;11;17.25;3.5
AREQUIPA;2014;12;17.46;11.0
AREQUIPA;2015;01;16.12;178.6
AREQUIPA;2015;02;14.9;330.8
AREQUIPA;2015;03;14.94;278.8
AREQUIPA;2015;04;15.17;96.5
AREQUIPA;2015;05;14.66;2.2
AREQUIPA;2015;06;15.42;0.0
AREQUIPA;2015;07;14.74;2.2
AREQUIPA;2015;08;15.89;3.7
AREQUIPA;2015;09;16.82;1.7
AREQUIPA;2015;10;17.68;4.6
AREQUIPA;2015;11;17.66;17.6
AREQUIPA;2015;12;19.11;3.8
AREQUIPA;2016;01;17.18;72.6
AREQUIPA;2016;02;16.72;322.2
AREQUIPA;2016;03;16.21;106.2
AREQUIPA;2016;04;15.64;81.5
AREQUIPA;2016;05;15.3;2.0
AREQUIPA;2016;06;14.86;0.7
AREQUIPA;2016;07;15.04;3.0
AREQUIPA;2016;08;15.54;0.0
AREQUIPA;2016;09;16.58;0.5
AREQUIPA;2016;10;16.99;3.7
AREQUIPA;2016;11;16.85;5.9
AREQUIPA;2016;12;15.93;94.8
AREQUIPA;2017;01;13.75;269.7
AREQUIPA;2017;02;13.31;177.6
AREQUIPA;2017;03;13.95;187.0
AREQUIPA;2017;04;15.08;4.8
AREQUIPA;2017;05;15.22;1.2
AREQUIPA;2017;06;14.06;0.0
AREQUIPA;2017;07;14.72;0.0
AREQUIPA;2017;08;15.17;0.0
AREQUIPA;2017;09;16.55;0.0
AREQUIPA;2017;10;16.96;0.0
AREQUIPA;2017;11;16.39;4.0
AREQUIPA;2017;12;15.88;15.6
AREQUIPA;2018;01;15.15;62.5
AREQUIPA;2018;02;14.31;105.4
AREQUIPA;2018;03;14.97;47.4
AREQUIPA;2018;04;15.56;3.5
AREQUIPA;2018;05;15.41;0.0
AREQUIPA;2018;06;14.77;5.4
AREQUIPA;2018;07;14.84;3.3
AREQUIPA;2018;08;15.55;0.0
AREQUIPA;2018;09;16.4;0.0
AREQUIPA;2018;10;16.41;0.7
AREQUIPA;2018;11;16.83;0.1
AREQUIPA;2018;12;16.92;5.2
AREQUIPA;2019;01;15.48;149.1
AREQUIPA;2019;02;14.68;177.8
AREQUIPA;2019;03;15.49;43.3
AREQUIPA;2019;04;16.16;4.9
AREQUIPA;2019;05;15.91;0.0
AREQUIPA;2019;06;15.8;0.0
AREQUIPA;2019;07;15.23;0.6
AREQUIPA;2019;08;16.11;0.0
AREQUIPA;2019;09;16.55;0.2
AREQUIPA;2019;10;16.3;0.2
AREQUIPA;2019;11;16.88;3.3
AREQUIPA;2019;12;16.57;7.8
AREQUIPA;2020;01;15.41;214.6
AREQUIPA;2020;02;14.88;174.2
AREQUIPA;2020;03;14.49;108.3
AREQUIPA;2020;04;15.8;3.4
AREQUIPA;2020;05;16.44;0.0
AREQUIPA;2020;06;14.98;1.0
AREQUIPA;2020;07;14.59;0.0
AREQUIPA;2020;08;15.22;0.0
AREQUIPA;2020;09;16.61;0.0
AREQUIPA;2020;10;17.12;4.3
AREQUIPA;2020;11;16.61;0.1
AREQUIPA;2020;12;15.16;36.1
AREQUIPA;2021;01;14.25;68.6
AREQUIPA;2021;02;15.49;37.1
AREQUIPA;2021;03;14.38;76.5
AREQUIPA;2021;04;16.24;0.3
AREQUIPA;2021;05;15.72;0.1
AREQUIPA;2021;06;14.38;0.0
AREQUIPA;2021;07;15.26;0.0
AREQUIPA;2021;08;15.34;0.0
AREQUIPA;2021;09;17.02;0.0
AREQUIPA;2021;10;16.88;1.5
AREQUIPA;2021;11;16.17;10.3
AREQUIPA;2021;12;16.35;12.8
AREQUIPA;2022;01;15.0;50.7
AREQUIPA;2022;02;14.72;45.5
AREQUIPA;2022;03;14.02;93.7
AREQUIPA;2022;04;16.09;0.0
AREQUIPA;2022;05;15.46;0.0
AREQUIPA;2022;06;13.55;0.0
AREQUIPA;2022;07;15.28;0.0
AREQUIPA;2022;08;15.35;0.0
AREQUIPA;2022;09;15.44;0.0
AREQUIPA;2022;10;16.15;0.0
AREQUIPA;2022;11;16.41;0.0
AREQUIPA;2022;12;14.85;66.9
AREQUIPA;2023;01;14.45;60.4
AREQUIPA;2023;02;14.18;194.3
AREQUIPA;2023;03;14.13;90.6
AREQUIPA;2023;04;15.09;15.2
AREQUIPA;2023;05;15.98;1.5
AREQUIPA;2023;06;15.06;0.0
AREQUIPA;2023;07;16.24;0.0
AREQUIPA;2023;08;16.48;0.0
AREQUIPA;2023;09;17.42;0.0
AREQUIPA;2023;10;17.31;6.4
AREQUIPA;2023;11;17.67;1.7
AREQUIPA;2023;12;17.82;13.4
PUNO;2014;01;9.32;273.6
PUNO;2014;02;9.3;181.7
PUNO;2014;03;9.43;155.0
PUNO;2014;04;8.59;76.5
PUNO;2014;05;7.75;21.8
PUNO;2014;06;8.16;2.3
PUNO;2014;07;7.08;15.1
PUNO;2014;08;7.35;55.4
PUNO;2014;09;7.7;127.6
PUNO;2014;10;9.11;79.8
PUNO;2014;11;10.83;88.2
PUNO;2014;12;10.25;154.2
PUNO;2015;01;8.95;229.1
PUNO;2015;02;9.75;187.3
PUNO;2015;03;9.56;160.1
PUNO;2015;04;8.36;178.9
PUNO;2015;05;6.78;40.1
PUNO;2015;06;7.71;1.9
PUNO;2015;07;7.03;4.7
PUNO;2015;08;7.62;27.8
PUNO;2015;09;9.01;70.6
PUNO;2015;10;9.87;101.7
PUNO;2015;11;10.75;102.7
PUNO;2015;12;10.08;162.4
PUNO;2016;01;10.9;131.9
PUNO;2016;02;10.72;232.3
PUNO;2016;03;10.94;66.4
PUNO;2016;04;9.17;128.1
PUNO;2016;05;8.36;3.5
PUNO;2016;06;7.55;9.8
PUNO;2016;07;7.65;8.8
PUNO;2016;08;8.46;29.1
PUNO;2016;09;9.87;27.2
PUNO;2016;10;9.36;99.4
PUNO;2016;11;10.89;67.8
PUNO;2016;12;10.32;130.8
PUNO;2017;01;9.45;302.8
PUNO;2017;02;9.83;162.8
PUNO;2017;03;9.1;191.9
PUNO;2017;04;8.78;87.5
PUNO;2017;05;8.23;48.7
PUNO;2017;06;7.97;5.1
PUNO;2017;07;7.82;11.5
PUNO;2017;08;9.1;7.9
PUNO;2017;09;8.56;68.3
PUNO;2017;10;9.75;43.6
PUNO;2017;11;11.4;80.5
PUNO;2017;12;10.27;131.5
PUNO;2018;01;9.19;225.5
PUNO;2018;02;9.18;272.4
PUNO;2018;03;9.19;181.8
PUNO;2018;04;9.09;50.8
PUNO;2018;05;8.14;8.7
PUNO;2018;06;6.72;37.6
PUNO;2018;07;6.83;33.1
PUNO;2018;08;7.63;22.6
PUNO;2018;09;9.54;8.2
PUNO;2018;10;9.56;110.7
PUNO;2018;11;10.9;71.1
PUNO;2018;12;10.62;133.8
PUNO;2019;01;9.94;205.8
PUNO;2019;02;9.73;189.2
PUNO;2019;03;9.86;130.6
PUNO;2019;04;9.23;63.7
PUNO;2019;05;8.42;18.5
PUNO;2019;06;8.22;8.2
PUNO;2019;07;7.65;11.8
PUNO;2019;08;8.75;1.5
PUNO;2019;09;9.37;42.3
PUNO;2019;10;9.76;62.8
PUNO;2019;11;9.79;168.5
PUNO;2019;12;10.2;134.9
PUNO;2020;01;10.22;195.2
PUNO;2020;02;10.18;254.2
PUNO;2020;03;9.91;156.5
PUNO;2020;04;8.69;67.5
PUNO;2020;05;8.89;14.9
PUNO;2020;06;8.65;1.4
PUNO;2020;07;8.36;4.2
PUNO;2020;08;9.54;3.3
PUNO;2020;09;8.61;80.5
PUNO;2020;10;8.96;65.9
PUNO;2020;11;11.73;25.3
PUNO;2020;12;10.04;234.9
PUNO;2021;01;9.33;249.9
PUNO;2021;02;9.61;119.6
PUNO;2021;03;8.83;168.5
PUNO;2021;04;8.52;61.8
PUNO;2021;05;8.08;33.1
PUNO;2021;06;7.6;2.2
PUNO;2021;07;7.95;7.5
PUNO;2021;08;8.25;21.9
PUNO;2021;09;9.48;41.3
PUNO;2021;10;10.82;61.4
PUNO;2021;11;10.09;145.1
PUNO;2021;12;9.23;267.6
PUNO;2022;01;8.92;309.3
PUNO;2022;02;9.01;211.5
PUNO;2022;03;8.88;165.2
PUNO;2022;04;8.82;84.7
PUNO;2022;05;8.73;8.8
PUNO;2022;06;7.45;1.6
PUNO;2022;07;8.74;0.2
PUNO;2022;08;8.59;13.1
PUNO;2022;09;9.68;14.6
PUNO;2022;10;10.14;19.6
PUNO;2022;11;11.06;25.0
PUNO;2022;12;9.23;186.9
PUNO;2023;01;9.45;203.2
PUNO;2023;02;9.28;204.4
PUNO;2023;03;9.28;188.7
PUNO;2023;04;9.09;29.4
PUNO;2023;05;7.98;34.7
PUNO;2023;06;7.86;0.0
PUNO;2023;07;9.02;6.4
PUNO;2023;08;8.9;9.4
PUNO;2023;09;10.33;29.6
PUNO;2023;10;11.49;59.6
PUNO;2023;11;11.27;123.2
PUNO;2023;12;11.1;152.1
LORETO;2014;01;25.43;296.3
LORETO;2014;02;25.55;182.3
LORETO;2014;03;25.45;342.5
LORETO;2014;04;25.61;282.6
LORETO;2014;05;25.3;248.3
LORETO;2014;06;24.84;251.3
LORETO;2014;07;24.29;168.2
LORETO;2014;08;24.96;156.9
LORETO;2014;09;25.9;131.0
LORETO;2014;10;25.77;201.6
LORETO;2014;11;25.78;243.4
LORETO;2014;12;25.72;322.2
LORETO;2015;01;24.7;329.8
LORETO;2015;02;25.99;218.5
LORETO;2015;03;25.42;271.1
LORETO;2015;04;25.12;408.8
LORETO;2015;05;24.99;416.5
LORETO;2015;06;24.7;250.3
LORETO;2015;07;24.79;252.4
LORETO;2015;08;25.75;184.8
LORETO;2015;09;26.88;96.9
LORETO;2015;10;26.81;139.7
LORETO;2015;11;26.55;211.0
LORETO;2015;12;25.96;261.1
LORETO;2016;01;27.47;123.7
LORETO;2016;02;26.26;317.4
LORETO;2016;03;26.27;367.2
LORETO;2016;04;25.99;260.6
LORETO;2016;05;25.55;252.7
LORETO;2016;06;24.44;227.1
LORETO;2016;07;24.72;166.5
LORETO;2016;08;25.76;322.7
LORETO;2016;09;25.75;161.7
LORETO;2016;10;26.31;194.0
LORETO;2016;11;26.68;265.9
LORETO;2016;12;25.83;309.7
LORETO;2017;01;25.57;358.4
LORETO;2017;02;26.38;187.0
LORETO;2017;03;26.26;332.6
LORETO;2017;04;26.21;315.4
LORETO;2017;05;26.27;206.0
LORETO;2017;06;25.74;171.3
LORETO;2017;07;25.45;101.1
LORETO;2017;08;26.64;109.3
LORETO;2017;09;26.77;116.2
LORETO;2017;10;26.36;214.3
LORETO;2017;11;26.54;222.3
LORETO;2017;12;26.48;132.9
LORETO;2018;01;25.81;197.1
LORETO;2018;02;26.75;113.2
LORETO;2018;03;26.3;339.3
LORETO;2018;04;25.65;291.6
LORETO;2018;05;25.48;259.6
LORETO;2018;06;24.91;122.2
LORETO;2018;07;25.62;120.9
LORETO;2018;08;25.45;114.9
LORETO;2018;09;26.78;114.8
LORETO;2018;10;26.59;209.6
LORETO;2018;11;26.59;261.2
LORETO;2018;12;25.63;255.3
LORETO;2019;01;26.0;282.6
LORETO;2019;02;26.3;274.4
LORETO;2019;03;26.54;272.5
LORETO;2019;04;26.6;204.1
LORETO;2019;05;26.35;219.8
LORETO;2019;06;25.57;250.7
LORETO;2019;07;25.15;161.3
LORETO;2019;08;25.83;93.0
LORETO;2019;09;27.12;146.4
LORETO;2019;10;26.13;181.5
LORETO;2019;11;26.32;253.7
LORETO;2019;12;26.2;348.7
LORETO;2020;01;26.84;121.5
LORETO;2020;02;27.01;162.4
LORETO;2020;03;27.05;236.0
LORETO;2020;04;26.39;321.0
LORETO;2020;05;25.62;201.8
LORETO;2020;06;25.98;156.3
LORETO;2020;07;25.58;232.6
LORETO;2020;08;25.97;91.8
LORETO;2020;09;26.6;144.3
LORETO;2020;10;27.1;100.4
LORETO;2020;11;26.5;209.0
LORETO;2020;12;25.99;260.0
LORETO;2021;01;25.7;292.7
LORETO;2021;02;26.62;224.5
LORETO;2021;03;25.58;244.6
LORETO;2021;04;25.96;374.1
LORETO;2021;05;25.53;282.4
LORETO;2021;06;25.3;147.8
LORETO;2021;07;25.01;101.6
LORETO;2021;08;26.25;102.3
LORETO;2021;09;26.79;121.8
LORETO;2021;10;26.81;233.3
LORETO;2021;11;26.37;295.9
LORETO;2021;12;26.38;374.9
LORETO;2022;01;27.13;155.1
LORETO;2022;02;25.95;258.9
LORETO;2022;03;25.61;380.9
LORETO;2022;04;25.54;418.7
LORETO;2022;05;25.01;368.2
LORETO;2022;06;24.84;155.1
LORETO;2022;07;25.18;207.5
LORETO;2022;08;25.22;212.4
LORETO;2022;09;26.75;116.1
LORETO;2022;10;26.4;247.2
LORETO;2022;11;26.03;264.9
LORETO;2022;12;26.49;205.3
LORETO;2023;01;25.78;269.1
LORETO;2023;02;25.62;336.1
LORETO;2023;03;25.89;375.2
LORETO;2023;04;25.91;290.6
LORETO;2023;05;26.03;333.6
LORETO;2023;06;25.06;168.7
LORETO;2023;07;25.88;162.5
LORETO;2023;08;26.85;127.4
LORETO;2023;09;27.72;129.0
LORETO;2023;10;28.06;141.8
LORETO;2023;11;27.07;262.4
LORETO;2023;12;26.6;278.3
PIURA;2014;01;27.07;8.9
PIURA;2014;02;27.52;10.1
PIURA;2014;03;27.55;23.7
PIURA;2014;04;26.74;7.8
PIURA;2014;05;25.67;11.5
PIURA;2014;06;24.53;0.4
PIURA;2014;07;22.47;0.0
PIURA;2014;08;22.0;0.0
PIURA;2014;09;22.07;1.1
PIURA;2014;10;22.66;7.8
PIURA;2014;11;23.24;4.9
PIURA;2014;12;24.71;12.8
PIURA;2015;01;26.13;15.3
PIURA;2015;02;27.85;28.6
PIURA;2015;03;27.14;168.1
PIURA;2015;04;26.72;17.9
PIURA;2015;05;26.57;7.9
PIURA;2015;06;25.37;0.0
PIURA;2015;07;23.77;1.7
PIURA;2015;08;22.69;0.0
PIURA;2015;09;23.65;0.0
PIURA;2015;10;24.18;3.3
PIURA;2015;11;24.09;24.1
PIURA;2015;12;26.28;12.2
PIURA;2016;01;27.63;13.3
PIURA;2016;02;28.04;66.1
PIURA;2016;03;27.82;160.5
PIURA;2016;04;27.65;11.3
PIURA;2016;05;26.03;0.2
PIURA;2016;06;23.8;1.9
PIURA;2016;07;22.8;0.0
PIURA;2016;08;22.55;0.4
PIURA;2016;09;22.95;0.3
PIURA;2016;10;22.91;0.0
PIURA;2016;11;23.38;0.0
PIURA;2016;12;25.27;27.2
PIURA;2017;01;27.01;63.1
PIURA;2017;02;26.63;198.9
PIURA;2017;03;25.88;765.8
PIURA;2017;04;25.91;85.5
PIURA;2017;05;24.8;49.2
PIURA;2017;06;23.08;2.2
PIURA;2017;07;21.57;0.1
PIURA;2017;08;21.42;6.0
PIURA;2017;09;21.59;0.3
PIURA;2017;10;21.98;14.3
PIURA;2017;11;21.5;6.7
PIURA;2017;12;24.31;5.8
PIURA;2018;01;25.98;13.5
PIURA;2018;02;27.2;21.5
PIURA;2018;03;27.19;22.2
PIURA;2018;04;26.02;38.0
PIURA;2018;05;23.95;29.0
PIURA;2018;06;21.97;2.7
PIURA;2018;07;21.74;0.0
PIURA;2018;08;21.61;0.1
PIURA;2018;09;22.15;0.4
PIURA;2018;10;22.25;5.3
PIURA;2018;11;23.45;27.7
PIURA;2018;12;24.89;15.5
PIURA;2019;01;27.25;16.0
PIURA;2019;02;26.87;132.8
PIURA;2019;03;28.14;27.2
PIURA;2019;04;27.02;11.8
PIURA;2019;05;25.52;12.0
PIURA;2019;06;23.34;1.1
PIURA;2019;07;21.89;1.2
PIURA;2019;08;21.05;0.0
PIURA;2019;09;21.81;1.3
PIURA;2019;10;22.07;2.4
PIURA;2019;11;23.4;22.1
PIURA;2019;12;25.38;22.6
PIURA;2020;01;27.1;3.6
PIURA;2020;02;28.36;8.3
PIURA;2020;03;28.87;9.3
PIURA;2020;04;27.09;15.9
PIURA;2020;05;25.25;2.5
PIURA;2020;06;22.55;2.8
PIURA;2020;07;21.31;1.2
PIURA;2020;08;20.82;0.0
PIURA;2020;09;21.43;0.6
PIURA;2020;10;22.67;3.1
PIURA;2020;11;22.04;2.3
PIURA;2020;12;24.19;29.3
PIURA;2021;01;26.17;17.1
PIURA;2021;02;27.59;2.4
PIURA;2021;03;27.12;44.6
PIURA;2021;04;26.08;12.2
PIURA;2021;05;23.56;5.8
PIURA;2021;06;22.68;11.2
PIURA;2021;07;22.08;2.3
PIURA;2021;08;21.6;0.1
PIURA;2021;09;21.53;0.3
PIURA;2021;10;21.95;15.5
PIURA;2021;11;22.17;0.4
PIURA;2021;12;23.68;16.1
PIURA;2022;01;25.57;15.6
PIURA;2022;02;26.61;17.9
PIURA;2022;03;27.21;29.9
PIURA;2022;04;24.56;16.0
PIURA;2022;05;22.64;9.8
PIURA;2022;06;20.82;2.9
PIURA;2022;07;20.75;0.1
PIURA;2022;08;20.67;8.2
PIURA;2022;09;20.71;0.6
PIURA;2022;10;20.74;0.8
PIURA;2022;11;21.91;0.7
PIURA;2022;12;24.85;7.2
PIURA;2023;01;26.33;9.3
PIURA;2023;02;28.2;55.4
PIURA;2023;03;26.47;247.0
PIURA;2023;04;25.97;403.5
PIURA;2023;05;26.23;4.2
PIURA;2023;06;25.35;0.0
PIURA;2023;07;25.01;0.5
PIURA;2023;08;24.77;1.0
PIURA;2023;09;24.49;0.0
PIURA;2023;10;24.8;3.9
PIURA;2023;11;24.25;14.6
PIURA;2023;12;25.47;48.4
ICA;2014;01;23.81;15.7
ICA;2014;02;24.47;3.7
ICA;2014;03;23.92;27.5
ICA;2014;04;22.69;2.7
ICA;2014;05;20.79;0.0
ICA;2014;06;19.32;0.0
ICA;2014;07;19.62;0.0
ICA;2014;08;20.02;0.0
ICA;2014;09;20.14;0.0
ICA;2014;10;21.33;0.9
ICA;2014;11;21.86;0.0
ICA;2014;12;22.68;0.1
ICA;2015;01;23.47;10.1
ICA;2015;02;23.77;59.6
ICA;2015;03;23.94;48.2
ICA;2015;04;23.68;3.2
ICA;2015;05;22.24;0.0
ICA;2015;06;20.77;0.0
ICA;2015;07;19.99;0.0
ICA;2015;08;20.02;0.0
ICA;2015;09;21.35;0.0
ICA;2015;10;21.88;0.2
ICA;2015;11;22.16;0.6
ICA;2015;12;23.83;2.2
ICA;2016;01;24.56;1.4
ICA;2016;02;25.63;4.3
ICA;2016;03;25.65;19.5
ICA;2016;04;23.97;1.1
ICA;2016;05;22.55;0.8
ICA;2016;06;20.41;0.0
ICA;2016;07;19.45;0.0
ICA;2016;08;20.07;0.0
ICA;2016;09;21.03;0.0
ICA;2016;10;21.18;0.0
ICA;2016;11;22.46;0.0
ICA;2016;12;23.25;6.9
ICA;2017;01;24.61;79.5
ICA;2017;02;26.34;12.8
ICA;2017;03;26.48;18.9
ICA;2017;04;24.35;0.2
ICA;2017;05;20.95;1.9
ICA;2017;06;18.08;0.0
ICA;2017;07;16.78;0.0
ICA;2017;08;16.46;0.0
ICA;2017;09;18.02;0.0
ICA;2017;10;20.04;0.0
ICA;2017;11;20.33;0.0
ICA;2017;12;22.54;0.2
ICA;2018;01;24.52;2.8
ICA;2018;02;24.31;30.9
ICA;2018;03;24.94;5.9
ICA;2018;04;24.15;1.2
ICA;2018;05;20.81;0.0
ICA;2018;06;16.68;2.1
ICA;2018;07;16.86;0.2
ICA;2018;08;16.98;0.0
ICA;2018;09;17.98;0.0
ICA;2018;10;19.72;1.5
ICA;2018;11;21.2;0.3
ICA;2018;12;23.26;0.0
ICA;2019;01;24.4;24.4
ICA;2019;02;25.77;28.6
ICA;2019;03;25.87;4.4
ICA;2019;04;23.86;1.1
ICA;2019;05;20.44;0.4
ICA;2019;06;17.31;0.1
ICA;2019;07;16.33;0.0
ICA;2019;08;16.62;0.0
ICA;2019;09;17.89;0.0
ICA;2019;10;18.94;0.4
ICA;2019;11;21.33;0.9
ICA;2019;12;23.47;1.1
ICA;2020;01;24.12;53.2
ICA;2020;02;25.43;13.7
ICA;2020;03;25.59;15.3
ICA;2020;04;23.89;0.8
ICA;2020;05;20.6;0.7
ICA;2020;06;17.56;0.0
ICA;2020;07;16.45;0.0
ICA;2020;08;16.56;0.0
ICA;2020;09;17.88;0.0
ICA;2020;10;20.07;2.5
ICA;2020;11;20.45;0.0
ICA;2020;12;22.48;10.0
ICA;2021;01;24.48;10.5
ICA;2021;02;25.57;1.3
ICA;2021;03;25.42;9.8
ICA;2021;04;23.16;2.5
ICA;2021;05;20.01;0.7
ICA;2021;06;17.45;0.0
ICA;2021;07;16.91;0.0
ICA;2021;08;16.78;0.0
ICA;2021;09;18.08;0.2
ICA;2021;10;19.19;0.3
ICA;2021;11;20.48;2.7
ICA;2021;12;22.01;10.9
ICA;2022;01;24.09;12.3
ICA;2022;02;24.51;10.9
ICA;2022;03;24.99;1.9
ICA;2022;04;21.96;0.0
ICA;2022;05;18.61;0.0
ICA;2022;06;16.08;0.2
ICA;2022;07;15.57;0.6
ICA;2022;08;15.72;0.0
ICA;2022;09;16.25;0.0
ICA;2022;10;17.86;0.0
ICA;2022;11;20.33;0.1
ICA;2022;12;23.1;1.9
ICA;2023;01;25.22;7.1
ICA;2023;02;25.68;49.8
ICA;2023;03;25.53;42.9
ICA;2023;04;24.44;13.2
ICA;2023;05;20.07;0.6
ICA;2023;06;17.82;0.0
ICA;2023;07;17.64;0.0
ICA;2023;08;18.34;0.0
ICA;2023;09;19.17;0.0
ICA;2023;10;21.71;1.0
ICA;2023;11;21.97;0.4
ICA;2023;12;23.93;0.4
JUNIN;2014;01;11.55;280.1
JUNIN;2014;02;11.58;258.8
JUNIN;2014;03;11.5;225.5
JUNIN;2014;04;11.06;117.7
JUNIN;2014;05;10.81;83.1
JUNIN;2014;06;10.84;18.3
JUNIN;2014;07;9.55;40.4
JUNIN;2014;08;9.78;41.0
JUNIN;2014;09;10.58;118.0
JUNIN;2014;10;11.08;134.4
JUNIN;2014;11;11.84;123.2
JUNIN;2014;12;11.96;207.5
JUNIN;2015;01;11.1;260.0
JUNIN;2015;02;11.58;219.6
JUNIN;2015;03;11.41;224.5
JUNIN;2015;04;11.0;159.2
JUNIN;2015;05;10.84;62.8
JUNIN;2015;06;10.35;23.7
JUNIN;2015;07;10.33;24.6
JUNIN;2015;08;10.41;49.7
JUNIN;2015;09;11.36;76.4
JUNIN;2015;10;11.66;136.9
JUNIN;2015;11;12.4;141.3
JUNIN;2015;12;11.85;223.5
JUNIN;2016;01;12.82;202.0
JUNIN;2016;02;12.81;252.3
JUNIN;2016;03;12.7;163.7
JUNIN;2016;04;12.13;111.9
JUNIN;2016;05;11.55;30.9
JUNIN;2016;06;10.13;29.9
JUNIN;2016;07;9.85;17.6
JUNIN;2016;08;10.41;51.1
JUNIN;2016;09;10.97;88.8
JUNIN;2016;10;11.16;220.3
JUNIN;2016;11;11.57;124.8
JUNIN;2016;12;11.77;200.5
JUNIN;2017;01;11.92;282.6
JUNIN;2017;02;12.05;212.9
JUNIN;2017;03;11.95;230.3
JUNIN;2017;04;11.87;114.9
JUNIN;2017;05;11.41;44.0
JUNIN;2017;06;10.24;12.9
JUNIN;2017;07;9.87;8.1
JUNIN;2017;08;11.33;19.2
JUNIN;2017;09;11.72;86.9
JUNIN;2017;10;12.0;104.0
JUNIN;2017;11;12.42;130.5
JUNIN;2017;12;12.36;150.0
JUNIN;2018;01;11.51;213.3
JUNIN;2018;02;12.28;238.9
JUNIN;2018;03;12.0;223.7
JUNIN;2018;04;11.16;95.4
JUNIN;2018;05;10.65;18.1
JUNIN;2018;06;9.43;13.0
JUNIN;2018;07;9.92;11.4
JUNIN;2018;08;10.08;36.3
JUNIN;2018;09;11.46;50.6
JUNIN;2018;10;11.91;120.8
JUNIN;2018;11;13.04;94.6
JUNIN;2018;12;12.32;89.9
JUNIN;2019;01;12.37;242.3
JUNIN;2019;02;12.24;177.5
JUNIN;2019;03;12.22;185.9
JUNIN;2019;04;11.99;72.0
JUNIN;2019;05;11.39;24.3
JUNIN;2019;06;10.36;9.8
JUNIN;2019;07;10.35;8.2
JUNIN;2019;08;10.9;4.0
JUNIN;2019;09;12.04;33.2
JUNIN;2019;10;12.34;71.2
JUNIN;2019;11;12.78;131.0
JUNIN;2019;12;12.75;179.7
JUNIN;2020;01;12.64;151.2
JUNIN;2020;02;12.84;245.3
JUNIN;2020;03;12.34;182.2
JUNIN;2020;04;11.82;38.2
JUNIN;2020;05;11.26;69.3
JUNIN;2020;06;10.73;4.3
JUNIN;2020;07;10.68;11.9
JUNIN;2020;08;11.9;5.1
JUNIN;2020;09;11.91;66.3
JUNIN;2020;10;11.75;103.2
JUNIN;2020;11;13.05;38.1
JUNIN;2020;12;12.42;196.1
JUNIN;2021;01;12.07;308.9
JUNIN;2021;02;12.45;108.0
JUNIN;2021;03;11.76;214.3
JUNIN;2021;04;11.62;99.9
JUNIN;2021;05;10.68;39.1
JUNIN;2021;06;10.73;10.7
JUNIN;2021;07;9.95;10.7
JUNIN;2021;08;11.07;19.6
JUNIN;2021;09;11.53;56.1
JUNIN;2021;10;12.5;81.0
JUNIN;2021;11;11.89;192.9
JUNIN;2021;12;12.69;145.7
JUNIN;2022;01;11.6;239.8
JUNIN;2022;02;11.61;310.4
JUNIN;2022;03;11.39;253.5
JUNIN;2022;04;11.18;78.9
JUNIN;2022;05;11.1;27.8
JUNIN;2022;06;9.61;3.7
JUNIN;2022;07;10.52;18.5
JUNIN;2022;08;10.99;17.0
JUNIN;2022;09;11.85;57.0
JUNIN;2022;10;12.45;70.5
JUNIN;2022;11;12.46;83.1
JUNIN;2022;12;11.94;218.8
JUNIN;2023;01;11.6;192.8
JUNIN;2023;02;11.65;283.4
JUNIN;2023;03;11.38;235.3
JUNIN;2023;04;11.38;77.6
JUNIN;2023;05;10.94;61.7
JUNIN;2023;06;10.0;1.9
JUNIN;2023;07;11.11;11.4
JUNIN;2023;08;11.88;9.4
JUNIN;2023;09;11.68;142.6
JUNIN;2023;10;12.83;182.4
JUNIN;2023;11;12.74;260.1
JUNIN;2023;12;12.83;220.5
CAJAMARCA;2014;01;13.67;393.4
CAJAMARCA;2014;02;13.34;451.0
CAJAMARCA;2014;03;13.31;489.9
CAJAMARCA;2014;04;14.28;282.7
CAJAMARCA;2014;05;13.79;252.4
CAJAMARCA;2014;06;14.51;23.6
CAJAMARCA;2014;07;14.76;10.6
CAJAMARCA;2014;08;14.69;22.5
CAJAMARCA;2014;09;13.81;233.4
CAJAMARCA;2014;10;13.68;252.6
CAJAMARCA;2014;11;13.49;234.9
CAJAMARCA;2014;12;13.65;429.7
CAJAMARCA;2015;01;13.8;404.3
CAJAMARCA;2015;02;13.72;405.5
CAJAMARCA;2015;03;13.75;618.7
CAJAMARCA;2015;04;14.13;312.6
CAJAMARCA;2015;05;14.07;207.0
CAJAMARCA;2015;06;14.07;18.1
CAJAMARCA;2015;07;14.58;24.5
CAJAMARCA;2015;08;15.52;13.0
CAJAMARCA;2015;09;15.28;131.0
CAJAMARCA;2015;10;14.37;240.9
CAJAMARCA;2015;11;14.06;332.2
CAJAMARCA;2015;12;15.02;217.5
CAJAMARCA;2016;01;14.69;310.2
CAJAMARCA;2016;02;15.15;468.7
CAJAMARCA;2016;03;15.19;424.8
CAJAMARCA;2016;04;14.84;307.9
CAJAMARCA;2016;05;14.84;61.6
CAJAMARCA;2016;06;13.85;65.2
CAJAMARCA;2016;07;14.6;9.4
CAJAMARCA;2016;08;15.25;34.5
CAJAMARCA;2016;09;14.02;192.2
CAJAMARCA;2016;10;13.78;270.6
CAJAMARCA;2016;11;13.8;87.7
CAJAMARCA;2016;12;13.34;441.1
CAJAMARCA;2017;01;13.06;266.2
CAJAMARCA;2017;02;13.14;162.8
CAJAMARCA;2017;03;13.15;278.6
CAJAMARCA;2017;04;13.72;153.2
CAJAMARCA;2017;05;13.51;77.1
CAJAMARCA;2017;06;13.49;33.9
CAJAMARCA;2017;07;14.21;3.4
CAJAMARCA;2017;08;14.27;47.8
CAJAMARCA;2017;09;14.25;43.2
CAJAMARCA;2017;10;14.01;69.2
CAJAMARCA;2017;11;14.43;54.9
CAJAMARCA;2017;12;13.42;107.5
CAJAMARCA;2018;01;13.02;130.2
CAJAMARCA;2018;02;13.16;155.4
CAJAMARCA;2018;03;13.52;201.5
CAJAMARCA;2018;04;13.02;112.7
CAJAMARCA;2018;05;13.22;76.3
CAJAMARCA;2018;06;13.26;9.2
CAJAMARCA;2018;07;14.29;3.6
CAJAMARCA;2018;08;14.56;9.7
CAJAMARCA;2018;09;14.25;33.9
CAJAMARCA;2018;10;13.85;54.8
CAJAMARCA;2018;11;13.75;59.8
CAJAMARCA;2018;12;13.76;87.4
CAJAMARCA;2019;01;13.57;185.6
CAJAMARCA;2019;02;13.84;289.4
CAJAMARCA;2019;03;13.86;194.6
CAJAMARCA;2019;04;13.71;110.2
CAJAMARCA;2019;05;13.53;36.3
CAJAMARCA;2019;06;13.94;15.0
CAJAMARCA;2019;07;13.84;23.9
CAJAMARCA;2019;08;15.0;2.4
CAJAMARCA;2019;09;14.76;57.0
CAJAMARCA;2019;10;13.47;121.4
CAJAMARCA;2019;11;13.69;80.8
CAJAMARCA;2019;12;13.79;148.2
CAJAMARCA;2020;01;13.97;72.8
CAJAMARCA;2020;02;14.36;115.5
CAJAMARCA;2020;03;13.88;148.7
CAJAMARCA;2020;04;13.96;89.4
CAJAMARCA;2020;05;14.22;35.9
CAJAMARCA;2020;06;14.3;6.2
CAJAMARCA;2020;07;13.88;9.7
CAJAMARCA;2020;08;14.73;4.6
CAJAMARCA;2020;09;14.69;32.4
CAJAMARCA;2020;10;14.25;35.9
CAJAMARCA;2020;11;14.47;48.3
CAJAMARCA;2020;12;13.22;132.4
CAJAMARCA;2021;01;13.11;176.1
CAJAMARCA;2021;02;13.41;99.5
CAJAMARCA;2021;03;12.85;159.5
CAJAMARCA;2021;04;13.75;105.4
CAJAMARCA;2021;05;13.43;63.9
CAJAMARCA;2021;06;13.15;15.5
CAJAMARCA;2021;07;13.98;6.4
CAJAMARCA;2021;08;14.31;13.3
CAJAMARCA;2021;09;14.03;30.0
CAJAMARCA;2021;10;13.73;171.2
CAJAMARCA;2021;11;13.18;61.8
CAJAMARCA;2021;12;13.33;106.8
CAJAMARCA;2022;01;13.04;118.8
CAJAMARCA;2022;02;12.71;172.5
CAJAMARCA;2022;03;12.64;209.4
CAJAMARCA;2022;04;13.12;174.4
CAJAMARCA;2022;05;12.93;98.2
CAJAMARCA;2022;06;12.28;22.9
CAJAMARCA;2022;07;13.6;13.3
CAJAMARCA;2022;08;13.9;9.3
CAJAMARCA;2022;09;14.02;75.2
CAJAMARCA;2022;10;13.68;63.3
CAJAMARCA;2022;11;14.26;24.9
CAJAMARCA;2022;12;13.17;143.6
CAJAMARCA;2023;01;12.7;143.3
CAJAMARCA;2023;02;13.37;211.0
CAJAMARCA;2023;03;12.81;188.6
CAJAMARCA;2023;04;13.1;179.2
CAJAMARCA;2023;05;13.81;74.5
CAJAMARCA;2023;06;13.57;13.9
CAJAMARCA;2023;07;14.19;6.1
CAJAMARCA;2023;08;14.48;11.1
CAJAMARCA;2023;09;15.16;23.6
CAJAMARCA;2023;10;14.07;108.6
CAJAMARCA;2023;11;14.06;104.4
CAJAMARCA;2023;12;14.35;175.4
LA LIBERTAD;2014;01;23.09;16.7
LA LIBERTAD;2014;02;23.04;22.5
LA LIBERTAD;2014;03;23.04;43.0
LA LIBERTAD;2014;04;21.8;13.8
LA LIBERTAD;2014;05;22.3;2.1
LA LIBERTAD;2014;06;21.39;1.1
LA LIBERTAD;2014;07;19.64;0.2
LA LIBERTAD;2014;08;19.15;1.1
LA LIBERTAD;2014;09;19.15;1.6
LA LIBERTAD;2014;10;19.57;6.1
LA LIBERTAD;2014;11;20.21;3.3
LA LIBERTAD;2014;12;21.21;8.9
LA LIBERTAD;2015;01;22.44;19.2
LA LIBERTAD;2015;02;23.74;48.5
LA LIBERTAD;2015;03;23.84;61.2
LA LIBERTAD;2015;04;22.82;22.1
LA LIBERTAD;2015;05;22.85;2.2
LA LIBERTAD;2015;06;22.22;1.6
LA LIBERTAD;2015;07;20.64;0.6
LA LIBERTAD;2015;08;19.9;0.4
LA LIBERTAD;2015;09;20.36;1.3
LA LIBERTAD;2015;10;20.86;2.5
LA LIBERTAD;2015;11;21.19;4.9
LA LIBERTAD;2015;12;22.82;11.4
LA LIBERTAD;2016;01;23.83;19.4
LA LIBERTAD;2016;02;24.6;67.8
LA LIBERTAD;2016;03;24.4;80.2
LA LIBERTAD;2016;04;22.83;23.5
LA LIBERTAD;2016;05;21.43;0.7
LA LIBERTAD;2016;06;20.09;0.6
LA LIBERTAD;2016;07;19.41;0.7
LA LIBERTAD;2016;08;19.46;1.3
LA LIBERTAD;2016;09;19.52;3.0
LA LIBERTAD;2016;10;19.81;1.2
LA LIBERTAD;2016;11;20.23;1.5
LA LIBERTAD;2016;12;21.58;2.5
LA LIBERTAD;2017;01;22.56;39.1
LA LIBERTAD;2017;02;25.17;37.2
LA LIBERTAD;2017;03;25.56;110.7
LA LIBERTAD;2017;04;22.46;26.8
LA LIBERTAD;2017;05;21.11;7.2
LA LIBERTAD;2017;06;19.35;0.0
LA LIBERTAD;2017;07;18.5;0.0
LA LIBERTAD;2017;08;17.75;0.2
LA LIBERTAD;2017;09;17.35;0.7
LA LIBERTAD;2017;10;17.19;2.5
LA LIBERTAD;2017;11;17.98;0.1
LA LIBERTAD;2017;12;19.85;12.1
LA LIBERTAD;2018;01;21.4;23.0
LA LIBERTAD;2018;02;22.01;19.6
LA LIBERTAD;2018;03;21.39;18.4
LA LIBERTAD;2018;04;20.62;28.2
LA LIBERTAD;2018;05;18.85;5.1
LA LIBERTAD;2018;06;18.12;3.6
LA LIBERTAD;2018;07;17.95;0.5
LA LIBERTAD;2018;08;17.39;0.4
LA LIBERTAD;2018;09;17.82;1.9
LA LIBERTAD;2018;10;18.32;1.3
LA LIBERTAD;2018;11;19.54;6.5
LA LIBERTAD;2018;12;21.25;17.6
LA LIBERTAD;2019;01;22.98;13.4
LA LIBERTAD;2019;02;24.48;19.8
LA LIBERTAD;2019;03;23.34;6.5
LA LIBERTAD;2019;04;21.63;1.4
LA LIBERTAD;2019;05;20.54;2.2
LA LIBERTAD;2019;06;18.46;0.1
LA LIBERTAD;2019;07;17.66;0.0
LA LIBERTAD;2019;08;16.68;0.1
LA LIBERTAD;2019;09;17.12;6.2
LA LIBERTAD;2019;10;17.4;9.2
LA LIBERTAD;2019;11;19.01;0.3
LA LIBERTAD;2019;12;21.02;24.5
LA LIBERTAD;2020;01;22.66;1.6
LA LIBERTAD;2020;02;23.3;2.2
LA LIBERTAD;2020;03;23.9;1.9
LA LIBERTAD;2020;04;21.48;4.6
LA LIBERTAD;2020;05;20.36;2.9
LA LIBERTAD;2020;06;18.38;0.7
LA LIBERTAD;2020;07;17.22;0.4
LA LIBERTAD;2020;08;16.81;0.0
LA LIBERTAD;2020;09;16.88;0.4
LA LIBERTAD;2020;10;17.7;3.2
LA LIBERTAD;2020;11;17.86;0.3
LA LIBERTAD;2020;12;19.58;24.9
LA LIBERTAD;2021;01;21.21;17.9
LA LIBERTAD;2021;02;22.23;1.9
LA LIBERTAD;2021;03;22.53;25.5
LA LIBERTAD;2021;04;19.99;17.7
LA LIBERTAD;2021;05;18.78;9.4
LA LIBERTAD;2021;06;18.83;1.0
LA LIBERTAD;2021;07;18.16;0.0
LA LIBERTAD;2021;08;17.52;1.1
LA LIBERTAD;2021;09;17.05;0.5
LA LIBERTAD;2021;10;16.9;25.3
LA LIBERTAD;2021;11;17.98;1.8
LA LIBERTAD;2021;12;19.38;7.2
LA LIBERTAD;2022;01;20.7;12.3
LA LIBERTAD;2022;02;21.29;24.3
LA LIBERTAD;2022;03;21.72;39.0
LA LIBERTAD;2022;04;19.68;21.5
LA LIBERTAD;2022;05;17.84;1.8
LA LIBERTAD;2022;06;16.87;0.3
LA LIBERTAD;2022;07;16.64;0.0
LA LIBERTAD;2022;08;16.59;0.0
LA LIBERTAD;2022;09;16.52;0.1
LA LIBERTAD;2022;10;16.24;3.0
LA LIBERTAD;2022;11;17.78;0.9
LA LIBERTAD;2022;12;20.18;2.3
LA LIBERTAD;2023;01;20.32;65.7
LA LIBERTAD;2023;02;22.91;22.0
LA LIBERTAD;2023;03;24.13;69.2
LA LIBERTAD;2023;04;25.38;19.6
LA LIBERTAD;2023;05;23.14;0.7
LA LIBERTAD;2023;06;21.86;0.9
LA LIBERTAD;2023;07;21.58;0.0
LA LIBERTAD;2023;08;21.05;0.2
LA LIBERTAD;2023;09;20.54;0.9
LA LIBERTAD;2023;10;20.19;21.4
LA LIBERTAD;2023;11;20.27;4.5
LA LIBERTAD;2023;12;21.4;27.8
LAMBAYEQUE;2014;01;24.77;1.8
LAMBAYEQUE;2014;02;25.06;7.3
LAMBAYEQUE;2014;03;25.12;30.1
LAMBAYEQUE;2014;04;23.37;3.3
LAMBAYEQUE;2014;05;23.15;3.7
LAMBAYEQUE;2014;06;22.04;0.0
LAMBAYEQUE;2014;07;19.8;0.0
LAMBAYEQUE;2014;08;19.39;0.0
LAMBAYEQUE;2014;09;19.14;3.5
LAMBAYEQUE;2014;10;19.7;2.7
LAMBAYEQUE;2014;11;20.64;0.7
LAMBAYEQUE;2014;12;21.8;9.5
LAMBAYEQUE;2015;01;23.54;17.1
LAMBAYEQUE;2015;02;25.4;33.4
LAMBAYEQUE;2015;03;25.93;27.5
LAMBAYEQUE;2015;04;24.84;9.5
LAMBAYEQUE;2015;05;23.71;4.1
LAMBAYEQUE;2015;06;22.73;0.0
LAMBAYEQUE;2015;07;21.06;0.3
LAMBAYEQUE;2015;08;20.1;0.1
LAMBAYEQUE;2015;09;20.71;0.0
LAMBAYEQUE;2015;10;21.16;2.5
LAMBAYEQUE;2015;11;21.64;5.2
LAMBAYEQUE;2015;12;23.51;2.3
LAMBAYEQUE;2016;01;25.17;12.6
LAMBAYEQUE;2016;02;26.46;23.2
LAMBAYEQUE;2016;03;26.58;35.7
LAMBAYEQUE;2016;04;24.7;7.8
LAMBAYEQUE;2016;05;22.42;0.0
LAMBAYEQUE;2016;06;20.77;0.0
LAMBAYEQUE;2016;07;19.87;0.0
LAMBAYEQUE;2016;08;19.78;0.1
LAMBAYEQUE;2016;09;19.83;0.0
LAMBAYEQUE;2016;10;20.1;0.0
LAMBAYEQUE;2016;11;20.73;0.9
LAMBAYEQUE;2016;12;22.61;6.8
LAMBAYEQUE;2017;01;24.66;42.8
LAMBAYEQUE;2017;02;26.29;153.1
LAMBAYEQUE;2017;03;26.09;287.1
LAMBAYEQUE;2017;04;24.05;40.3
LAMBAYEQUE;2017;05;22.47;28.0
LAMBAYEQUE;2017;06;20.72;0.9
LAMBAYEQUE;2017;07;19.66;0.0
LAMBAYEQUE;2017;08;19.11;0.0
LAMBAYEQUE;2017;09;18.91;0.2
LAMBAYEQUE;2017;10;18.82;5.2
LAMBAYEQUE;2017;11;19.22;1.3
LAMBAYEQUE;2017;12;21.38;2.9
LAMBAYEQUE;2018;01;23.4;11.4
LAMBAYEQUE;2018;02;24.44;18.3
LAMBAYEQUE;2018;03;23.73;15.0
LAMBAYEQUE;2018;04;23.03;12.8
LAMBAYEQUE;2018;05;20.77;19.7
LAMBAYEQUE;2018;06;19.55;0.7
LAMBAYEQUE;2018;07;19.34;6.1
LAMBAYEQUE;2018;08;19.13;0.0
LAMBAYEQUE;2018;09;19.36;0.0
LAMBAYEQUE;2018;10;19.91;2.0
LAMBAYEQUE;2018;11;21.14;7.5
LAMBAYEQUE;2018;12;22.87;15.5
LAMBAYEQUE;2019;01;24.98;5.7
LAMBAYEQUE;2019;02;26.27;54.1
LAMBAYEQUE;2019;03;25.62;18.8
LAMBAYEQUE;2019;04;23.63;14.7
LAMBAYEQUE;2019;05;22.29;9.5
LAMBAYEQUE;2019;06;20.13;0.0
LAMBAYEQUE;2019;07;19.06;2.3
LAMBAYEQUE;2019;08;18.1;0.0
LAMBAYEQUE;2019;09;18.59;1.1
LAMBAYEQUE;2019;10;18.82;10.5
LAMBAYEQUE;2019;11;20.56;12.5
LAMBAYEQUE;2019;12;22.65;46.4
LAMBAYEQUE;2020;01;24.37;1.4
LAMBAYEQUE;2020;02;25.48;14.1
LAMBAYEQUE;2020;03;25.97;2.4
LAMBAYEQUE;2020;04;23.69;21.0
LAMBAYEQUE;2020;05;22.17;3.5
LAMBAYEQUE;2020;06;19.79;0.1
LAMBAYEQUE;2020;07;18.53;0.0
LAMBAYEQUE;2020;08;18.1;0.0
LAMBAYEQUE;2020;09;18.15;2.8
LAMBAYEQUE;2020;10;19.26;5.4
LAMBAYEQUE;2020;11;19.28;1.5
LAMBAYEQUE;2020;12;21.31;16.0
LAMBAYEQUE;2021;01;23.11;15.2
LAMBAYEQUE;2021;02;24.54;2.8
LAMBAYEQUE;2021;03;24.72;19.8
LAMBAYEQUE;2021;04;22.01;3.5
LAMBAYEQUE;2021;05;20.43;2.4
LAMBAYEQUE;2021;06;20.02;2.5
LAMBAYEQUE;2021;07;19.52;0.9
LAMBAYEQUE;2021;08;18.9;0.2
LAMBAYEQUE;2021;09;18.38;1.7
LAMBAYEQUE;2021;10;18.61;10.1
LAMBAYEQUE;2021;11;19.39;0.6
LAMBAYEQUE;2021;12;20.85;13.1
LAMBAYEQUE;2022;01;22.66;18.3
LAMBAYEQUE;2022;02;23.54;23.8
LAMBAYEQUE;2022;03;24.02;40.3
LAMBAYEQUE;2022;04;21.5;14.3
LAMBAYEQUE;2022;05;19.29;2.1
LAMBAYEQUE;2022;06;18.39;0.0
LAMBAYEQUE;2022;07;17.99;0.8
LAMBAYEQUE;2022;08;18.02;2.7
LAMBAYEQUE;2022;09;17.84;1.2
LAMBAYEQUE;2022;10;17.74;0.2
LAMBAYEQUE;2022;11;19.24;1.6
LAMBAYEQUE;2022;12;21.99;5.2
LAMBAYEQUE;2023;01;22.78;22.3
LAMBAYEQUE;2023;02;25.33;14.4
LAMBAYEQUE;2023;03;25.62;298.6
LAMBAYEQUE;2023;04;25.86;106.9
LAMBAYEQUE;2023;05;24.56;3.6
LAMBAYEQUE;2023;06;23.24;0.0
LAMBAYEQUE;2023;07;22.66;0.0
LAMBAYEQUE;2023;08;22.27;0.0
LAMBAYEQUE;2023;09;21.59;0.0
LAMBAYEQUE;2023;10;21.42;8.3
LAMBAYEQUE;2023;11;21.52;4.0
LAMBAYEQUE;2023;12;22.63;19.7
AYACUCHO;2014;01;14.18;211.6
AYACUCHO;2014;02;14.28;165.6
AYACUCHO;2014;03;14.06;153.2
AYACUCHO;2014;04;13.97;48.1
AYACUCHO;2014;05;13.18;61.6
AYACUCHO;2014;06;13.1;4.8
AYACUCHO;2014;07;12.12;27.1
AYACUCHO;2014;08;12.42;14.3
AYACUCHO;2014;09;13.9;57.3
AYACUCHO;2014;10;14.57;68.6
AYACUCHO;2014;11;15.27;84.8
AYACUCHO;2014;12;14.88;131.5
AYACUCHO;2015;01;13.84;201.9
AYACUCHO;2015;02;14.3;163.2
AYACUCHO;2015;03;13.99;156.3
AYACUCHO;2015;04;13.49;98.1
AYACUCHO;2015;05;13.12;31.7
AYACUCHO;2015;06;12.4;2.2
AYACUCHO;2015;07;12.0;18.1
AYACUCHO;2015;08;12.67;46.0
AYACUCHO;2015;09;14.05;48.4
AYACUCHO;2015;10;14.8;72.7
AYACUCHO;2015;11;15.37;119.7
AYACUCHO;2015;12;14.7;160.6
AYACUCHO;2016;01;15.57;109.1
AYACUCHO;2016;02;15.14;187.2
AYACUCHO;2016;03;15.27;116.7
AYACUCHO;2016;04;14.79;50.3
AYACUCHO;2016;05;14.04;20.7
AYACUCHO;2016;06;12.56;10.2
AYACUCHO;2016;07;12.28;10.8
AYACUCHO;2016;08;13.3;18.5
AYACUCHO;2016;09;14.12;45.3
AYACUCHO;2016;10;14.53;125.7
AYACUCHO;2016;11;15.42;60.4
AYACUCHO;2016;12;15.15;110.9
AYACUCHO;2017;01;15.31;171.0
AYACUCHO;2017;02;15.38;94.8
AYACUCHO;2017;03;15.44;101.0
AYACUCHO;2017;04;15.76;39.0
AYACUCHO;2017;05;15.67;10.5
AYACUCHO;2017;06;15.59;1.0
AYACUCHO;2017;07;15.04;0.4
AYACUCHO;2017;08;16.13;5.2
AYACUCHO;2017;09;16.33;26.1
AYACUCHO;2017;10;16.97;52.6
AYACUCHO;2017;11;17.39;40.9
AYACUCHO;2017;12;16.87;54.3
AYACUCHO;2018;01;15.14;69.0
AYACUCHO;2018;02;15.86;66.1
AYACUCHO;2018;03;15.4;77.2
AYACUCHO;2018;04;15.59;17.5
AYACUCHO;2018;05;15.57;5.9
AYACUCHO;2018;06;14.3;14.5
AYACUCHO;2018;07;14.42;18.6
AYACUCHO;2018;08;14.57;15.9
AYACUCHO;2018;09;16.94;7.4
AYACUCHO;2018;10;16.3;52.3
AYACUCHO;2018;11;17.52;45.9
AYACUCHO;2018;12;17.3;31.4
AYACUCHO;2019;01;16.65;102.2
AYACUCHO;2019;02;15.61;82.4
AYACUCHO;2019;03;15.68;70.4
AYACUCHO;2019;04;16.47;26.7
AYACUCHO;2019;05;16.3;14.5
AYACUCHO;2019;06;16.02;3.1
AYACUCHO;2019;07;15.53;1.9
AYACUCHO;2019;08;16.03;0.1
AYACUCHO;2019;09;17.09;8.0
AYACUCHO;2019;10;17.47;18.2
AYACUCHO;2019;11;17.32;58.0
AYACUCHO;2019;12;16.47;100.5
AYACUCHO;2020;01;16.64;92.1
AYACUCHO;2020;02;16.71;65.9
AYACUCHO;2020;03;16.05;132.7
AYACUCHO;2020;04;16.32;23.2
AYACUCHO;2020;05;16.05;21.4
AYACUCHO;2020;06;16.26;0.7
AYACUCHO;2020;07;16.19;0.6
AYACUCHO;2020;08;16.86;1.0
AYACUCHO;2020;09;16.98;18.5
AYACUCHO;2020;10;16.73;43.3
AYACUCHO;2020;11;18.82;20.8
AYACUCHO;2020;12;16.42;81.3
AYACUCHO;2021;01;15.35;140.9
AYACUCHO;2021;02;16.48;34.8
AYACUCHO;2021;03;15.52;110.0
AYACUCHO;2021;04;15.59;52.4
AYACUCHO;2021;05;15.69;10.6
AYACUCHO;2021;06;15.48;0.6
AYACUCHO;2021;07;15.42;0.2
AYACUCHO;2021;08;16.12;5.3
AYACUCHO;2021;09;17.23;6.9
AYACUCHO;2021;10;17.57;32.2
AYACUCHO;2021;11;16.53;102.4
AYACUCHO;2021;12;16.56;70.3
AYACUCHO;2022;01;15.64;154.3
AYACUCHO;2022;02;14.58;158.2
AYACUCHO;2022;03;14.85;122.6
AYACUCHO;2022;04;15.63;47.7
AYACUCHO;2022;05;15.69;2.3
AYACUCHO;2022;06;14.76;1.3
AYACUCHO;2022;07;15.97;2.4
AYACUCHO;2022;08;15.7;9.7
AYACUCHO;2022;09;16.85;10.2
AYACUCHO;2022;10;17.63;22.9
AYACUCHO;2022;11;17.67;34.6
AYACUCHO;2022;12;16.05;108.7
AYACUCHO;2023;01;15.38;121.7
AYACUCHO;2023;02;14.91;151.6
AYACUCHO;2023;03;14.89;151.0
AYACUCHO;2023;04;15.66;28.2
AYACUCHO;2023;05;15.41;45.9
AYACUCHO;2023;06;15.58;0.0
AYACUCHO;2023;07;16.37;0.0
AYACUCHO;2023;08;17.36;0.8
AYACUCHO;2023;09;17.21;28.2
AYACUCHO;2023;10;18.2;55.5
AYACUCHO;2023;11;17.82;80.2
AYACUCHO;2023;12;17.36;78.4
HUANUCO;2014;01;18.58;186.6
HUANUCO;2014;02;18.74;240.1
HUANUCO;2014;03;18.84;177.6
HUANUCO;2014;04;18.67;42.0
HUANUCO;2014;05;18.3;65.4
HUANUCO;2014;06;18.44;6.4
HUANUCO;2014;07;17.38;25.6
HUANUCO;2014;08;17.45;26.0
HUANUCO;2014;09;18.43;39.8
HUANUCO;2014;10;19.03;56.4
HUANUCO;2014;11;19.26;109.1
HUANUCO;2014;12;19.03;148.0
HUANUCO;2015;01;18.61;222.0
HUANUCO;2015;02;18.77;145.3
HUANUCO;2015;03;18.92;117.2
HUANUCO;2015;04;18.56;115.2
HUANUCO;2015;05;18.1;99.2
HUANUCO;2015;06;17.89;13.6
HUANUCO;2015;07;17.72;34.2
HUANUCO;2015;08;18.42;8.0
HUANUCO;2015;09;18.98;35.5
HUANUCO;2015;10;19.2;68.0
HUANUCO;2015;11;19.62;63.7
HUANUCO;2015;12;19.34;119.1
HUANUCO;2016;01;20.09;85.2
HUANUCO;2016;02;19.57;169.8
HUANUCO;2016;03;19.63;135.6
HUANUCO;2016;04;19.31;63.9
HUANUCO;2016;05;18.78;24.3
HUANUCO;2016;06;17.73;31.6
HUANUCO;2016;07;17.75;9.6
HUANUCO;2016;08;18.14;29.4
HUANUCO;2016;09;18.52;31.2
HUANUCO;2016;10;18.87;150.9
HUANUCO;2016;11;19.16;57.0
HUANUCO;2016;12;19.09;152.8
HUANUCO;2017;01;19.01;121.7
HUANUCO;2017;02;19.19;107.0
HUANUCO;2017;03;19.17;99.9
HUANUCO;2017;04;19.4;35.0
HUANUCO;2017;05;19.3;52.6
HUANUCO;2017;06;18.64;10.3
HUANUCO;2017;07;17.65;14.4
HUANUCO;2017;08;18.76;23.1
HUANUCO;2017;09;19.32;23.0
HUANUCO;2017;10;19.76;47.8
HUANUCO;2017;11;19.98;39.4
HUANUCO;2017;12;19.48;106.0
HUANUCO;2018;01;18.89;92.1
HUANUCO;2018;02;19.24;102.4
HUANUCO;2018;03;19.26;111.4
HUANUCO;2018;04;18.95;60.3
HUANUCO;2018;05;18.92;13.1
HUANUCO;2018;06;17.74;27.4
HUANUCO;2018;07;17.74;19.6
HUANUCO;2018;08;18.06;18.4
HUANUCO;2018;09;19.27;14.0
HUANUCO;2018;10;19.33;69.7
HUANUCO;2018;11;19.81;77.8
HUANUCO;2018;12;19.53;47.0
HUANUCO;2019;01;19.22;107.3
HUANUCO;2019;02;19.32;71.2
HUANUCO;2019;03;19.29;51.7
HUANUCO;2019;04;19.62;44.0
HUANUCO;2019;05;19.31;35.2
HUANUCO;2019;06;18.94;26.3
HUANUCO;2019;07;18.5;18.3
HUANUCO;2019;08;18.75;8.6
HUANUCO;2019;09;19.9;22.2
HUANUCO;2019;10;19.48;58.3
HUANUCO;2019;11;20.18;32.8
HUANUCO;2019;12;19.46;113.7
HUANUCO;2020;01;19.78;89.9
HUANUCO;2020;02;19.75;96.7
HUANUCO;2020;03;19.37;115.4
HUANUCO;2020;04;19.31;35.9
HUANUCO;2020;05;18.98;41.0
HUANUCO;2020;06;18.69;38.8
HUANUCO;2020;07;18.56;27.1
HUANUCO;2020;08;18.94;22.9
HUANUCO;2020;09;19.41;15.6
HUANUCO;2020;10;19.86;24.1
HUANUCO;2020;11;20.23;31.4
HUANUCO;2020;12;19.46;63.0
HUANUCO;2021;01;18.7;133.1
HUANUCO;2021;02;19.49;34.9
HUANUCO;2021;03;19.05;64.4
HUANUCO;2021;04;19.11;40.2
HUANUCO;2021;05;18.9;24.0
HUANUCO;2021;06;18.46;21.6
HUANUCO;2021;07;18.24;18.0
HUANUCO;2021;08;18.78;17.7
HUANUCO;2021;09;19.44;25.0
HUANUCO;2021;10;20.01;64.1
HUANUCO;2021;11;19.29;168.5
HUANUCO;2021;12;19.5;119.4
HUANUCO;2022;01;19.11;126.1
HUANUCO;2022;02;18.68;114.5
HUANUCO;2022;03;18.75;133.3
HUANUCO;2022;04;18.93;30.3
HUANUCO;2022;05;18.42;40.6
HUANUCO;2022;06;17.56;31.8
HUANUCO;2022;07;18.47;20.9
HUANUCO;2022;08;17.87;63.2
HUANUCO;2022;09;19.26;45.7
HUANUCO;2022;10;19.72;71.2
HUANUCO;2022;11;19.8;28.7
HUANUCO;2022;12;19.2;109.6
HUANUCO;2023;01;18.77;118.9
HUANUCO;2023;02;18.91;131.2
HUANUCO;2023;03;18.87;119.1
HUANUCO;2023;04;19.01;72.9
HUANUCO;2023;05;19.03;82.2
HUANUCO;2023;06;17.92;13.9
HUANUCO;2023;07;18.9;4.4
HUANUCO;2023;08;19.37;15.8
HUANUCO;2023;09;19.94;20.4
HUANUCO;2023;10;20.55;39.9
HUANUCO;2023;11;20.28;53.0
HUANUCO;2023;12;20.12;61.6
UCAYALI;2014;01;25.36;388.1
UCAYALI;2014;02;25.48;293.4
UCAYALI;2014;03;25.3;351.2
UCAYALI;2014;04;25.58;277.0
UCAYALI;2014;05;24.96;192.2
UCAYALI;2014;06;24.97;82.1
UCAYALI;2014;07;24.25;117.8
UCAYALI;2014;08;25.25;101.9
UCAYALI;2014;09;26.44;98.6
UCAYALI;2014;10;26.18;203.2
UCAYALI;2014;11;25.77;441.4
UCAYALI;2014;12;25.63;323.9
UCAYALI;2015;01;25.1;383.4
UCAYALI;2015;02;25.65;402.8
UCAYALI;2015;03;25.75;401.6
UCAYALI;2015;04;25.15;335.9
UCAYALI;2015;05;24.94;207.8
UCAYALI;2015;06;25.01;74.7
UCAYALI;2015;07;24.96;88.7
UCAYALI;2015;08;26.8;63.8
UCAYALI;2015;09;27.78;69.4
UCAYALI;2015;10;27.48;161.0
UCAYALI;2015;11;26.72;290.6
UCAYALI;2015;12;26.5;234.5
UCAYALI;2016;01;27.31;234.8
UCAYALI;2016;02;26.42;316.4
UCAYALI;2016;03;26.44;298.3
UCAYALI;2016;04;26.13;250.2
UCAYALI;2016;05;25.4;184.8
UCAYALI;2016;06;24.78;91.2
UCAYALI;2016;07;25.77;43.7
UCAYALI;2016;08;26.85;81.6
UCAYALI;2016;09;26.37;139.1
UCAYALI;2016;10;26.16;241.8
UCAYALI;2016;11;26.19;240.6
UCAYALI;2016;12;26.37;284.6
UCAYALI;2017;01;25.15;436.8
UCAYALI;2017;02;25.95;288.2
UCAYALI;2017;03;25.93;206.6
UCAYALI;2017;04;25.89;169.7
UCAYALI;2017;05;25.86;139.5
UCAYALI;2017;06;25.02;83.1
UCAYALI;2017;07;24.98;45.6
UCAYALI;2017;08;26.24;139.2
UCAYALI;2017;09;26.31;79.9
UCAYALI;2017;10;26.19;162.4
UCAYALI;2017;11;26.16;127.0
UCAYALI;2017;12;26.32;152.1
UCAYALI;2018;01;25.84;122.8
UCAYALI;2018;02;26.26;176.1
UCAYALI;2018;03;25.73;128.2
UCAYALI;2018;04;25.44;170.6
UCAYALI;2018;05;25.1;92.4
UCAYALI;2018;06;24.36;78.0
UCAYALI;2018;07;24.86;62.3
UCAYALI;2018;08;24.79;127.6
UCAYALI;2018;09;26.56;109.3
UCAYALI;2018;10;26.12;226.9
UCAYALI;2018;11;26.25;200.2
UCAYALI;2018;12;25.91;104.3
UCAYALI;2019;01;25.57;310.3
UCAYALI;2019;02;25.89;301.7
UCAYALI;2019;03;25.89;244.5
UCAYALI;2019;04;26.13;153.5
UCAYALI;2019;05;26.03;137.5
UCAYALI;2019;06;25.75;64.5
UCAYALI;2019;07;24.99;91.1
UCAYALI;2019;08;25.75;26.4
UCAYALI;2019;09;27.13;59.1
UCAYALI;2019;10;25.92;204.2
UCAYALI;2019;11;26.18;187.0
UCAYALI;2019;12;25.99;270.9
UCAYALI;2020;01;26.81;182.9
UCAYALI;2020;02;26.68;302.2
UCAYALI;2020;03;26.48;338.5
UCAYALI;2020;04;25.92;194.2
UCAYALI;2020;05;25.01;229.8
UCAYALI;2020;06;25.61;174.1
UCAYALI;2020;07;25.22;109.7
UCAYALI;2020;08;26.02;38.4
UCAYALI;2020;09;26.82;135.7
UCAYALI;2020;10;27.29;104.5
UCAYALI;2020;11;27.07;132.0
UCAYALI;2020;12;25.77;432.5
UCAYALI;2021;01;25.79;261.9
UCAYALI;2021;02;25.84;282.1
UCAYALI;2021;03;25.58;257.5
UCAYALI;2021;04;25.55;193.6
UCAYALI;2021;05;25.54;96.7
UCAYALI;2021;06;24.87;77.3
UCAYALI;2021;07;24.96;34.5
UCAYALI;2021;08;26.9;42.9
UCAYALI;2021;09;26.91;87.8
UCAYALI;2021;10;27.23;102.1
UCAYALI;2021;11;25.99;252.9
UCAYALI;2021;12;26.51;222.7
UCAYALI;2022;01;26.45;230.1
UCAYALI;2022;02;25.29;325.1
UCAYALI;2022;03;25.47;283.8
UCAYALI;2022;04;25.33;298.0
UCAYALI;2022;05;24.99;151.8
UCAYALI;2022;06;24.54;60.5
UCAYALI;2022;07;25.96;79.0
UCAYALI;2022;08;25.09;90.4
UCAYALI;2022;09;26.49;126.4
UCAYALI;2022;10;26.52;181.7
UCAYALI;2022;11;26.2;132.7
UCAYALI;2022;12;26.11;257.4
UCAYALI;2023;01;25.52;327.6
UCAYALI;2023;02;25.46;256.3
UCAYALI;2023;03;25.36;367.3
UCAYALI;2023;04;25.72;248.2
UCAYALI;2023;05;25.9;116.6
UCAYALI;2023;06;25.18;47.4
UCAYALI;2023;07;27.14;32.7
UCAYALI;2023;08;28.21;8.3
UCAYALI;2023;09;28.18;31.6
UCAYALI;2023;10;28.35;98.7
UCAYALI;2023;11;26.92;307.4
UCAYALI;2023;12;26.25;284.7
SAN MARTIN;2014;01;24.53;216.1
SAN MARTIN;2014;02;24.23;244.1
SAN MARTIN;2014;03;24.15;313.6
SAN MARTIN;2014;04;24.35;243.6
SAN MARTIN;2014;05;24.22;191.7
SAN MARTIN;2014;06;23.98;79.6
SAN MARTIN;2014;07;23.34;121.8
SAN MARTIN;2014;08;24.12;80.2
SAN MARTIN;2014;09;25.15;78.9
SAN MARTIN;2014;10;24.97;204.4
SAN MARTIN;2014;11;24.83;225.3
SAN MARTIN;2014;12;24.61;180.2
SAN MARTIN;2015;01;24.05;251.5
SAN MARTIN;2015;02;24.73;212.3
SAN MARTIN;2015;03;24.58;310.8
SAN MARTIN;2015;04;24.07;350.7
SAN MARTIN;2015;05;24.0;168.1
SAN MARTIN;2015;06;23.85;93.3
SAN MARTIN;2015;07;23.84;85.2
SAN MARTIN;2015;08;25.31;50.3
SAN MARTIN;2015;09;26.81;54.4
SAN MARTIN;2015;10;26.29;123.1
SAN MARTIN;2015;11;25.64;172.1
SAN MARTIN;2015;12;25.29;137.3
SAN MARTIN;2016;01;26.6;108.0
SAN MARTIN;2016;02;25.2;258.7
SAN MARTIN;2016;03;25.11;281.2
SAN MARTIN;2016;04;25.05;182.0
SAN MARTIN;2016;05;24.68;161.8
SAN MARTIN;2016;06;23.58;95.5
SAN MARTIN;2016;07;24.24;53.0
SAN MARTIN;2016;08;25.44;88.9
SAN MARTIN;2016;09;25.07;174.7
SAN MARTIN;2016;10;25.41;142.1
SAN MARTIN;2016;11;25.76;158.9
SAN MARTIN;2016;12;25.64;123.4
SAN MARTIN;2017;01;23.88;241.8
SAN MARTIN;2017;02;24.57;93.2
SAN MARTIN;2017;03;24.21;133.8
SAN MARTIN;2017;04;24.29;93.3
SAN MARTIN;2017;05;24.11;142.0
SAN MARTIN;2017;06;23.31;146.1
SAN MARTIN;2017;07;22.49;42.8
SAN MARTIN;2017;08;24.1;90.1
SAN MARTIN;2017;09;23.88;116.0
SAN MARTIN;2017;10;24.38;127.4
SAN MARTIN;2017;11;24.4;165.2
SAN MARTIN;2017;12;24.75;69.6
SAN MARTIN;2018;01;23.97;69.4
SAN MARTIN;2018;02;24.52;143.7
SAN MARTIN;2018;03;23.94;146.7
SAN MARTIN;2018;04;23.33;132.6
SAN MARTIN;2018;05;23.31;84.8
SAN MARTIN;2018;06;22.52;140.2
SAN MARTIN;2018;07;22.85;75.2
SAN MARTIN;2018;08;23.13;103.0
SAN MARTIN;2018;09;24.53;60.4
SAN MARTIN;2018;10;24.32;132.5
SAN MARTIN;2018;11;25.0;54.3
SAN MARTIN;2018;12;24.07;134.2
SAN MARTIN;2019;01;23.95;120.0
SAN MARTIN;2019;02;24.23;218.3
SAN MARTIN;2019;03;24.0;221.4
SAN MARTIN;2019;04;24.19;126.6
SAN MARTIN;2019;05;23.89;159.6
SAN MARTIN;2019;06;23.24;94.6
SAN MARTIN;2019;07;22.7;132.6
SAN MARTIN;2019;08;23.22;110.1
SAN MARTIN;2019;09;24.2;170.1
SAN MARTIN;2019;10;23.63;149.4
SAN MARTIN;2019;11;24.36;137.4
SAN MARTIN;2019;12;24.55;118.0
SAN MARTIN;2020;01;25.11;100.1
SAN MARTIN;2020;02;25.27;51.0
SAN MARTIN;2020;03;24.73;136.0
SAN MARTIN;2020;04;23.87;160.7
SAN MARTIN;2020;05;23.34;166.0
SAN MARTIN;2020;06;23.58;79.0
SAN MARTIN;2020;07;23.29;80.3
SAN MARTIN;2020;08;23.72;39.5
SAN MARTIN;2020;09;24.03;145.1
SAN MARTIN;2020;10;24.44;147.6
SAN MARTIN;2020;11;24.54;172.8
SAN MARTIN;2020;12;24.43;68.1
SAN MARTIN;2021;01;24.44;81.4
SAN MARTIN;2021;02;24.74;195.3
SAN MARTIN;2021;03;23.65;301.3
SAN MARTIN;2021;04;23.8;172.0
SAN MARTIN;2021;05;23.6;98.4
SAN MARTIN;2021;06;22.64;147.1
SAN MARTIN;2021;07;22.5;82.7
SAN MARTIN;2021;08;23.6;59.9
SAN MARTIN;2021;09;24.33;146.3
SAN MARTIN;2021;10;24.79;138.9
SAN MARTIN;2021;11;24.64;68.6
SAN MARTIN;2021;12;25.01;117.0
SAN MARTIN;2022;01;24.85;113.0
SAN MARTIN;2022;02;23.92;145.4
SAN MARTIN;2022;03;23.72;187.6
SAN MARTIN;2022;04;23.3;213.0
SAN MARTIN;2022;05;23.03;228.4
SAN MARTIN;2022;06;22.2;156.3
SAN MARTIN;2022;07;23.25;68.1
SAN MARTIN;2022;08;23.0;71.3
SAN MARTIN;2022;09;24.18;211.6
SAN MARTIN;2022;10;24.31;182.6
SAN MARTIN;2022;11;24.16;114.3
SAN MARTIN;2022;12;24.73;115.0
SAN MARTIN;2023;01;24.37;110.9
SAN MARTIN;2023;02;24.4;104.7
SAN MARTIN;2023;03;23.49;295.9
SAN MARTIN;2023;04;23.7;209.3
SAN MARTIN;2023;05;23.86;190.7
SAN MARTIN;2023;06;23.04;97.2
SAN MARTIN;2023;07;23.79;61.4
SAN MARTIN;2023;08;24.8;65.9
SAN MARTIN;2023;09;25.52;81.9
SAN MARTIN;2023;10;25.9;122.2
SAN MARTIN;2023;11;25.01;144.7
SAN MARTIN;2023;12;24.7;222.8
TACNA;2014;01;21.49;14.7
TACNA;2014;02;20.99;4.1
TACNA;2014;03;20.66;0.1
TACNA;2014;04;19.02;5.4
TACNA;2014;05;17.22;5.1
TACNA;2014;06;15.51;4.3
TACNA;2014;07;15.52;2.0
TACNA;2014;08;16.41;2.0
TACNA;2014;09;16.03;2.4
TACNA;2014;10;17.46;3.4
TACNA;2014;11;18.48;0.3
TACNA;2014;12;19.25;2.5
TACNA;2015;01;20.84;15.7
TACNA;2015;02;21.76;51.1
TACNA;2015;03;21.75;75.9
TACNA;2015;04;20.0;0.8
TACNA;2015;05;18.44;2.9
TACNA;2015;06;16.91;2.5
TACNA;2015;07;15.6;3.8
TACNA;2015;08;16.22;10.0
TACNA;2015;09;17.49;1.4
TACNA;2015;10;17.93;1.7
TACNA;2015;11;18.26;0.3
TACNA;2015;12;20.42;0.5
TACNA;2016;01;21.79;1.3
TACNA;2016;02;22.48;35.9
TACNA;2016;03;22.26;14.8
TACNA;2016;04;19.81;2.7
TACNA;2016;05;18.65;2.1
TACNA;2016;06;16.88;4.3
TACNA;2016;07;16.02;4.0
TACNA;2016;08;16.45;6.2
TACNA;2016;09;16.78;0.9
TACNA;2016;10;17.66;0.1
TACNA;2016;11;19.43;0.1
TACNA;2016;12;20.23;6.3
TACNA;2017;01;21.96;33.8
TACNA;2017;02;22.56;8.0
TACNA;2017;03;21.0;6.8
TACNA;2017;04;18.39;0.7
TACNA;2017;05;16.91;1.5
TACNA;2017;06;14.71;5.8
TACNA;2017;07;13.47;4.4
TACNA;2017;08;13.04;4.0
TACNA;2017;09;13.85;3.2
TACNA;2017;10;14.72;1.2
TACNA;2017;11;16.2;1.8
TACNA;2017;12;18.32;0.8
TACNA;2018;01;20.19;1.9
TACNA;2018;02;21.46;16.5
TACNA;2018;03;20.21;1.5
TACNA;2018;04;18.68;0.0
TACNA;2018;05;16.0;1.4
TACNA;2018;06;14.57;1.1
TACNA;2018;07;13.95;3.1
TACNA;2018;08;13.05;1.6
TACNA;2018;09;13.92;1.5
TACNA;2018;10;16.08;1.1
TACNA;2018;11;17.5;1.4
TACNA;2018;12;18.99;2.1
TACNA;2019;01;20.76;19.9
TACNA;2019;02;21.84;28.3
TACNA;2019;03;19.89;1.6
TACNA;2019;04;18.4;0.6
TACNA;2019;05;15.54;0.1
TACNA;2019;06;14.13;1.6
TACNA;2019;07;12.89;7.9
TACNA;2019;08;13.33;0.6
TACNA;2019;09;13.91;1.7
TACNA;2019;10;14.88;2.1
TACNA;2019;11;17.44;3.5
TACNA;2019;12;19.05;0.1
TACNA;2020;01;21.24;47.1
TACNA;2020;02;21.37;18.7
TACNA;2020;03;20.84;12.1
TACNA;2020;04;18.62;0.3
TACNA;2020;05;15.84;0.0
TACNA;2020;06;14.4;2.3
TACNA;2020;07;12.95;0.4
TACNA;2020;08;12.85;3.9
TACNA;2020;09;13.51;1.7
TACNA;2020;10;15.2;0.4
TACNA;2020;11;15.96;1.1
TACNA;2020;12;18.34;23.1
TACNA;2021;01;19.62;5.7
TACNA;2021;02;20.4;3.7
TACNA;2021;03;19.77;0.3
TACNA;2021;04;17.07;1.4
TACNA;2021;05;15.82;0.0
TACNA;2021;06;13.71;2.8
TACNA;2021;07;13.08;2.4
TACNA;2021;08;12.78;2.3
TACNA;2021;09;13.35;1.8
TACNA;2021;10;14.0;1.2
TACNA;2021;11;15.74;0.9
TACNA;2021;12;18.0;23.8
TACNA;2022;01;19.44;8.0
TACNA;2022;02;19.15;1.4
TACNA;2022;03;18.95;2.1
TACNA;2022;04;15.98;0.0
TACNA;2022;05;13.98;0.0
TACNA;2022;06;12.69;0.0
TACNA;2022;07;12.36;0.1
TACNA;2022;08;12.07;0.0
TACNA;2022;09;12.33;0.1
TACNA;2022;10;13.2;0.1
TACNA;2022;11;16.13;5.2
TACNA;2022;12;18.91;11.8
TACNA;2023;01;19.49;13.0
TACNA;2023;02;21.67;1.0
TACNA;2023;03;21.56;12.6
TACNA;2023;04;19.31;0.0
TACNA;2023;05;16.3;1.6
TACNA;2023;06;14.65;0.3
TACNA;2023;07;14.25;0.2
TACNA;2023;08;14.93;0.3
TACNA;2023;09;15.63;1.0
TACNA;2023;10;16.49;0.8
TACNA;2023;11;17.05;2.1
TACNA;2023;12;18.95;1.8
MADRE DE DIOS;2014;01;24.54;653.9
MADRE DE DIOS;2014;02;24.48;380.0
MADRE DE DIOS;2014;03;24.96;339.9
MADRE DE DIOS;2014;04;25.18;139.6
MADRE DE DIOS;2014;05;23.71;172.2
MADRE DE DIOS;2014;06;23.45;39.7
MADRE DE DIOS;2014;07;22.58;47.8
MADRE DE DIOS;2014;08;24.85;63.5
MADRE DE DIOS;2014;09;26.53;132.0
MADRE DE DIOS;2014;10;26.7;213.4
MADRE DE DIOS;2014;11;25.63;230.4
MADRE DE DIOS;2014;12;25.36;264.4
MADRE DE DIOS;2015;01;24.75;474.7
MADRE DE DIOS;2015;02;25.21;450.0
MADRE DE DIOS;2015;03;25.33;317.4
MADRE DE DIOS;2015;04;25.0;221.4
MADRE DE DIOS;2015;05;23.94;129.6
MADRE DE DIOS;2015;06;23.88;56.4
MADRE DE DIOS;2015;07;23.45;47.5
MADRE DE DIOS;2015;08;26.32;50.6
MADRE DE DIOS;2015;09;27.2;94.1
MADRE DE DIOS;2015;10;26.46;211.3
MADRE DE DIOS;2015;11;25.95;276.5
MADRE DE DIOS;2015;12;26.2;269.2
MADRE DE DIOS;2016;01;26.73;348.0
MADRE DE DIOS;2016;02;26.03;339.5
MADRE DE DIOS;2016;03;25.76;251.8
MADRE DE DIOS;2016;04;25.23;157.1
MADRE DE DIOS;2016;05;23.68;38.9
MADRE DE DIOS;2016;06;22.93;36.1
MADRE DE DIOS;2016;07;24.65;36.7
MADRE DE DIOS;2016;08;25.75;67.7
MADRE DE DIOS;2016;09;25.82;83.5
MADRE DE DIOS;2016;10;26.16;182.7
MADRE DE DIOS;2016;11;25.52;254.7
MADRE DE DIOS;2016;12;26.18;316.0
MADRE DE DIOS;2017;01;25.82;218.4
MADRE DE DIOS;2017;02;25.55;298.0
MADRE DE DIOS;2017;03;25.41;255.2
MADRE DE DIOS;2017;04;25.06;224.3
MADRE DE DIOS;2017;05;25.1;121.2
MADRE DE DIOS;2017;06;23.16;98.2
MADRE DE DIOS;2017;07;23.28;13.7
MADRE DE DIOS;2017;08;25.13;79.7
MADRE DE DIOS;2017;09;26.01;127.2
MADRE DE DIOS;2017;10;26.05;165.3
MADRE DE DIOS;2017;11;25.73;273.5
MADRE DE DIOS;2017;12;26.07;341.9
MADRE DE DIOS;2018;01;25.15;435.6
MADRE DE DIOS;2018;02;25.32;337.2
MADRE DE DIOS;2018;03;25.44;350.8
MADRE DE DIOS;2018;04;25.41;169.3
MADRE DE DIOS;2018;05;24.36;79.2
MADRE DE DIOS;2018;06;22.05;71.2
MADRE DE DIOS;2018;07;23.33;36.0
MADRE DE DIOS;2018;08;22.99;66.0
MADRE DE DIOS;2018;09;25.55;125.1
MADRE DE DIOS;2018;10;26.07;238.1
MADRE DE DIOS;2018;11;25.69;333.8
MADRE DE DIOS;2018;12;25.5;330.8
MADRE DE DIOS;2019;01;25.37;427.0
MADRE DE DIOS;2019;02;25.46;356.2
MADRE DE DIOS;2019;03;25.71;267.2
MADRE DE DIOS;2019;04;25.49;203.9
MADRE DE DIOS;2019;05;24.34;136.2
MADRE DE DIOS;2019;06;24.55;47.9
MADRE DE DIOS;2019;07;23.57;43.1
MADRE DE DIOS;2019;08;24.64;13.2
MADRE DE DIOS;2019;09;27.03;72.7
MADRE DE DIOS;2019;10;25.64;223.7
MADRE DE DIOS;2019;11;25.92;328.7
MADRE DE DIOS;2019;12;25.26;530.4
MADRE DE DIOS;2020;01;26.38;294.9
MADRE DE DIOS;2020;02;25.83;434.9
MADRE DE DIOS;2020;03;26.67;262.6
MADRE DE DIOS;2020;04;25.19;156.1
MADRE DE DIOS;2020;05;23.47;86.5
MADRE DE DIOS;2020;06;23.91;63.4
MADRE DE DIOS;2020;07;23.16;66.8
MADRE DE DIOS;2020;08;24.38;39.6
MADRE DE DIOS;2020;09;26.35;58.8
MADRE DE DIOS;2020;10;27.47;147.0
MADRE DE DIOS;2020;11;27.19;150.7
MADRE DE DIOS;2020;12;25.45;447.7
MADRE DE DIOS;2021;01;25.46;299.1
MADRE DE DIOS;2021;02;25.37;430.3
MADRE DE DIOS;2021;03;25.1;295.7
MADRE DE DIOS;2021;04;24.67;220.8
MADRE DE DIOS;2021;05;24.21;42.5
MADRE DE DIOS;2021;06;23.05;64.2
MADRE DE DIOS;2021;07;22.84;26.4
MADRE DE DIOS;2021;08;25.28;30.9
MADRE DE DIOS;2021;09;26.92;59.4
MADRE DE DIOS;2021;10;26.87;99.8
MADRE DE DIOS;2021;11;25.42;352.4
MADRE DE DIOS;2021;12;26.09;394.3
MADRE DE DIOS;2022;01;26.15;318.8
MADRE DE DIOS;2022;02;25.42;315.8
MADRE DE DIOS;2022;03;25.06;198.0
MADRE DE DIOS;2022;04;25.37;77.9
MADRE DE DIOS;2022;05;23.85;79.3
MADRE DE DIOS;2022;06;22.85;72.8
MADRE DE DIOS;2022;07;24.84;30.3
MADRE DE DIOS;2022;08;23.45;72.6
MADRE DE DIOS;2022;09;24.96;77.3
MADRE DE DIOS;2022;10;25.36;245.6
MADRE DE DIOS;2022;11;25.92;96.4
MADRE DE DIOS;2022;12;25.51;457.5
MADRE DE DIOS;2023;01;25.37;247.6
MADRE DE DIOS;2023;02;25.05;344.8
MADRE DE DIOS;2023;03;25.41;338.2
MADRE DE DIOS;2023;04;25.29;169.7
MADRE DE DIOS;2023;05;24.38;179.9
MADRE DE DIOS;2023;06;22.99;45.8
MADRE DE DIOS;2023;07;24.94;3.8
MADRE DE DIOS;2023;08;26.47;44.3
MADRE DE DIOS;2023;09;27.45;95.3
MADRE DE DIOS;2023;10;28.43;112.0
MADRE DE DIOS;2023;11;27.08;247.9
MADRE DE DIOS;2023;12;26.43;338.0
APURIMAC;2014;01;16.68;245.1
APURIMAC;2014;02;16.79;176.7
APURIMAC;2014;03;16.62;161.6
APURIMAC;2014;04;16.31;72.5
APURIMAC;2014;05;15.66;44.1
APURIMAC;2014;06;15.72;5.4
APURIMAC;2014;07;14.89;14.4
APURIMAC;2014;08;15.55;14.7
APURIMAC;2014;09;16.53;70.4
APURIMAC;2014;10;16.93;113.0
APURIMAC;2014;11;17.72;103.9
APURIMAC;2014;12;17.29;191.7
APURIMAC;2015;01;16.35;250.1
APURIMAC;2015;02;16.84;181.3
APURIMAC;2015;03;16.68;209.2
APURIMAC;2015;04;15.97;127.0
APURIMAC;2015;05;15.66;26.0
APURIMAC;2015;06;15.42;3.7
APURIMAC;2015;07;15.16;16.6
APURIMAC;2015;08;15.93;31.9
APURIMAC;2015;09;17.4;33.2
APURIMAC;2015;10;17.62;89.9
APURIMAC;2015;11;17.8;112.5
APURIMAC;2015;12;17.35;164.5
APURIMAC;2016;01;18.1;158.8
APURIMAC;2016;02;17.82;181.7
APURIMAC;2016;03;17.79;132.1
APURIMAC;2016;04;17.31;89.7
APURIMAC;2016;05;16.43;19.3
APURIMAC;2016;06;15.58;6.8
APURIMAC;2016;07;15.75;9.8
APURIMAC;2016;08;16.48;16.6
APURIMAC;2016;09;17.31;44.4
APURIMAC;2016;10;16.94;140.2
APURIMAC;2016;11;18.01;75.7
APURIMAC;2016;12;17.6;168.6
APURIMAC;2017;01;17.24;199.3
APURIMAC;2017;02;17.18;156.4
APURIMAC;2017;03;16.96;95.0
APURIMAC;2017;04;16.97;34.5
APURIMAC;2017;05;16.76;20.9
APURIMAC;2017;06;16.35;11.3
APURIMAC;2017;07;15.77;9.8
APURIMAC;2017;08;16.75;32.9
APURIMAC;2017;09;17.1;63.3
APURIMAC;2017;10;17.92;76.5
APURIMAC;2017;11;18.13;70.7
APURIMAC;2017;12;17.96;73.3
APURIMAC;2018;01;16.75;128.7
APURIMAC;2018;02;17.19;134.3
APURIMAC;2018;03;16.99;94.4
APURIMAC;2018;04;16.6;49.1
APURIMAC;2018;05;16.24;24.3
APURIMAC;2018;06;15.1;47.8
APURIMAC;2018;07;15.37;43.2
APURIMAC;2018;08;15.73;25.4
APURIMAC;2018;09;17.64;17.7
APURIMAC;2018;10;17.74;67.1
APURIMAC;2018;11;18.8;31.7
APURIMAC;2018;12;18.39;54.9
APURIMAC;2019;01;17.91;94.8
APURIMAC;2019;02;17.39;112.3
APURIMAC;2019;03;17.59;69.9
APURIMAC;2019;04;17.91;31.8
APURIMAC;2019;05;17.34;16.3
APURIMAC;2019;06;16.85;11.2
APURIMAC;2019;07;16.46;13.9
APURIMAC;2019;08;16.86;7.4
APURIMAC;2019;09;17.63;42.7
APURIMAC;2019;10;17.97;47.8
APURIMAC;2019;11;18.04;94.3
APURIMAC;2019;12;17.85;122.6
APURIMAC;2020;01;17.81;101.3
APURIMAC;2020;02;17.98;90.2
APURIMAC;2020;03;17.67;82.3
APURIMAC;2020;04;17.55;22.3
APURIMAC;2020;05;17.41;16.3
APURIMAC;2020;06;16.65;27.0
APURIMAC;2020;07;16.87;2.3
APURIMAC;2020;08;17.28;10.0
APURIMAC;2020;09;17.44;40.8
APURIMAC;2020;10;17.94;45.4
APURIMAC;2020;11;19.21;41.1
APURIMAC;2020;12;17.38;158.3
APURIMAC;2021;01;17.03;118.0
APURIMAC;2021;02;17.51;73.3
APURIMAC;2021;03;16.75;102.9
APURIMAC;2021;04;16.74;64.4
APURIMAC;2021;05;16.55;10.2
APURIMAC;2021;06;16.38;3.6
APURIMAC;2021;07;16.14;6.4
APURIMAC;2021;08;16.91;10.0
APURIMAC;2021;09;17.6;24.4
APURIMAC;2021;10;18.51;57.8
APURIMAC;2021;11;18.03;132.7
APURIMAC;2021;12;17.95;103.9
APURIMAC;2022;01;17.18;244.3
APURIMAC;2022;02;17.02;184.5
APURIMAC;2022;03;16.81;211.2
APURIMAC;2022;04;16.94;63.4
APURIMAC;2022;05;16.31;8.4
APURIMAC;2022;06;15.43;8.6
APURIMAC;2022;07;16.36;7.1
APURIMAC;2022;08;16.51;15.9
APURIMAC;2022;09;17.42;24.6
APURIMAC;2022;10;18.58;20.9
APURIMAC;2022;11;18.58;87.4
APURIMAC;2022;12;17.41;129.2
APURIMAC;2023;01;17.02;195.5
APURIMAC;2023;02;17.2;176.4
APURIMAC;2023;03;16.83;236.7
APURIMAC;2023;04;16.72;58.1
APURIMAC;2023;05;16.23;59.5
APURIMAC;2023;06;15.79;1.3
APURIMAC;2023;07;16.75;6.2
APURIMAC;2023;08;17.4;4.5
APURIMAC;2023;09;17.54;43.3
APURIMAC;2023;10;18.36;94.4
APURIMAC;2023;11;18.75;82.4
APURIMAC;2023;12;18.34;185.0
PASCO;2014;01;4.55;201.1
PASCO;2014;02;4.51;232.4
PASCO;2014;03;4.44;215.2
PASCO;2014;04;4.17;84.1
PASCO;2014;05;3.83;75.7
PASCO;2014;06;3.46;18.3
PASCO;2014;07;2.33;36.3
PASCO;2014;08;2.4;33.7
PASCO;2014;09;3.37;79.9
PASCO;2014;10;3.81;94.0
PASCO;2014;11;4.3;128.0
PASCO;2014;12;4.89;198.7
PASCO;2015;01;4.32;186.9
PASCO;2015;02;4.6;161.5
PASCO;2015;03;4.53;169.8
PASCO;2015;04;4.11;112.0
PASCO;2015;05;3.72;104.1
PASCO;2015;06;2.87;16.6
PASCO;2015;07;2.67;29.2
PASCO;2015;08;3.07;30.3
PASCO;2015;09;4.07;67.2
PASCO;2015;10;4.52;89.4
PASCO;2015;11;5.15;95.7
PASCO;2015;12;4.87;168.1
PASCO;2016;01;5.75;122.3
PASCO;2016;02;5.81;210.9
PASCO;2016;03;5.69;137.5
PASCO;2016;04;5.07;81.5
PASCO;2016;05;4.41;35.9
PASCO;2016;06;2.84;26.9
PASCO;2016;07;2.41;18.3
PASCO;2016;08;3.18;47.0
PASCO;2016;09;3.48;61.5
PASCO;2016;10;4.06;173.4
PASCO;2016;11;4.38;83.2
PASCO;2016;12;4.56;187.9
PASCO;2017;01;4.15;225.4
PASCO;2017;02;4.35;206.9
PASCO;2017;03;4.57;204.5
PASCO;2017;04;4.64;141.0
PASCO;2017;05;4.45;95.8
PASCO;2017;06;3.62;22.3
PASCO;2017;07;3.08;14.6
PASCO;2017;08;3.99;45.9
PASCO;2017;09;4.23;101.5
PASCO;2017;10;4.48;134.9
PASCO;2017;11;4.66;169.2
PASCO;2017;12;4.45;215.8
PASCO;2018;01;3.85;178.1
PASCO;2018;02;4.78;165.6
PASCO;2018;03;4.71;164.0
PASCO;2018;04;3.78;99.5
PASCO;2018;05;3.88;48.9
PASCO;2018;06;2.56;19.5
PASCO;2018;07;2.69;15.1
PASCO;2018;08;2.69;51.4
PASCO;2018;09;3.85;75.3
PASCO;2018;10;4.4;177.3
PASCO;2018;11;5.22;151.3
PASCO;2018;12;4.76;106.8
PASCO;2019;01;4.47;206.3
PASCO;2019;02;4.94;193.3
PASCO;2019;03;5.11;136.4
PASCO;2019;04;4.84;106.5
PASCO;2019;05;4.2;42.2
PASCO;2019;06;3.59;18.7
PASCO;2019;07;3.12;23.3
PASCO;2019;08;3.19;5.4
PASCO;2019;09;4.0;70.1
PASCO;2019;10;4.28;98.5
PASCO;2019;11;4.98;128.7
PASCO;2019;12;5.17;194.5
PASCO;2020;01;5.03;130.9
PASCO;2020;02;5.59;120.9
PASCO;2020;03;5.05;184.0
PASCO;2020;04;4.47;94.4
PASCO;2020;05;4.12;92.3
PASCO;2020;06;3.96;16.0
PASCO;2020;07;3.56;28.1
PASCO;2020;08;4.08;10.0
PASCO;2020;09;4.19;108.7
PASCO;2020;10;4.08;114.5
PASCO;2020;11;5.07;94.2
PASCO;2020;12;4.6;198.8
PASCO;2021;01;4.54;195.7
PASCO;2021;02;4.68;84.0
PASCO;2021;03;4.29;158.5
PASCO;2021;04;4.45;96.8
PASCO;2021;05;3.69;60.8
PASCO;2021;06;3.7;38.3
PASCO;2021;07;3.06;16.1
PASCO;2021;08;3.72;46.2
PASCO;2021;09;3.87;74.2
PASCO;2021;10;4.76;124.2
PASCO;2021;11;4.32;215.2
PASCO;2021;12;5.04;159.3
PASCO;2022;01;4.24;173.0
PASCO;2022;02;4.49;204.1
PASCO;2022;03;4.25;218.8
PASCO;2022;04;4.12;92.0
PASCO;2022;05;3.93;86.1
PASCO;2022;06;3.0;19.6
PASCO;2022;07;3.52;18.0
PASCO;2022;08;3.65;43.6
PASCO;2022;09;4.22;98.7
PASCO;2022;10;4.49;137.3
PASCO;2022;11;4.66;111.6
PASCO;2022;12;3.99;194.2
PASCO;2023;01;3.86;180.5
PASCO;2023;02;4.57;191.1
PASCO;2023;03;4.22;189.6
PASCO;2023;04;4.23;120.5
PASCO;2023;05;4.28;68.7
PASCO;2023;06;3.55;18.1
PASCO;2023;07;4.32;10.4
PASCO;2023;08;4.51;48.1
PASCO;2023;09;4.69;128.6
PASCO;2023;10;5.39;138.0
PASCO;2023;11;5.47;196.1
PASCO;2023;12;5.73;199.6
MOQUEGUA;2014;01;18.38;38.7
MOQUEGUA;2014;02;18.81;5.5
MOQUEGUA;2014;03;18.59;12.0
MOQUEGUA;2014;04;18.56;18.5
MOQUEGUA;2014;05;18.15;0.0
MOQUEGUA;2014;06;17.91;0.0
MOQUEGUA;2014;07;18.84;0.0
MOQUEGUA;2014;08;19.04;0.0
MOQUEGUA;2014;09;18.76;1.1
MOQUEGUA;2014;10;19.13;1.2
MOQUEGUA;2014;11;18.62;0.3
MOQUEGUA;2014;12;18.74;1.0
MOQUEGUA;2015;01;19.33;55.5
MOQUEGUA;2015;02;18.3;130.4
MOQUEGUA;2015;03;18.37;129.2
MOQUEGUA;2015;04;18.87;15.3
MOQUEGUA;2015;05;18.95;0.0
MOQUEGUA;2015;06;19.22;0.0
MOQUEGUA;2015;07;18.11;0.0
MOQUEGUA;2015;08;18.81;1.8
MOQUEGUA;2015;09;19.48;0.0
MOQUEGUA;2015;10;19.37;0.2
MOQUEGUA;2015;11;18.78;0.5
MOQUEGUA;2015;12;20.74;0.0
MOQUEGUA;2016;01;20.18;6.5
MOQUEGUA;2016;02;20.14;81.2
MOQUEGUA;2016;03;19.94;24.5
MOQUEGUA;2016;04;19.43;8.2
MOQUEGUA;2016;05;19.83;0.0
MOQUEGUA;2016;06;18.79;0.1
MOQUEGUA;2016;07;18.21;0.2
MOQUEGUA;2016;08;18.62;0.0
MOQUEGUA;2016;09;19.28;0.0
MOQUEGUA;2016;10;18.98;0.0
MOQUEGUA;2016;11;19.57;0.8
MOQUEGUA;2016;12;18.85;7.1
MOQUEGUA;2017;01;18.67;112.1
MOQUEGUA;2017;02;19.54;17.3
MOQUEGUA;2017;03;19.48;19.6
MOQUEGUA;2017;04;19.53;0.0
MOQUEGUA;2017;05;18.44;0.2
MOQUEGUA;2017;06;18.61;0.2
MOQUEGUA;2017;07;19.54;0.0
MOQUEGUA;2017;08;19.05;0.0
MOQUEGUA;2017;09;19.28;0.3
MOQUEGUA;2017;10;20.3;0.0
MOQUEGUA;2017;11;19.34;0.7
MOQUEGUA;2017;12;19.33;5.2
MOQUEGUA;2018;01;19.33;8.5
MOQUEGUA;2018;02;18.69;20.5
MOQUEGUA;2018;03;19.68;2.1
MOQUEGUA;2018;04;19.17;1.4
MOQUEGUA;2018;05;19.26;0.0
MOQUEGUA;2018;06;19.56;1.9
MOQUEGUA;2018;07;19.35;0.3
MOQUEGUA;2018;08;19.9;0.0
MOQUEGUA;2018;09;19.82;0.0
MOQUEGUA;2018;10;19.5;1.2
MOQUEGUA;2018;11;19.58;0.0
MOQUEGUA;2018;12;19.64;0.1
MOQUEGUA;2019;01;19.34;59.0
MOQUEGUA;2019;02;19.64;68.1
MOQUEGUA;2019;03;20.67;0.2
MOQUEGUA;2019;04;19.08;0.0
MOQUEGUA;2019;05;19.39;0.0
MOQUEGUA;2019;06;19.32;0.0
MOQUEGUA;2019;07;19.14;7.3
MOQUEGUA;2019;08;20.19;0.0
MOQUEGUA;2019;09;19.63;0.1
MOQUEGUA;2019;10;19.03;0.1
MOQUEGUA;2019;11;19.93;2.5
MOQUEGUA;2019;12;20.08;0.1
MOQUEGUA;2020;01;19.39;99.5
MOQUEGUA;2020;02;19.24;90.2
MOQUEGUA;2020;03;19.85;20.9
MOQUEGUA;2020;04;20.33;0.0
MOQUEGUA;2020;05;20.53;0.0
MOQUEGUA;2020;06;18.71;0.0
MOQUEGUA;2020;07;18.27;0.0
MOQUEGUA;2020;08;18.64;0.0
MOQUEGUA;2020;09;19.2;0.0
MOQUEGUA;2020;10;20.15;0.0
MOQUEGUA;2020;11;18.92;0.0
MOQUEGUA;2020;12;19.2;10.3
MOQUEGUA;2021;01;19.33;6.7
MOQUEGUA;2021;02;19.81;2.3
MOQUEGUA;2021;03;19.35;4.6
MOQUEGUA;2021;04;19.24;0.0
MOQUEGUA;2021;05;19.49;0.0
MOQUEGUA;2021;06;18.81;0.0
MOQUEGUA;2021;07;19.43;0.0
MOQUEGUA;2021;08;18.8;0.0
MOQUEGUA;2021;09;19.06;0.0
MOQUEGUA;2021;10;19.4;0.0
MOQUEGUA;2021;11;18.9;0.0
MOQUEGUA;2021;12;18.74;1.3
MOQUEGUA;2022;01;18.96;6.5
MOQUEGUA;2022;02;18.87;3.7
MOQUEGUA;2022;03;19.13;7.6
MOQUEGUA;2022;04;18.2;0.0
MOQUEGUA;2022;05;19.26;0.0
MOQUEGUA;2022;06;17.4;0.0
MOQUEGUA;2022;07;18.44;0.0
MOQUEGUA;2022;08;18.72;0.0
MOQUEGUA;2022;09;17.89;0.0
MOQUEGUA;2022;10;19.08;0.0
MOQUEGUA;2022;11;19.08;0.0
MOQUEGUA;2022;12;19.06;10.5
MOQUEGUA;2023;01;19.14;24.6
MOQUEGUA;2023;02;19.25;41.0
MOQUEGUA;2023;03;19.65;16.0
MOQUEGUA;2023;04;19.02;2.3
MOQUEGUA;2023;05;20.17;0.0
MOQUEGUA;2023;06;19.4;0.0
MOQUEGUA;2023;07;19.52;0.0
MOQUEGUA;2023;08;20.08;0.0
MOQUEGUA;2023;09;20.14;0.0
MOQUEGUA;2023;10;19.99;0.0
MOQUEGUA;2023;11;19.98;0.3
MOQUEGUA;2023;12;20.4;7.1
TUMBES;2014;01;25.99;53.0
TUMBES;2014;02;26.15;36.5
TUMBES;2014;03;26.28;45.3
TUMBES;2014;04;26.73;21.9
TUMBES;2014;05;25.88;92.0
TUMBES;2014;06;25.89;5.1
TUMBES;2014;07;25.03;0.0
TUMBES;2014;08;23.98;0.8
TUMBES;2014;09;23.74;4.2
TUMBES;2014;10;24.08;11.5
TUMBES;2014;11;24.52;4.3
TUMBES;2014;12;25.65;33.3
TUMBES;2015;01;25.9;61.2
TUMBES;2015;02;26.2;81.4
TUMBES;2015;03;25.9;225.9
TUMBES;2015;04;25.88;178.2
TUMBES;2015;05;26.0;115.6
TUMBES;2015;06;25.79;5.8
TUMBES;2015;07;25.56;2.5
TUMBES;2015;08;24.65;0.0
TUMBES;2015;09;25.25;0.5
TUMBES;2015;10;25.66;10.5
TUMBES;2015;11;25.75;40.9
TUMBES;2015;12;27.16;17.8
TUMBES;2016;01;27.21;100.2
TUMBES;2016;02;26.39;256.0
TUMBES;2016;03;26.35;194.2
TUMBES;2016;04;26.0;111.2
TUMBES;2016;05;26.03;6.3
TUMBES;2016;06;24.87;6.2
TUMBES;2016;07;24.56;0.6
TUMBES;2016;08;23.87;0.8
TUMBES;2016;09;24.29;3.2
TUMBES;2016;10;23.88;1.0
TUMBES;2016;11;23.97;1.4
TUMBES;2016;12;25.66;13.9
TUMBES;2017;01;25.22;239.3
TUMBES;2017;02;25.65;428.2
TUMBES;2017;03;25.7;539.7
TUMBES;2017;04;25.95;343.3
TUMBES;2017;05;25.25;80.8
TUMBES;2017;06;24.22;8.1
TUMBES;2017;07;22.79;3.2
TUMBES;2017;08;22.65;3.8
TUMBES;2017;09;22.95;8.8
TUMBES;2017;10;22.96;12.5
TUMBES;2017;11;22.13;5.8
TUMBES;2017;12;24.24;28.2
TUMBES;2018;01;24.96;82.8
TUMBES;2018;02;25.49;127.2
TUMBES;2018;03;25.56;68.2
TUMBES;2018;04;25.68;42.2
TUMBES;2018;05;24.47;67.2
TUMBES;2018;06;22.89;2.8
TUMBES;2018;07;22.33;9.9
TUMBES;2018;08;22.09;4.4
TUMBES;2018;09;22.7;1.9
TUMBES;2018;10;22.36;2.1
TUMBES;2018;11;23.76;32.6
TUMBES;2018;12;24.23;76.3
TUMBES;2019;01;25.27;126.6
TUMBES;2019;02;25.62;346.2
TUMBES;2019;03;25.81;186.5
TUMBES;2019;04;25.59;150.0
TUMBES;2019;05;25.15;31.8
TUMBES;2019;06;24.55;7.2
TUMBES;2019;07;23.04;4.4
TUMBES;2019;08;21.95;0.5
TUMBES;2019;09;22.16;2.4
TUMBES;2019;10;22.98;7.3
TUMBES;2019;11;24.04;6.0
TUMBES;2019;12;24.67;37.9
TUMBES;2020;01;25.86;65.1
TUMBES;2020;02;26.05;106.9
TUMBES;2020;03;26.05;135.1
TUMBES;2020;04;25.5;43.2
TUMBES;2020;05;25.26;7.5
TUMBES;2020;06;24.1;1.2
TUMBES;2020;07;23.29;3.4
TUMBES;2020;08;22.15;1.3
TUMBES;2020;09;22.61;0.2
TUMBES;2020;10;23.33;0.5
TUMBES;2020;11;22.62;0.9
TUMBES;2020;12;23.91;83.0
TUMBES;2021;01;24.84;76.5
TUMBES;2021;02;26.05;26.2
TUMBES;2021;03;25.4;249.6
TUMBES;2021;04;25.2;84.3
TUMBES;2021;05;23.89;14.5
TUMBES;2021;06;23.14;21.2
TUMBES;2021;07;22.69;8.4
TUMBES;2021;08;22.56;5.6
TUMBES;2021;09;22.79;5.7
TUMBES;2021;10;23.02;18.5
TUMBES;2021;11;22.64;5.8
TUMBES;2021;12;24.0;9.6
TUMBES;2022;01;25.19;14.8
TUMBES;2022;02;25.75;37.4
TUMBES;2022;03;25.52;168.2
TUMBES;2022;04;24.55;66.2
TUMBES;2022;05;23.86;45.7
TUMBES;2022;06;22.88;3.8
TUMBES;2022;07;22.24;3.3
TUMBES;2022;08;22.05;11.1
TUMBES;2022;09;22.07;0.5
TUMBES;2022;10;21.81;6.4
TUMBES;2022;11;21.83;6.9
TUMBES;2022;12;24.14;18.1
TUMBES;2023;01;25.38;19.3
TUMBES;2023;02;25.99;208.3
TUMBES;2023;03;25.38;340.9
TUMBES;2023;04;25.63;300.3
TUMBES;2023;05;26.09;62.6
TUMBES;2023;06;25.38;19.1
TUMBES;2023;07;25.55;2.6
TUMBES;2023;08;24.6;14.8
TUMBES;2023;09;24.63;0.6
TUMBES;2023;10;25.01;16.0
TUMBES;2023;11;24.62;22.3
TUMBES;2023;12;25.47;35.1
HUANCAVELICA;2014;01;9.04;247.4
HUANCAVELICA;2014;02;9.15;226.3
HUANCAVELICA;2014;03;8.86;230.7
HUANCAVELICA;2014;04;8.52;102.9
HUANCAVELICA;2014;05;7.86;86.6
HUANCAVELICA;2014;06;7.88;19.5
HUANCAVELICA;2014;07;6.42;63.5
HUANCAVELICA;2014;08;6.76;52.3
HUANCAVELICA;2014;09;7.66;132.6
HUANCAVELICA;2014;10;8.29;143.5
HUANCAVELICA;2014;11;9.16;121.9
HUANCAVELICA;2014;12;9.35;241.7
HUANCAVELICA;2015;01;8.49;235.2
HUANCAVELICA;2015;02;8.94;267.1
HUANCAVELICA;2015;03;8.78;208.5
HUANCAVELICA;2015;04;8.34;155.7
HUANCAVELICA;2015;05;8.06;84.2
HUANCAVELICA;2015;06;7.48;18.8
HUANCAVELICA;2015;07;6.9;32.0
HUANCAVELICA;2015;08;7.35;58.5
HUANCAVELICA;2015;09;8.44;91.9
HUANCAVELICA;2015;10;8.83;129.5
HUANCAVELICA;2015;11;9.48;150.8
HUANCAVELICA;2015;12;9.1;224.7
HUANCAVELICA;2016;01;10.11;170.6
HUANCAVELICA;2016;02;10.25;269.0
HUANCAVELICA;2016;03;10.22;153.3
HUANCAVELICA;2016;04;9.45;110.1
HUANCAVELICA;2016;05;8.33;50.2
HUANCAVELICA;2016;06;7.26;29.4
HUANCAVELICA;2016;07;6.95;19.9
HUANCAVELICA;2016;08;7.47;60.7
HUANCAVELICA;2016;09;7.96;101.3
HUANCAVELICA;2016;10;8.33;175.5
HUANCAVELICA;2016;11;8.64;122.8
HUANCAVELICA;2016;12;9.27;195.9
HUANCAVELICA;2017;01;8.75;246.2
HUANCAVELICA;2017;02;8.86;207.7
HUANCAVELICA;2017;03;9.06;220.3
HUANCAVELICA;2017;04;8.7;92.2
HUANCAVELICA;2017;05;8.1;73.8
HUANCAVELICA;2017;06;7.36;15.7
HUANCAVELICA;2017;07;6.87;11.2
HUANCAVELICA;2017;08;8.03;22.5
HUANCAVELICA;2017;09;8.34;107.7
HUANCAVELICA;2017;10;8.57;105.8
HUANCAVELICA;2017;11;8.97;117.4
HUANCAVELICA;2017;12;9.03;127.7
HUANCAVELICA;2018;01;8.27;186.9
HUANCAVELICA;2018;02;8.98;199.6
HUANCAVELICA;2018;03;9.13;171.6
HUANCAVELICA;2018;04;7.9;81.2
HUANCAVELICA;2018;05;7.51;25.9
HUANCAVELICA;2018;06;6.3;26.2
HUANCAVELICA;2018;07;6.28;35.2
HUANCAVELICA;2018;08;6.06;61.6
HUANCAVELICA;2018;09;7.71;70.2
HUANCAVELICA;2018;10;8.41;156.9
HUANCAVELICA;2018;11;9.49;122.0
HUANCAVELICA;2018;12;8.8;108.8
HUANCAVELICA;2019;01;9.2;171.1
HUANCAVELICA;2019;02;9.08;172.0
HUANCAVELICA;2019;03;9.25;128.3
HUANCAVELICA;2019;04;8.8;75.8
HUANCAVELICA;2019;05;7.94;35.3
HUANCAVELICA;2019;06;7.31;15.4
HUANCAVELICA;2019;07;7.09;20.8
HUANCAVELICA;2019;08;7.45;5.0
HUANCAVELICA;2019;09;8.57;54.9
HUANCAVELICA;2019;10;8.75;104.1
HUANCAVELICA;2019;11;9.42;135.6
HUANCAVELICA;2019;12;9.54;238.9
HUANCAVELICA;2020;01;9.29;136.3
HUANCAVELICA;2020;02;9.81;199.2
HUANCAVELICA;2020;03;9.22;177.5
HUANCAVELICA;2020;04;8.4;45.4
HUANCAVELICA;2020;05;8.04;71.1
HUANCAVELICA;2020;06;7.49;5.7
HUANCAVELICA;2020;07;7.44;7.9
HUANCAVELICA;2020;08;8.33;12.9
HUANCAVELICA;2020;09;8.2;107.6
HUANCAVELICA;2020;10;8.22;89.0
HUANCAVELICA;2020;11;9.7;79.8
HUANCAVELICA;2020;12;9.3;204.6
HUANCAVELICA;2021;01;8.91;222.5
HUANCAVELICA;2021;02;8.83;137.1
HUANCAVELICA;2021;03;8.51;180.1
HUANCAVELICA;2021;04;8.26;88.2
HUANCAVELICA;2021;05;7.33;41.1
HUANCAVELICA;2021;06;7.22;17.7
HUANCAVELICA;2021;07;6.79;12.8
HUANCAVELICA;2021;08;7.54;35.1
HUANCAVELICA;2021;09;8.27;56.1
HUANCAVELICA;2021;10;8.94;114.1
HUANCAVELICA;2021;11;8.61;185.3
HUANCAVELICA;2021;12;9.33;140.3
HUANCAVELICA;2022;01;8.62;223.9
HUANCAVELICA;2022;02;8.73;240.3
HUANCAVELICA;2022;03;8.66;216.8
HUANCAVELICA;2022;04;8.19;81.7
HUANCAVELICA;2022;05;7.29;41.1
HUANCAVELICA;2022;06;6.38;12.4
HUANCAVELICA;2022;07;7.38;9.0
HUANCAVELICA;2022;08;7.58;24.8
HUANCAVELICA;2022;09;8.51;64.8
HUANCAVELICA;2022;10;8.6;78.1
HUANCAVELICA;2022;11;8.86;94.4
HUANCAVELICA;2022;12;8.53;180.8
HUANCAVELICA;2023;01;8.22;262.0
HUANCAVELICA;2023;02;8.99;213.1
HUANCAVELICA;2023;03;8.64;208.1
HUANCAVELICA;2023;04;8.22;64.1
HUANCAVELICA;2023;05;7.79;70.5
HUANCAVELICA;2023;06;7.02;2.3
HUANCAVELICA;2023;07;8.02;7.3
HUANCAVELICA;2023;08;8.81;11.5
HUANCAVELICA;2023;09;8.73;107.1
HUANCAVELICA;2023;10;9.82;101.3
HUANCAVELICA;2023;11;9.99;194.7
HUANCAVELICA;2023;12;10.18;200.5
