polo;codigo;minutos;km
0;698;20.6;7.4
0;1409;18.8;6.6
0;2505;81.9;57.5
0;4163;123.3;69.0
0;4818;18.4;6.3
0;4820;11.1;3.1
0;4834;26.8;16.7
0;4836;29.6;19.1
0;4838;17.9;9.6
0;4842;53.9;38.3
0;4843;30.4;20.3
0;4844;15.6;7.6
0;4846;35.6;14.3
0;4854;19.6;9.5
0;4855;26.8;13.2
0;4858;36.6;24.1
0;4859;10.4;2.6
0;4863;7.4;0.1
0;10350;141.5;78.8
0;10954;141.5;79.6
0;11043;54.7;28.6
0;11045;68.0;36.5
0;11046;49.4;24.4
0;11047;69.8;37.5
0;11048;86.5;46.8
0;11088;107.6;59.5
0;11089;129.1;72.0
0;11093;133.5;74.9
0;11095;130.3;72.8
0;11237;96.0;52.7
0;11271;128.6;69.8
0;11272;126.0;69.4
0;11273;34.1;16.8
0;11274;123.6;68.1
0;11286;86.9;47.7
0;11499;14.7;4.3
0;11569;38.1;24.2
0;11881;20.1;7.6
0;11903;18.7;6.6
0;12398;82.6;27.7
0;12440;26.0;16.4
0;13020;31.0;14.5
0;13106;9.7;2.1
0;13107;9.7;1.7
1;1530;277.7;139.5
1;5417;11.6;2.0
1;5421;13.7;3.3
1;5597;42.5;13.5
1;5599;11.2;1.8
1;8821;7.6;0.2
1;8822;10.1;1.5
1;8931;7.4;0.1
1;9312;178.5;113.3
1;11771;191.1;117.9
1;13114;282.5;140.9
1;13190;284.4;141.8
1;13520;17.4;4.6
1;13521;49.3;17.5
1;13540;34.2;11.5
1;13607;11.7;2.2
1;13693;196.9;120.2
1;13705;7.3;0.1
1;13718;194.5;119.3
1;13953;15.5;4.4
1;14031;214.9;111.6
1;14034;7.4;0.1
1;14035;191.2;117.8
1;14045;192.9;120.0
1;14112;197.2;120.3
1;14469;234.8;139.0
1;14498;234.7;138.9
1;14588;248.9;144.0
2;641;28.9;9.1
2;646;62.4;31.8
2;647;36.1;11.8
2;2298;71.3;28.1
2;3867;112.8;59.5
2;4271;200.4;122.2
2;6189;71.5;41.0
2;6774;79.0;31.1
2;11345;96.2;44.0
2;11384;78.4;44.0
2;12926;49.8;21.9
2;13198;96.7;44.3
2;13292;193.3;91.7
2;13945;29.9;10.6
2;14303;256.2;125.5
3;30;7.6;0.2
3;422;71.1;36.1
3;573;38.5;19.9
3;583;50.2;22.0
3;585;226.8;121.2
3;601;322.5;147.5
3;651;38.5;19.8
3;653;162.4;89.2
3;2698;153.8;84.1
3;9042;247.1;131.0
3;13915;51.6;26.3
3;14048;112.5;63.0
3;14049;131.4;73.9
3;14348;231.9;109.8
3;14349;330.1;151.5
3;14561;232.5;123.3
3;14582;226.7;121.2
3;14583;223.9;117.4
4;917;22.4;7.9
4;2684;29.6;11.7
4;3674;28.5;11.2
4;3687;23.9;8.8
4;6029;165.3;88.8
4;6911;123.9;66.0
4;6916;112.9;52.2
4;10888;191.5;92.7
4;11012;25.7;9.7
4;13699;;
4;13700;;
4;13701;269.0;160.9
4;14081;24.9;9.3
4;14232;29.7;11.8
4;14240;28.4;11.1
4;14272;28.0;10.9
4;14277;28.5;11.2
4;14716;28.4;10.2
4;14720;56.5;23.8
5;1221;221.5;98.1
5;1851;316.9;166.1
5;3429;50.1;16.1
5;5560;271.3;143.0
5;5581;50.0;16.1
5;10256;49.9;16.0
5;10463;110.1;43.9
5;10465;119.2;47.2
5;11019;236.0;108.0
5;11103;210.8;91.2
5;11184;233.0;102.0
5;11678;50.5;16.4
5;12189;316.8;173.3
5;12810;110.5;44.1
5;12882;110.2;44.0
5;13916;169.1;72.2
5;13922;18.7;4.6
5;13926;28.1;8.4
6;402;74.4;34.0
6;805;34.6;24.4
6;806;49.4;38.2
6;7458;132.1;59.8
6;7497;39.4;15.7
6;10760;263.0;218.5
6;11351;102.9;46.1
6;11394;150.2;67.1
6;11396;105.0;46.7
6;11401;102.9;46.1
6;11405;134.6;62.7
6;11408;144.7;64.2
6;11423;116.3;52.7
6;11429;124.7;58.0
6;12507;37.9;28.1
6;14257;256.6;188.2
6;14578;261.0;217.8
6;14633;299.7;205.5
6;14637;;
6;14638;67.5;30.6
6;14639;327.7;243.1
7;17;55.3;20.6
7;739;128.3;65.7
7;742;51.6;19.0
7;743;68.0;25.9
7;744;126.2;64.9
7;753;150.9;76.4
7;754;130.3;59.9
7;1795;98.9;44.7
7;5267;91.1;45.1
7;5773;29.2;13.3
7;5778;23.8;9.7
7;5787;21.1;8.5
7;5804;86.7;44.1
7;5864;51.8;19.1
7;5922;103.9;51.6
7;6158;102.9;61.8
7;11559;99.9;45.9
7;11937;110.6;56.1
7;13200;;
7;13801;30.4;10.4
7;13802;88.7;45.2
8;654;20.9;9.1
8;1046;69.1;36.0
8;1443;72.0;36.0
8;1686;74.8;37.9
8;1694;21.3;9.8
8;2180;19.3;8.3
8;2917;9.3;1.0
8;6818;18.3;7.4
8;10342;352.1;171.2
8;10345;357.5;173.0
8;10346;366.6;177.3
8;10917;16.4;5.7
8;10922;16.9;3.8
8;11022;91.4;40.9
8;11052;54.2;27.3
8;11076;54.2;27.3
8;11689;59.4;32.7
8;11692;8.7;0.7
8;11698;62.6;33.6
8;11700;54.5;29.9
8;14119;19.5;8.4
9;12898;208.8;154.7
9;14567;13.6;4.5
9;14569;8.2;0.5
9;14571;7.4;0.1
9;14572;7.4;0.1
9;14581;7.5;0.2
9;14584;11.7;1.9
9;14590;10.5;1.7
10;1128;50.6;24.9
10;1947;52.9;26.4
10;2813;95.6;61.3
10;11452;50.7;20.5
10;11797;78.8;49.1
10;11979;94.0;53.9
10;12007;121.9;65.6
10;12082;124.2;67.2
10;12083;136.7;70.6
10;12171;165.4;84.9
10;12241;143.8;93.4
10;12280;67.6;31.4
10;12281;61.2;29.2
10;12282;56.0;27.9
10;12657;67.3;31.0
10;12762;110.2;58.1
10;12763;139.7;70.4
10;12765;131.3;68.9
10;12770;171.0;86.1
10;12886;116.0;49.5
10;12887;93.0;40.6
10;12902;95.8;52.5
10;12963;103.5;46.0
10;13143;18.5;4.8
10;13146;16.2;4.1
10;13459;27.1;14.2
10;13614;31.3;10.4
10;13942;88.6;39.3
10;13943;69.4;32.1
10;14470;26.1;13.6
10;14490;85.6;37.5
11;282;54.9;42.6
11;314;55.8;43.3
11;408;7.9;0.3
11;409;8.2;0.5
11;410;8.9;0.8
11;412;;
11;424;46.5;32.5
11;454;95.7;76.9
11;456;95.1;76.5
11;459;95.7;76.9
11;952;96.1;77.1
11;954;8.8;0.8
11;955;7.4;0.1
11;956;75.1;51.1
11;960;32.3;8.6
11;2431;76.6;57.8
11;2777;14.2;4.2
11;3034;94.5;78.9
11;3061;95.5;76.8
11;3473;50.6;34.6
11;3838;40.2;27.5
11;3839;48.9;31.9
11;5022;107.9;84.5
11;11781;43.4;14.4
11;11786;97.4;78.0
11;11800;18.7;9.6
11;11802;55.2;31.0
11;11804;8.8;0.9
11;11805;94.8;76.1
11;11806;7.8;0.3
11;11807;12.0;2.2
11;11808;12.6;3.2
11;11813;7.4;0.1
11;11827;94.6;79.0
11;11828;88.5;73.8
11;11999;8.0;0.4
11;12090;14.9;3.7
11;12119;9.6;1.5
11;13470;8.6;0.8
11;13596;10.0;1.7
11;13650;49.3;32.1
11;14022;55.1;42.8
11;14103;8.3;0.6
11;14379;95.7;76.9
11;14558;98.4;78.3
11;14595;42.1;28.9
12;11826;98.0;36.7
12;12649;154.5;58.1
12;13356;29.4;18.7
13;11029;106.6;52.3
13;12188;;
13;12196;;
13;12249;112.9;55.4
13;12254;128.9;61.0
13;12255;109.9;47.6
13;12259;130.4;65.2
13;12376;117.3;45.8
13;12393;86.0;36.7
13;12394;85.4;36.4
13;12435;90.4;35.8
13;12817;120.7;46.8
13;12826;98.6;49.1
13;12954;120.2;69.9
13;12967;109.6;59.1
13;12981;136.1;69.5
13;12982;149.1;77.5
13;12984;137.8;71.9
13;12985;189.2;92.4
13;14429;28.7;10.8
14;756;43.1;16.7
14;757;57.4;22.7
14;1939;52.6;22.5
14;11455;50.5;20.3
14;11474;60.5;24.6
14;11537;63.9;27.0
14;11818;127.2;79.6
14;11985;;
14;11988;64.7;27.3
14;11989;65.4;27.6
14;12433;;
14;12463;71.0;30.2
14;12781;129.5;81.4
14;12798;131.2;82.2
14;12800;133.7;83.3
14;12816;191.9;112.4
15;687;28.7;18.5
15;844;30.2;19.3
15;2283;29.3;16.1
15;2368;35.4;24.8
15;2657;63.0;44.4
15;12072;36.1;21.4
15;12228;145.9;74.6
15;12230;158.9;80.1
15;12305;73.2;38.9
15;12324;114.9;59.4
15;12366;83.8;45.5
15;12439;35.5;14.4
15;12834;34.3;14.9
15;14014;28.3;18.0
15;14040;29.8;19.1
16;2416;130.2;65.7
16;11572;113.8;65.7
16;11619;77.8;41.4
16;12073;164.5;84.9
16;12157;41.2;19.3
16;12170;54.0;27.4
16;12222;24.6;9.8
16;12345;12.8;2.1
16;12419;10.5;1.4
16;12547;89.2;48.9
16;13205;50.9;22.9
17;34;185.9;79.6
17;1137;9.7;1.0
17;1138;7.5;0.2
17;1515;8.2;0.5
17;4002;7.8;0.3
17;7306;163.3;73.6
17;12251;124.2;48.7
17;12252;143.0;56.0
17;12253;127.5;49.8
17;12257;143.1;56.0
17;12265;133.5;51.6
17;12266;116.0;45.7
17;12267;133.9;51.8
17;12422;127.6;49.6
17;12425;164.0;61.4
17;12815;173.0;64.4
17;13297;209.9;94.6
17;13919;7.9;0.4
17;13920;7.4;0.1
17;14087;196.0;83.5
17;14088;187.7;80.5
17;14090;167.5;73.6
17;14127;186.5;79.9
17;14128;202.1;82.9
17;14158;186.3;78.2
17;14407;123.7;47.6
17;14472;118.7;55.1
17;14495;200.2;87.8
17;14539;114.8;55.1
17;14725;157.6;77.9
18;32;111.2;54.1
18;571;72.5;34.1
18;577;18.0;4.7
18;602;129.9;60.2
18;1799;83.3;42.9
18;2039;130.0;60.0
18;2579;;
18;3055;129.8;60.2
18;3942;107.8;48.7
18;4677;130.7;64.5
18;4678;21.1;8.1
18;8006;11.7;2.3
18;8066;133.8;59.2
18;8068;15.2;5.0
18;8256;42.1;14.3
18;8378;159.0;88.3
18;8746;156.3;79.0
18;9023;67.5;28.3
18;11111;142.3;60.0
18;11229;;
18;11230;178.3;99.7
18;11533;92.5;40.2
18;11554;125.5;59.1
18;11847;;
18;11898;105.8;58.6
18;14055;132.7;66.8
18;14464;148.6;83.3
18;14465;84.7;49.1
18;14528;107.7;48.7
18;14645;76.2;32.2
18;14652;11.1;2.1
18;14653;11.2;2.1
18;14654;11.3;2.1
18;14708;24.5;6.9
19;127;22.8;10.5
19;1315;10.2;1.5
19;1735;13.1;3.5
19;1843;59.7;30.5
19;2335;90.7;49.0
19;2338;102.8;57.5
19;2473;72.5;27.3
19;3238;249.9;131.4
19;3862;204.8;122.8
19;11054;7.5;0.1
19;11070;9.4;1.0
19;11176;157.2;98.7
19;11957;54.5;18.8
19;11959;61.1;21.2
19;11973;91.4;49.6
19;11974;91.4;49.6
19;11975;95.9;52.4
19;12855;101.2;45.6
19;12856;93.1;50.5
19;12907;9.9;1.6
19;13294;91.3;49.5
19;13619;61.2;21.3
19;13735;59.3;20.4
19;13764;33.6;14.7
19;13990;98.5;49.7
19;14000;103.6;52.3
19;14006;99.5;50.6
19;14010;98.3;46.9
19;14051;190.2;84.8
19;14146;10.4;1.8
20;500;18.4;5.3
20;2545;40.0;14.8
20;11525;69.1;27.2
20;11662;24.9;8.2
20;11663;22.6;7.3
20;11664;27.5;9.5
20;11665;20.3;6.6
20;11667;73.6;32.4
20;11668;105.4;55.4
20;11669;60.4;21.3
20;11736;191.1;95.2
21;88;81.5;53.3
21;90;85.9;51.6
21;93;43.7;27.5
21;94;28.4;14.4
21;1577;36.0;18.3
21;1593;9.7;1.7
21;2955;8.2;0.6
21;2974;24.6;8.8
21;2975;25.2;12.2
21;2989;26.0;13.1
21;3004;11.6;3.3
21;3023;35.1;22.1
21;3943;38.3;20.1
21;3948;34.9;22.0
21;4339;35.1;22.1
21;5317;45.8;28.9
21;8706;64.9;36.4
21;9144;17.9;5.3
21;9851;75.4;46.8
21;10938;110.1;66.5
21;11233;53.1;28.7
21;11235;58.4;32.4
21;11434;48.0;25.6
21;11437;29.3;15.1
21;11438;79.6;45.6
21;11456;79.3;45.4
21;11465;62.1;40.5
21;11466;27.0;11.1
21;11885;75.1;46.6
21;12111;15.7;3.8
21;14036;35.2;22.1
21;14334;34.2;21.5
21;14423;75.5;46.9
21;14643;77.1;47.6
22;22;118.5;52.7
22;866;114.9;49.5
22;2139;218.1;77.7
22;2140;218.1;77.7
22;2445;231.9;140.8
22;2882;19.1;5.9
22;2887;16.5;3.7
22;3016;65.9;26.9
22;4915;120.2;53.4
22;4941;130.1;51.3
22;4946;114.9;51.2
22;6968;277.7;106.8
22;7014;285.1;150.8
22;9473;82.8;29.2
22;10347;41.6;15.7
22;10349;51.2;17.7
22;10952;47.9;18.7
22;10953;59.3;22.5
22;10955;47.8;18.6
22;10956;47.4;18.5
22;11124;245.6;126.6
22;11150;48.0;18.7
22;11175;52.0;20.3
22;11248;52.4;20.5
22;11249;61.4;24.0
22;11251;276.8;106.5
22;11492;256.4;99.8
22;12788;243.1;135.0
22;12857;247.4;93.9
22;13122;65.1;26.6
22;13365;64.9;26.5
22;13469;83.9;29.7
22;14193;28.2;8.0
22;14194;32.2;12.9
22;14203;27.2;10.4
23;629;7.4;0.1
23;995;52.3;30.3
23;1337;18.0;7.8
23;1739;52.0;30.1
23;1740;7.5;0.1
23;2754;8.2;0.5
23;4753;16.6;3.6
23;4771;94.9;63.8
23;8189;7.7;0.2
23;12945;123.5;78.1
23;13121;9.1;0.9
23;13316;8.8;0.7
23;14032;11.3;2.2
23;14271;33.9;19.1
23;14333;91.3;43.8
24;3668;56.7;35.6
24;6211;56.0;19.5
24;6216;44.3;26.6
24;7202;36.1;13.2
24;7206;45.7;16.5
24;7207;40.2;14.2
24;7210;54.8;19.5
24;7211;56.3;19.6
24;11064;150.2;85.4
24;11068;158.3;88.4
24;11069;158.7;88.7
24;11116;151.4;86.0
24;11117;151.1;85.8
24;11119;45.4;17.3
24;11127;127.1;66.7
24;11128;183.6;109.3
24;11153;40.4;14.7
24;14275;56.0;25.3
24;14280;65.9;38.0
24;14304;55.4;33.0
25;270;40.5;26.8
25;271;38.6;27.4
25;279;29.4;14.0
25;1738;39.6;27.2
25;1961;89.5;53.4
25;2339;;
25;2348;100.6;80.5
25;2350;119.9;93.6
25;2356;15.7;6.1
25;3786;11.7;4.1
25;3787;11.9;4.2
25;3792;16.5;6.5
25;3845;42.1;25.1
25;3849;65.3;42.1
25;3878;23.1;10.2
25;4896;18.4;7.3
25;5415;30.3;14.9
25;11079;28.1;17.9
25;11880;18.6;10.6
25;13331;66.7;39.4
25;13364;42.1;25.0
25;13481;11.9;4.1
25;13489;38.7;27.5
25;13504;46.9;33.7
25;13518;67.5;44.1
25;13624;19.2;7.2
25;13629;22.6;9.8
25;13662;22.6;9.8
25;13725;13.8;6.0
25;13727;7.6;0.2
25;13744;38.5;23.8
25;14064;69.4;49.9
25;14066;13.7;6.0
25;14202;18.4;10.5
25;14325;11.7;4.0
26;333;;
26;345;146.2;61.6
26;7705;26.1;8.9
26;7706;14.8;2.6
26;7707;57.4;25.4
26;11264;53.6;19.3
26;11276;43.9;15.8
26;11278;24.5;8.1
26;11291;53.2;19.6
26;11292;50.1;18.3
26;11293;53.2;19.6
26;11294;86.2;35.0
26;11295;20.2;6.3
26;11297;108.4;43.8
26;11298;85.2;33.7
26;11299;185.5;73.0
26;11301;22.4;5.1
26;11302;60.6;22.9
26;11337;60.1;22.7
26;11338;60.4;22.9
26;11339;172.2;77.1
26;11341;61.8;23.6
26;11342;191.5;75.8
26;11346;189.5;74.8
26;11431;190.8;83.5
26;11503;60.4;22.9
26;11723;145.1;61.2
26;11724;53.2;23.3
26;11725;26.1;9.0
26;11729;35.0;14.1
27;245;61.2;47.3
27;246;76.6;59.7
27;247;64.2;51.4
27;250;14.0;3.4
27;251;51.0;21.0
27;254;67.8;29.6
27;1613;86.8;64.7
27;1614;45.0;28.3
27;1615;10.0;1.7
27;2468;66.6;53.6
27;2718;37.3;28.1
27;5161;63.8;51.5
27;7695;14.6;3.8
27;7696;60.8;49.5
27;8091;14.8;5.7
27;8093;21.7;6.6
27;8413;63.8;51.5
27;8451;71.2;57.3
27;8617;69.9;54.7
27;9020;13.5;4.8
27;11220;92.2;71.6
27;11589;60.5;49.5
27;11862;52.0;41.4
27;13821;86.8;64.7
27;14596;13.6;4.1
28;3612;60.9;21.7
28;5559;64.1;26.2
28;10241;23.0;6.5
28;10242;44.7;17.0
28;10243;11.5;2.1
28;10244;7.5;0.2
28;11110;362.1;149.9
28;11524;42.6;16.9
28;11562;162.8;72.3
28;11629;113.8;53.4
28;12445;;
28;12896;100.9;47.1
28;13005;34.2;10.3
28;13006;24.8;6.5
28;13007;31.9;8.9
28;13012;40.5;13.2
28;13013;44.1;14.7
28;13016;60.1;23.1
28;13029;42.6;14.6
28;13077;57.5;20.4
28;13091;78.2;32.9
28;13860;84.5;35.6
28;13862;91.9;38.8
28;13865;83.1;34.8
28;13886;81.1;34.0
28;14238;66.9;28.3
28;14537;134.0;56.9
28;14550;119.6;50.7
28;14606;130.3;54.9
28;14612;143.6;62.6
28;14613;143.5;62.6
28;14614;139.4;55.2
28;14615;156.5;67.0
28;14631;132.3;56.0
29;2583;148.7;105.6
29;2596;19.6;7.3
29;12653;23.7;6.4
29;12654;12.8;2.0
29;12655;17.9;4.0
29;12656;21.5;5.4
29;12660;45.5;22.8
29;12661;31.8;14.7
29;12678;23.7;6.4
29;12679;18.6;6.2
29;14317;74.6;33.7
30;831;57.3;36.0
30;871;48.9;33.5
30;1869;57.7;41.6
30;2194;53.3;37.7
30;2429;11.8;2.6
30;2447;7.3;0.1
30;2450;11.4;2.2
30;2486;35.1;20.1
30;4053;63.5;37.2
30;7143;61.0;44.0
30;11353;11.8;2.5
30;11634;11.5;2.4
30;11635;11.9;2.6
30;11683;49.1;33.5
30;11684;65.4;47.6
30;11686;48.8;33.4
30;11687;49.5;33.8
30;11690;50.7;34.6
30;11691;50.7;34.6
30;11693;63.7;45.8
30;11694;75.8;55.0
30;11695;12.2;2.8
30;11696;11.8;2.5
30;11697;12.1;2.7
30;12818;113.6;77.5
30;12822;143.5;89.6
30;12824;110.4;75.6
30;12939;82.3;37.8
30;12955;12.9;3.2
30;13773;12.1;2.7
30;14092;8.9;0.8
30;14261;7.6;0.2
30;14262;8.4;0.6
30;14264;19.3;6.1
30;14372;18.6;5.7
30;14392;7.6;0.2
30;14397;13.1;3.1
30;14400;8.6;0.6
30;14562;120.8;79.0
30;14568;155.7;99.6
31;1205;59.0;45.9
31;1287;26.9;16.1
31;1302;;
31;1306;26.5;16.6
31;1307;27.7;17.1
31;1308;26.8;16.8
31;1309;23.1;13.2
31;1310;26.6;16.7
31;1312;26.7;16.8
31;1313;25.5;15.8
31;1360;15.5;7.0
31;1362;18.5;9.3
31;1374;17.1;8.1
31;1379;17.8;8.7
31;1384;18.3;9.2
31;1393;18.0;8.9
31;1396;12.0;3.7
31;1402;47.7;35.5
31;1404;50.7;37.3
31;1850;26.5;15.6
31;1890;11.7;3.4
31;1896;12.3;4.1
31;1913;12.1;4.0
31;1931;16.9;7.7
31;1937;25.5;12.2
31;1965;18.0;8.9
31;1978;20.5;10.6
31;1981;17.5;8.8
31;1991;15.3;6.8
31;1993;12.5;4.2
31;2008;20.3;10.9
31;2018;15.1;6.4
31;2070;27.3;17.3
31;2110;10.9;2.8
31;2112;10.8;2.8
31;2114;10.0;2.1
31;2118;12.3;4.1
31;2195;23.5;13.5
31;2526;26.5;16.6
31;2786;40.1;27.6
31;2788;37.2;24.5
31;2805;39.2;25.6
31;3071;45.0;30.3
31;3137;41.9;25.7
31;3151;43.1;30.1
31;3185;16.8;7.6
31;3271;9.4;1.5
31;3273;7.5;0.1
31;3285;9.7;1.8
31;3290;9.7;2.0
31;3292;9.3;1.6
31;3309;8.1;0.6
31;3311;8.4;0.9
31;3314;16.9;7.7
31;3318;12.4;4.1
31;3319;12.3;4.1
31;3321;12.9;4.8
31;3348;18.8;9.4
31;3349;18.8;9.4
31;3350;18.8;9.4
31;3351;18.6;9.1
31;3353;18.4;9.3
31;3354;18.0;9.1
31;3937;16.7;8.0
31;3965;20.1;10.9
31;4033;14.3;5.9
31;4132;16.3;7.7
31;4214;15.1;6.5
31;4290;18.4;9.3
31;4298;19.4;10.2
31;4302;18.4;9.3
31;4351;17.8;9.0
31;4353;19.6;10.3
31;4356;16.9;8.2
31;4359;17.8;8.8
31;4367;17.9;8.8
31;4451;18.4;9.2
31;4464;18.4;9.0
31;4465;18.1;8.9
31;4481;18.7;9.4
31;4484;15.3;6.8
31;4548;17.9;8.8
31;4614;17.8;8.8
31;4627;18.6;9.1
31;4788;16.9;7.7
31;4811;18.3;8.8
31;5040;19.5;10.1
31;5041;32.0;21.1
31;5236;12.4;3.8
31;5245;10.8;2.6
31;5438;10.5;2.7
31;5585;12.4;4.1
31;5726;47.4;35.1
31;5727;45.1;32.6
31;5731;57.0;40.2
31;6006;58.8;45.8
31;6008;16.5;7.2
31;6463;15.8;6.9
31;6464;16.6;7.2
31;6477;14.4;5.9
31;6478;13.7;5.2
31;6650;26.2;16.5
31;6815;12.5;4.1
31;6819;8.3;0.7
31;6821;9.2;1.5
31;6822;9.7;1.8
31;7336;41.2;27.4
31;7343;51.7;35.7
31;7547;46.1;32.8
31;8433;11.9;3.8
31;8444;11.4;3.4
31;8452;12.4;4.3
31;8830;9.9;1.9
31;8832;8.7;1.1
31;8834;9.2;1.4
31;8836;10.5;2.4
31;8853;9.1;1.4
31;9999;43.0;30.0
31;10001;44.0;30.5
31;10003;43.5;30.2
31;10004;45.0;31.2
31;10005;37.5;24.1
31;10007;56.6;36.8
31;10008;44.1;27.5
31;10081;44.3;27.6
31;10099;47.5;28.1
31;10122;40.1;27.6
31;10318;40.7;28.5
31;10319;28.5;15.5
31;10874;12.1;3.6
31;10885;44.2;28.0
31;10898;9.9;2.0
31;10931;15.1;6.7
31;10941;49.7;36.7
31;10943;16.5;7.8
31;10959;8.2;0.7
31;11122;16.3;7.6
31;11146;39.8;27.1
31;11192;37.3;25.5
31;11199;26.7;16.7
31;11212;35.0;23.7
31;11232;12.5;4.1
31;11243;12.0;3.8
31;11279;44.4;30.0
31;11332;10.2;2.3
31;11334;10.2;2.3
31;11335;10.2;2.2
31;11343;11.6;3.4
31;11391;24.0;13.6
31;11392;23.3;13.0
31;11400;27.1;15.5
31;11402;24.2;13.7
31;11403;22.1;12.1
31;11404;26.4;15.2
31;11596;26.9;16.1
31;11872;18.4;9.0
31;11891;14.9;6.2
31;12117;10.2;2.3
31;12139;58.8;45.8
31;12283;54.8;40.7
31;12289;10.7;2.7
31;12344;13.9;5.4
31;12396;11.6;3.3
31;12397;19.5;9.7
31;12403;11.8;3.4
31;12404;13.2;4.8
31;12409;39.0;27.1
31;12410;57.3;43.5
31;12500;66.4;51.0
31;12574;27.3;17.0
31;12676;40.2;26.3
31;12894;17.9;8.9
31;12914;17.3;8.4
31;12915;29.1;16.0
31;13002;59.2;46.0
31;13079;72.3;52.0
31;13083;17.8;8.8
31;13164;10.1;1.9
31;13249;43.0;30.0
31;13390;46.6;27.7
31;13419;46.1;27.4
31;13450;7.8;0.3
31;13496;15.1;6.1
31;13524;13.6;5.2
31;13544;19.7;10.3
31;13561;27.8;14.0
31;13584;43.2;30.3
31;13590;19.7;10.3
31;13632;16.6;7.9
31;13634;13.3;5.1
31;13643;43.7;30.5
31;13644;16.8;8.2
31;13646;19.4;10.1
31;13652;25.5;15.9
31;13655;17.8;8.8
31;13656;26.8;16.9
31;13695;11.8;3.7
31;13713;35.0;22.7
31;13772;12.7;4.5
31;13784;11.8;3.6
31;13878;25.7;15.5
31;13925;14.5;6.0
31;13960;42.6;29.9
31;14029;9.9;1.9
31;14056;43.4;30.3
31;14057;8.3;0.8
31;14097;8.2;0.6
31;14160;26.7;15.8
31;14296;43.7;30.5
31;14335;26.9;16.1
31;14354;18.2;8.9
31;14418;15.9;7.0
31;14463;58.8;45.7
31;14497;61.3;44.9
31;14523;14.6;6.1
31;14560;15.5;6.9
31;14593;43.7;30.5
32;895;50.4;38.2
32;916;47.3;34.9
32;1059;39.3;28.1
32;2176;27.9;15.4
32;3146;19.6;11.3
32;9073;31.6;18.2
32;10930;8.1;0.6
32;10935;19.4;10.1
32;10939;27.6;13.7
32;10942;24.3;12.0
32;10975;27.9;18.1
32;10996;17.9;9.6
32;11010;41.9;30.3
32;11013;46.1;34.4
32;11014;23.9;14.8
32;11015;36.3;25.5
32;11018;27.1;17.6
32;11034;66.9;52.4
32;11267;8.0;0.4
32;11270;26.8;17.5
32;11289;39.4;26.3
32;11347;33.2;22.7
32;11965;39.9;26.6
32;11971;38.9;26.1
33;196;11.5;3.2
33;197;21.6;9.9
33;198;22.5;13.6
33;321;7.4;0.1
33;702;8.1;0.6
33;703;7.5;0.1
33;704;8.0;0.6
33;713;11.4;2.3
33;714;16.1;6.1
33;717;37.8;28.2
33;794;20.7;11.3
33;795;15.5;4.5
33;797;32.5;17.5
33;798;29.3;16.1
33;800;31.1;22.1
33;803;29.1;15.9
33;820;31.0;21.9
33;821;27.6;19.2
33;822;31.0;22.0
33;823;44.5;24.0
33;824;31.5;22.3
33;840;27.4;18.0
33;1179;8.8;1.0
33;1180;26.6;17.6
33;1183;27.7;12.2
33;1192;20.0;9.1
33;1194;18.5;9.8
33;1198;37.8;28.2
33;2093;22.3;9.1
33;2133;19.6;10.6
33;3881;31.0;21.9
33;3954;24.6;16.2
33;3955;24.5;16.1
33;3956;20.6;11.3
33;3958;20.3;11.6
33;3960;16.1;6.1
33;3961;22.5;13.9
33;3962;22.5;13.9
33;5002;22.1;12.4
33;5005;31.1;22.1
33;5006;30.8;22.2
33;5007;16.9;8.8
33;5010;36.8;24.4
33;5011;35.7;26.6
33;5107;9.2;1.7
33;5147;22.7;7.0
33;5275;30.9;21.9
33;5643;18.9;10.6
33;5645;25.4;12.9
33;6891;25.3;12.4
33;6893;28.9;14.5
33;6894;19.8;10.3
33;6947;18.9;10.6
33;6961;15.4;7.1
33;6964;14.3;6.5
33;7046;68.5;47.9
33;7047;68.3;51.1
33;7050;69.0;48.9
33;7051;59.7;39.9
33;7053;73.7;49.8
33;7058;74.3;48.6
33;7073;70.5;51.9
33;7274;27.8;17.3
33;7282;22.6;13.6
33;7291;40.8;22.3
33;7293;22.5;14.1
33;9441;22.8;14.1
33;9728;28.9;16.5
33;10936;23.0;13.4
33;10944;19.5;10.6
33;11086;81.1;52.2
33;11090;64.2;44.8
33;11091;77.5;52.5
33;11092;80.9;52.7
33;11130;74.5;50.3
33;11133;68.3;51.1
33;11240;88.9;59.2
33;11330;10.4;2.4
33;12143;13.4;5.3
33;12455;27.4;18.1
33;12591;20.1;9.1
33;12592;21.2;10.4
33;12594;33.9;13.8
33;12595;27.6;12.2
33;12662;17.0;7.6
33;12966;36.6;24.3
33;13279;40.9;26.1
33;13536;48.2;38.2
33;13537;48.2;38.2
33;13603;41.6;30.9
33;13628;43.7;32.1
33;13651;38.8;28.3
33;13663;41.1;29.1
33;13787;22.8;14.3
33;13812;17.1;8.1
33;13845;16.5;7.7
33;13864;16.8;8.0
33;13871;16.1;7.3
33;13900;75.6;46.6
33;13901;87.8;51.6
33;13903;75.8;46.7
33;13907;83.8;49.9
33;13944;50.0;27.0
33;14013;28.2;18.8
33;14016;29.2;19.3
33;14115;23.7;13.4
33;14116;40.5;29.1
33;14204;34.4;25.5
33;14302;57.6;30.9
33;14313;92.2;57.7
33;14368;47.1;25.3
33;14395;48.9;38.7
33;14417;27.9;18.4
34;335;36.3;21.6
34;338;68.1;42.6
34;507;207.5;157.5
34;1908;233.0;169.6
34;2272;216.5;159.1
34;5593;78.1;47.8
34;12613;37.9;22.6
34;13162;198.7;150.1
34;13258;205.3;156.5
34;13263;194.4;148.4
34;13324;233.9;168.2
34;13765;51.2;29.0
34;14358;48.4;27.9
36;885;8.5;0.6
36;886;7.6;0.2
36;894;7.9;0.3
36;896;7.8;0.3
36;897;7.6;0.2
36;898;8.2;0.5
36;899;8.9;0.8
36;902;7.9;0.3
36;903;8.2;0.5
36;910;7.5;0.1
36;912;8.8;0.7
36;915;8.4;0.6
36;921;41.6;27.2
36;926;9.5;1.1
36;939;20.8;11.7
36;943;45.7;34.0
36;944;52.4;40.6
36;1790;8.6;0.7
36;1792;9.7;1.3
36;1821;56.5;44.6
36;1822;57.6;45.5
36;2230;8.0;0.4
36;2235;7.9;0.3
36;2239;8.5;0.7
36;2576;34.3;23.9
36;2600;8.1;0.4
36;2697;9.1;0.9
36;3618;91.9;45.4
36;3646;59.8;46.8
36;3655;8.9;0.8
36;3662;23.2;14.1
36;6794;184.4;135.5
36;6899;9.2;1.0
36;7869;52.1;40.4
36;8206;10.7;1.7
36;8213;7.9;0.3
36;8216;8.7;0.7
36;8387;7.9;0.3
36;10866;89.3;42.7
36;10867;102.8;55.0
36;11039;134.4;67.0
36;11380;108.7;84.6
36;11557;39.3;20.6
36;11871;21.7;12.4
36;12039;109.3;87.2
36;12041;101.3;82.0
36;12044;95.4;77.0
36;12045;106.1;86.1
36;12046;102.3;82.4
36;12047;100.6;82.0
36;12183;10.4;1.8
36;12497;181.5;134.1
36;12502;181.5;134.1
36;12503;181.5;134.1
36;12506;185.5;135.8
36;12515;196.9;135.3
36;12572;195.5;139.8
36;12612;23.1;14.0
36;12766;16.2;6.6
36;13269;51.3;39.8
36;13318;57.9;41.2
36;13319;54.8;41.9
36;13320;52.9;40.8
36;13490;24.8;13.7
36;13568;37.3;21.3
36;13639;10.3;2.1
36;13642;8.9;0.8
36;13648;24.5;14.4
36;13697;9.7;1.3
36;13706;41.7;30.7
36;13710;8.2;0.6
36;13711;52.4;40.6
36;13721;20.8;11.7
36;13722;52.4;40.6
36;13842;21.6;12.5
36;13856;21.0;11.9
36;13857;20.7;11.6
36;14083;20.7;11.6
36;14130;87.9;70.8
36;14163;36.0;26.0
36;14165;36.5;26.2
36;14197;36.2;26.3
36;14311;20.9;11.5
36;14312;20.8;11.7
36;14359;36.6;26.4
36;14403;23.1;11.7
36;14404;24.8;11.9
36;14721;104.1;74.9
37;223;105.2;80.3
37;224;107.5;81.3
37;258;19.2;9.5
37;1070;74.8;54.1
37;2454;124.9;89.6
37;11367;124.7;95.2
37;11481;15.1;5.4
37;11510;10.7;2.4
37;11822;76.3;54.8
37;11987;28.2;17.6
37;12011;19.7;9.7
37;12012;22.0;12.1
37;12013;21.6;10.4
37;12015;20.7;10.3
37;12077;17.4;6.0
37;12078;17.4;6.0
37;12079;20.0;7.2
37;12113;15.9;5.3
37;12114;24.1;13.0
37;12115;13.3;3.2
37;12147;20.6;11.8
37;12148;22.9;13.7
37;12149;22.6;13.6
37;12151;21.9;12.0
37;12152;21.6;11.9
37;13230;107.4;82.5
37;14108;102.7;77.6
38;431;81.1;64.4
38;432;90.2;72.2
38;433;102.3;79.3
38;434;49.9;36.2
38;435;54.5;43.6
38;460;43.8;33.6
38;461;9.1;1.5
38;462;35.7;15.4
38;889;7.5;0.2
38;3477;42.5;33.0
38;4047;76.6;58.6
38;4048;100.7;80.3
38;4107;80.5;50.6
38;4108;52.9;37.8
38;4109;59.3;44.4
38;4113;42.4;33.0
38;4202;92.8;72.8
38;4757;84.5;66.9
38;4763;92.8;74.8
38;5025;61.8;28.4
38;5358;92.8;71.4
38;11777;8.1;0.5
38;11793;42.6;33.1
38;12623;45.7;19.8
38;12624;11.0;2.0
38;12625;41.4;17.9
38;14401;80.6;63.7
38;14548;87.6;69.3
39;3938;;
39;6121;40.8;15.5
39;6123;;
39;10900;12.2;2.1
39;11749;;
39;12804;;
39;13863;36.2;14.3
40;344;203.3;114.9
40;2768;37.8;23.8
40;4172;104.2;68.4
40;6223;39.1;20.5
40;6738;92.5;59.3
40;11722;203.3;114.9
40;11734;90.4;54.9
40;11790;86.4;55.9
40;12485;227.1;125.4
40;12910;68.7;46.3
40;12979;59.8;34.1
40;14270;53.1;30.9
40;14339;34.1;21.0
40;14413;37.1;23.2
40;14414;37.9;23.9
40;14415;39.6;24.4
40;14420;37.8;23.8
41;749;58.9;34.8
41;750;57.2;20.2
41;2191;75.6;27.4
41;5829;61.5;39.3
41;5882;48.0;17.2
41;6004;20.9;10.5
41;9169;33.1;10.3
41;9505;132.6;88.9
41;11201;120.2;81.4
41;11288;144.8;97.1
41;11313;128.1;86.1
41;11328;134.3;90.3
41;13541;31.3;9.7
41;13906;27.0;8.2
42;656;46.2;22.6
42;668;88.5;32.3
42;674;98.1;51.1
42;675;45.1;22.0
42;2706;87.2;38.7
42;2708;87.2;38.6
42;2836;193.9;123.6
42;2969;99.0;51.4
42;2978;203.4;125.1
42;3890;51.2;25.8
42;5949;274.8;110.0
42;6255;51.1;25.7
42;6277;116.8;44.0
42;6850;100.5;38.2
42;12901;183.6;84.0
42;13050;204.4;127.6
42;13586;105.2;54.0
42;13620;127.5;61.4
42;13776;118.0;44.5
42;13912;51.5;25.9
42;13975;118.3;44.7
43;1438;53.8;20.7
43;1441;54.2;21.2
43;2973;51.3;21.3
43;4667;87.2;57.4
43;6654;50.9;22.4
43;6687;39.4;14.7
43;6688;50.5;22.1
43;6913;196.7;116.6
43;7278;41.4;16.2
43;8035;85.5;56.5
43;8039;93.6;63.6
43;8741;54.3;22.8
43;11008;70.2;33.7
43;11275;78.8;33.2
43;11285;86.5;37.2
43;11311;86.1;37.1
43;11314;60.6;32.3
43;11315;69.4;29.1
43;11458;;
43;11476;70.7;30.4
43;11496;40.0;14.3
43;11507;;
43;11711;57.4;30.5
43;11761;112.5;54.4
43;11791;257.5;151.9
43;11792;146.7;90.1
43;11977;;
43;11978;48.1;20.3
43;11990;62.5;26.1
43;12066;94.9;63.6
43;12486;48.8;17.8
43;12794;193.6;113.5
43;12799;191.2;112.9
43;12808;196.2;117.3
43;12809;161.4;99.6
43;13129;69.5;28.5
43;13239;256.8;151.7
45;1005;25.3;8.8
45;10309;24.6;8.5
45;10310;;
45;10313;;
45;10314;;
45;10316;11.3;2.0
45;10317;;
45;11131;;
45;12588;8.5;0.6
45;14299;;
46;429;7.6;0.2
46;446;37.5;27.6
46;447;29.0;17.0
46;449;47.3;33.3
46;450;85.2;55.3
46;1681;;
46;3033;46.1;35.2
46;3474;51.9;41.5
46;4712;66.1;43.0
46;4730;16.7;7.3
46;4732;19.2;9.0
46;4736;39.2;21.1
46;4737;30.6;17.8
46;4790;31.0;18.0
46;5019;38.0;26.5
46;11508;29.2;16.5
46;11564;30.2;17.3
46;11570;21.3;10.8
46;11585;23.1;12.3
46;11593;37.4;20.9
46;11598;30.4;13.2
46;11639;38.5;21.5
46;11759;;
46;11762;33.9;19.6
46;11773;37.7;23.3
46;11775;65.8;42.9
46;11809;62.8;41.3
46;11849;23.9;7.7
46;11850;16.7;6.2
46;11851;26.3;14.8
46;11852;33.0;20.5
46;11853;29.4;13.1
46;11854;19.6;9.8
46;11855;38.6;22.8
46;11856;34.4;15.6
46;12197;44.2;33.0
46;12203;42.4;32.0
46;12204;47.6;34.3
46;12212;38.3;28.0
46;12217;34.1;19.4
46;12218;61.4;39.7
46;12220;40.5;30.3
46;12221;37.1;27.4
46;12470;88.0;55.8
46;12471;78.2;50.9
46;12472;46.9;33.0
46;13335;37.7;21.1
47;1760;73.1;49.6
47;1763;38.8;19.7
47;3111;58.9;41.0
47;5342;99.5;70.8
47;11104;10.6;1.7
47;13349;8.2;0.5
47;13350;7.9;0.4
47;13479;7.9;0.3
47;13880;16.0;4.2
47;14338;90.9;62.5
48;7385;;
48;7388;205.8;106.4
48;11887;26.1;10.5
48;11894;69.1;32.0
48;12710;39.7;15.9
48;12739;34.1;11.6
48;12772;21.9;7.8
48;12924;54.2;18.4
48;12925;7.8;0.3
48;12932;50.9;17.0
48;12933;77.3;27.3
48;12934;68.6;23.4
48;12962;68.8;35.2
48;13456;14.3;3.2
48;13716;20.0;6.2
49;12865;80.1;51.3
49;12891;37.5;21.7
49;13681;48.0;27.6
49;13830;40.2;28.7
49;13831;38.4;21.7
50;676;8.3;0.6
50;677;8.2;0.5
50;678;8.0;0.4
50;679;9.2;1.2
50;680;8.3;0.6
50;682;21.4;8.3
50;683;15.4;6.1
50;1719;7.7;0.3
50;1729;7.5;0.1
50;1859;33.9;20.4
50;11505;9.6;1.5
50;11672;235.5;111.5
50;11962;30.6;15.3
50;11970;10.5;2.2
50;12229;196.5;95.8
50;12232;249.4;117.5
50;12233;309.6;138.7
50;12234;209.4;100.6
50;12284;7.8;0.3
50;12320;73.1;49.1
50;12362;9.3;1.3
50;12569;34.6;20.8
50;12585;19.9;7.6
50;12973;27.0;16.3
50;13220;8.1;0.4
50;13476;231.6;109.3
50;13696;93.6;62.1
50;13835;8.2;0.5
50;13885;9.1;1.2
50;14456;9.3;1.3
50;14504;8.4;0.7
51;8975;28.0;8.2
51;9033;7.4;0.1
51;9047;7.4;0.1
51;9310;268.8;111.9
51;12444;271.6;191.4
51;12526;73.7;25.4
51;13672;281.7;194.8
51;13999;20.1;5.2
51;14191;27.6;8.3
51;14221;26.1;7.6
51;14507;276.6;183.1
51;14670;220.8;154.4
52;126;9.6;1.2
52;1946;187.3;79.7
52;2500;40.0;11.0
52;3924;153.5;64.1
52;11078;199.6;86.4
52;11774;338.3;152.0
52;11815;258.8;115.2
52;11816;255.9;113.8
52;11908;175.7;72.0
52;12380;184.8;79.9
52;12381;176.9;76.5
52;12459;10.8;1.7
52;12466;11.0;1.8
52;12680;137.0;57.5
52;14113;7.4;0.1
52;14137;43.3;17.1
52;14139;44.8;17.7
52;14149;44.1;17.7
52;14150;45.4;17.9
52;14157;18.7;5.3
52;14159;52.1;19.8
52;14707;295.7;134.5
53;3248;69.6;44.7
53;6436;67.4;43.9
53;9989;18.0;3.4
53;9994;7.7;0.2
53;10365;19.9;8.2
53;12131;19.0;3.7
53;12446;15.5;5.1
53;14141;11.5;1.4
53;14143;7.4;0.1
53;14145;16.5;5.6
53;14148;8.5;0.7
53;14172;236.1;143.1
53;14181;236.1;143.1
54;1143;8.2;0.6
54;1145;8.3;0.8
54;1146;8.6;0.8
54;1148;26.1;7.9
54;1149;27.6;13.6
54;1150;8.7;0.9
54;1152;13.2;4.1
54;1153;50.4;23.5
54;1155;120.4;75.6
54;1156;116.4;64.4
54;1747;39.9;12.9
54;2414;8.3;0.8
54;2415;8.2;0.7
54;2418;162.9;91.2
54;2462;16.1;5.6
54;2543;9.4;1.4
54;3880;9.0;1.1
54;4195;44.0;14.5
54;4281;145.9;83.1
54;4285;150.9;87.7
54;4414;149.3;87.0
54;4427;122.9;73.3
54;4782;151.1;87.9
54;5198;61.4;25.8
54;5210;71.8;40.3
54;5218;9.5;1.3
54;5229;108.0;70.1
54;11140;87.6;42.9
54;12367;125.6;76.9
54;14070;43.3;14.2
54;14085;20.2;5.0
55;587;11.7;3.1
55;589;22.4;11.3
55;596;19.8;9.8
55;597;10.7;2.2
55;606;40.2;27.7
55;972;7.6;0.2
55;973;9.0;0.8
55;974;8.8;0.8
55;975;7.5;0.1
55;976;9.0;0.9
55;977;8.0;0.4
55;980;8.2;0.5
55;982;9.9;1.3
55;983;9.1;1.0
55;985;9.2;1.1
55;989;9.4;1.1
55;993;8.2;0.5
55;2735;7.8;0.3
55;2744;8.6;0.7
55;2764;10.6;2.1
55;2775;9.1;1.0
55;2776;8.3;0.5
55;2837;10.9;2.3
55;3632;54.5;34.2
55;3941;24.0;12.8
55;4443;19.2;8.9
55;4697;27.6;16.9
55;4775;43.0;29.3
55;5591;7.6;0.2
55;6235;15.2;5.6
55;6236;11.4;2.4
55;6658;65.9;39.0
55;6659;43.0;29.3
55;6660;43.9;29.7
55;6662;54.9;34.4
55;6664;43.0;29.3
55;6758;22.3;9.5
55;8733;8.5;0.7
55;8865;72.8;53.5
55;12369;62.3;40.3
55;12555;72.4;40.4
55;12735;10.8;2.2
55;12916;20.7;8.2
55;12941;7.6;0.2
55;13194;9.5;1.1
55;13610;25.7;15.0
55;13791;8.9;0.9
55;14524;9.2;1.0
55;14605;9.3;1.2
55;14621;8.1;0.4
56;6250;54.8;29.0
56;6275;25.7;9.1
56;6276;22.8;7.7
56;6551;39.6;15.7
56;6556;38.6;15.2
56;9727;40.4;16.1
56;12331;25.5;9.1
56;12392;74.9;42.3
56;12412;74.9;36.1
56;12428;12.7;3.2
56;13042;217.3;120.9
56;13052;209.9;118.1
56;13056;221.1;122.8
56;13059;216.9;120.6
56;13061;216.9;120.6
56;13466;28.5;10.3
59;904;11.0;1.8
59;905;22.9;8.9
59;906;15.9;4.2
59;907;20.2;8.0
59;929;98.3;53.8
59;937;42.7;27.4
59;1812;61.8;38.0
59;1814;72.4;44.9
59;1818;61.9;36.7
59;1830;42.6;27.3
59;2238;9.4;1.1
59;2675;26.9;10.9
59;2682;44.7;22.9
59;3593;57.3;35.8
59;3653;41.2;26.5
59;3661;51.5;31.7
59;3698;66.7;40.5
59;3702;97.7;65.1
59;3704;82.5;51.9
59;3705;104.4;69.6
59;3707;115.2;74.2
59;6018;9.1;0.9
59;6184;29.0;17.3
59;6344;53.7;38.1
59;6489;167.0;101.3
59;7191;105.7;74.3
59;7225;46.6;31.1
59;7640;58.5;35.4
59;7735;49.0;21.0
59;8292;13.7;4.0
59;8424;167.8;101.7
59;10868;59.6;44.2
59;11006;34.7;22.0
59;11065;172.0;103.9
59;11360;48.2;29.7
59;12943;61.4;37.8
59;13231;149.3;92.3
59;13268;92.6;54.5
59;13270;20.5;7.4
59;13271;21.9;8.1
59;13317;29.0;17.3
59;13334;24.2;8.6
59;13336;19.8;9.0
59;13337;19.8;9.0
59;13645;10.2;1.4
59;13720;42.3;18.4
59;13959;47.4;32.6
59;14037;54.3;38.5
59;14100;50.8;31.4
59;14695;33.1;21.2
59;14696;44.6;30.0
60;69;17.8;5.4
60;394;23.4;10.7
60;1021;7.5;0.2
60;3194;11.4;1.8
60;4875;53.0;36.8
60;5355;57.4;36.7
60;5369;88.7;52.1
60;9251;69.7;44.3
60;12448;9.4;1.1
60;12545;83.6;48.8
60;13253;98.9;79.0
60;13557;89.8;72.1
60;13570;90.0;71.8
60;13755;7.5;0.1
60;13817;7.5;0.1
60;13818;7.5;0.1
60;13967;37.5;24.6
60;13985;13.7;4.8
60;14005;49.5;31.3
60;14019;49.2;31.2
60;14387;67.5;50.4
60;14435;11.8;3.0
60;14436;7.5;0.1
60;14641;51.9;36.5
60;14672;77.7;35.6
61;4442;7.4;0.1
61;12288;119.5;70.0
61;12374;17.0;7.1
61;13954;;
61;13978;7.4;0.1
61;13986;69.4;36.5
61;13997;118.6;69.5
61;13998;;
61;14039;8.0;0.4
61;14095;32.2;18.2
61;14107;12.2;2.7
61;14110;120.6;70.5
62;722;;
62;4670;37.5;20.4
62;4813;8.0;0.4
62;4954;10.1;1.9
62;5038;9.8;1.7
62;5280;81.8;55.3
62;5282;84.4;56.7
62;5283;72.3;56.5
62;5298;84.8;56.9
62;6809;12.5;3.6
62;6999;14.9;6.1
62;9120;11.7;3.5
62;11389;20.0;10.7
62;11447;21.9;11.5
62;11726;35.1;18.1
62;11730;;
62;11753;32.1;13.9
62;11992;51.6;40.0
62;14579;12.2;4.0
63;1701;75.4;29.0
63;4151;301.1;169.2
63;6719;26.9;10.0
63;7096;35.4;14.5
63;10915;38.0;15.2
63;10916;43.9;18.9
63;10918;34.0;15.2
63;10940;39.6;16.9
63;12338;187.4;106.4
63;13015;34.5;10.8
63;14099;34.6;14.3
63;14101;60.3;26.0
63;14373;35.3;14.4
63;14529;42.2;23.4
65;1888;50.7;39.2
65;10348;;
65;10353;111.6;79.0
65;10878;58.1;42.2
65;10945;70.1;59.0
65;11197;47.2;37.4
65;11309;112.9;79.7
65;11516;158.3;105.0
65;11518;41.0;31.7
65;11530;48.9;34.0
65;11563;117.5;85.3
65;12577;111.9;79.2
65;13928;116.7;83.6
66;2489;7.8;0.3
66;11354;30.0;14.1
66;11624;41.3;20.0
66;12743;189.2;102.6
66;12843;222.6;143.9
66;12883;;
66;13027;7.8;0.3
66;13188;37.0;17.6
66;13219;9.8;1.8
66;13342;227.0;123.6
66;13343;227.1;123.6
67;3970;7.6;0.2
67;4014;13.2;3.7
67;6279;171.8;77.1
67;11032;16.2;5.1
67;11436;18.2;5.9
67;11866;30.0;11.1
68;475;8.1;0.4
68;478;7.6;0.2
68;481;8.4;0.8
68;482;8.4;0.6
68;483;20.0;10.2
68;484;34.5;23.3
68;1173;7.6;0.2
68;1174;8.3;0.6
68;1175;7.9;0.3
68;2271;7.8;0.3
68;11834;26.1;17.2
68;11835;17.9;8.6
68;11836;8.1;0.5
68;11838;22.1;12.8
68;11867;14.8;6.0
68;12174;55.0;44.0
68;12175;102.1;70.8
68;12176;91.6;64.8
68;12177;110.8;75.4
68;12178;56.5;39.5
68;12179;57.6;45.4
68;12180;61.5;42.2
68;12181;49.4;38.9
68;12242;21.5;12.4
68;12244;12.3;4.0
68;14494;8.3;0.6
69;2569;124.9;50.3
69;2880;87.7;30.9
69;4037;25.1;10.5
69;12164;36.8;13.5
69;12240;85.4;35.8
69;12250;106.5;43.6
69;12690;60.0;24.9
69;13137;22.4;9.3
69;13389;22.4;9.4
69;13758;73.7;26.4
69;13759;72.3;25.5
69;13760;45.6;14.2
69;13761;69.8;29.1
69;13762;52.4;16.5
69;13763;46.6;14.6
69;14657;95.3;38.9
70;1232;49.8;32.2
70;1234;66.9;49.3
70;1237;58.3;35.0
70;1238;62.2;45.3
70;1298;82.8;62.4
70;2054;34.9;19.8
70;2056;16.1;7.2
70;2057;16.0;6.0
70;2059;38.0;22.2
70;3368;23.2;11.3
70;3369;23.9;12.1
70;3373;7.9;0.4
70;3375;7.6;0.2
70;3378;14.5;5.2
70;3379;7.5;0.1
70;3439;8.1;0.5
70;3456;13.3;4.3
70;3482;26.4;15.4
70;3484;10.6;2.3
70;3485;31.0;17.5
70;3486;23.5;12.4
70;3499;11.3;3.3
70;4545;63.2;37.9
70;4631;65.8;39.0
70;5878;31.5;18.1
70;11107;9.5;1.3
70;11108;51.1;35.5
70;11195;13.2;4.0
70;11211;10.0;2.1
70;11310;11.1;3.0
70;11830;29.6;19.9
70;11831;13.5;5.4
70;11873;66.7;40.0
70;13931;7.4;0.1
70;14024;66.9;48.0
70;14521;13.3;5.3
71;612;25.8;12.1
71;615;54.6;34.8
71;616;18.5;8.0
71;631;7.5;0.1
71;1742;38.0;15.0
71;2743;26.9;15.4
71;3820;18.8;8.4
71;3824;26.3;9.1
71;3825;26.7;9.2
71;3827;15.6;4.2
71;3828;50.2;21.3
71;3831;10.3;1.6
71;4701;30.1;10.8
71;4703;34.4;12.1
71;4740;7.7;0.3
71;4744;8.5;0.7
71;4745;19.0;5.9
71;4746;19.5;6.1
71;8186;26.3;9.1
71;8187;26.4;9.1
71;8579;64.7;27.6
71;8581;50.1;21.3
71;8678;27.8;9.9
71;10968;18.6;8.2
71;13754;24.1;9.8
71;13808;7.7;0.3
71;13809;27.1;15.6
71;13810;10.3;1.6
71;13867;73.5;47.1
71;13869;70.4;45.6
71;13879;18.6;8.2
71;14225;34.8;20.5
71;14244;61.8;39.9
71;14246;37.3;11.8
71;14253;164.8;81.8
71;14266;52.9;20.8
71;14314;19.8;8.7
71;14316;16.9;7.2
71;14318;20.9;9.3
71;14322;62.1;40.1
71;14532;20.8;9.2
71;14607;71.4;46.2
72;100;50.9;37.5
72;565;39.2;26.4
72;569;34.1;22.1
72;1292;24.8;11.5
72;1296;30.1;15.0
72;2453;50.6;35.3
72;2977;28.0;18.1
72;2980;28.1;13.5
72;8037;9.2;1.4
72;8304;24.8;11.5
72;11787;111.8;63.0
72;11823;10.2;1.5
72;12125;7.6;0.2
72;12130;31.6;7.8
73;1158;18.1;6.3
73;2461;147.1;84.2
73;5181;58.9;35.5
73;5234;;
73;11329;31.9;17.9
74;87;144.0;87.7
74;5066;76.2;44.8
74;5112;78.7;48.6
74;6666;11.7;2.7
74;6875;91.1;61.7
74;11030;70.3;44.9
74;11259;25.5;7.7
74;11348;19.4;7.3
75;609;7.8;0.3
75;2734;14.8;3.7
75;2844;253.3;143.6
75;3085;20.1;5.0
75;3087;14.8;3.7
75;3088;29.7;12.4
75;4577;14.3;2.9
75;4592;285.6;152.3
75;11868;130.4;67.8
75;11869;131.7;68.3
75;11870;130.6;67.9
75;12141;345.1;168.6
75;12522;27.3;6.6
75;12523;21.3;5.5
75;12561;21.3;5.5
75;13966;236.9;118.6
77;10215;65.0;25.1
77;10220;33.2;11.4
77;10224;43.0;16.5
77;10225;28.6;9.1
77;10226;26.0;11.2
77;13109;102.7;64.0
77;13664;59.4;22.6
77;13666;61.8;23.9
77;14723;8.6;0.8
78;25;52.5;18.9
78;10689;;
78;12952;;
79;578;43.5;21.7
79;650;7.6;0.2
79;1316;28.9;13.4
79;1800;111.9;73.3
79;8212;44.2;20.4
79;8215;26.2;14.3
79;8217;11.8;3.6
79;8246;20.0;5.0
79;8266;62.2;24.3
79;8274;15.0;5.1
79;8806;7.5;0.1
79;8809;11.8;3.5
79;8823;13.2;4.6
79;8827;13.3;4.7
79;8833;8.6;0.7
79;13276;12.1;3.2
79;13277;12.1;3.2
79;13278;8.6;0.9
79;13282;8.1;0.5
79;13283;20.6;9.0
79;13293;13.4;4.4
79;13295;39.6;14.5
79;13296;7.6;0.2
79;14383;62.8;29.7
79;14385;25.6;12.5
79;14386;7.9;0.3
79;14462;172.7;80.9
82;548;32.4;22.5
82;549;30.8;21.3
82;2515;8.6;0.7
82;2517;8.6;0.7
82;3048;42.6;25.0
82;3783;34.6;24.2
82;10958;59.1;33.4
82;11879;91.2;53.3
82;11882;93.9;57.6
82;11901;77.2;51.8
82;11902;77.3;51.9
83;1828;199.9;102.2
83;7132;100.7;55.9
83;7851;70.9;38.2
83;11519;199.9;102.2
83;11575;53.8;36.7
83;11846;58.7;41.2
83;12342;92.5;58.5
83;12505;165.4;104.4
83;12516;153.2;96.8
83;12517;152.9;93.0
83;12528;153.8;92.4
83;12536;153.0;91.9
83;12570;146.7;89.5
83;12571;157.3;98.7
83;13139;73.5;44.8
83;13158;107.2;70.1
83;13170;78.9;42.9
83;13212;98.6;62.5
83;13213;88.5;53.5
83;13266;33.1;13.3
83;13565;48.4;26.6
83;13566;58.1;32.0
83;13569;56.3;29.7
83;13707;71.4;40.0
83;14324;44.7;24.3
83;14438;91.4;55.2
83;14442;82.5;51.8
83;14445;83.0;52.1
83;14476;74.8;39.4
84;2234;69.9;29.9
84;11381;96.8;38.5
84;11382;58.2;23.1
84;11383;55.1;20.8
84;11386;70.3;27.5
84;11397;64.3;23.9
84;12017;97.6;50.2
84;12025;100.9;52.3
84;12056;64.5;31.0
84;12075;155.9;77.1
84;12092;85.6;42.9
84;12093;77.4;38.2
84;12121;155.9;77.1
84;12155;137.5;68.4
84;12209;89.2;44.8
84;14410;221.8;114.7
84;14689;112.9;47.8
85;72;107.1;82.6
85;405;8.5;0.8
85;407;22.1;13.2
85;2154;30.0;16.6
85;5374;17.0;6.3
85;5375;73.8;43.8
85;5379;24.5;12.3
85;8286;87.4;64.0
85;8962;9.6;1.5
85;8964;10.8;1.9
85;9142;83.0;58.9
85;9158;72.4;42.8
85;9160;18.5;9.2
85;9258;32.6;17.8
85;10997;25.1;14.9
85;12290;84.0;67.0
85;12495;84.1;67.0
85;12923;85.0;67.2
85;13248;8.3;0.7
85;13453;21.8;13.1
85;13454;101.3;80.1
85;13455;99.0;75.3
85;13988;32.5;17.7
85;14389;22.7;13.6
85;14426;22.3;13.6
86;74;19.6;7.1
86;141;29.5;15.9
86;143;14.0;5.3
86;1566;10.1;1.6
86;1570;27.9;10.2
86;1576;19.8;7.2
86;1591;63.1;42.4
86;1592;46.1;21.1
86;1598;11.7;2.4
86;1736;65.6;33.4
86;1853;51.4;40.1
86;1873;67.9;37.4
86;1953;56.4;45.8
86;2210;54.2;29.1
86;2988;65.7;45.0
86;3046;14.6;5.5
86;3107;7.7;0.3
86;3108;36.1;25.8
86;3124;11.8;2.4
86;3147;23.0;10.8
86;3198;57.7;46.1
86;3212;72.3;55.0
86;3573;8.1;0.6
86;4229;8.7;1.0
86;4230;7.9;0.4
86;5166;63.0;43.7
86;8099;52.3;35.9
86;8100;37.3;26.3
86;10305;68.3;44.7
86;10967;50.0;36.3
86;11037;12.1;3.5
86;11094;63.8;42.6
86;11135;27.9;17.8
86;11136;63.6;42.6
86;11416;63.9;42.8
86;11875;85.4;46.2
86;11928;36.8;26.2
86;11930;21.8;10.9
86;12118;34.5;22.8
86;12478;69.6;52.3
86;12755;35.1;24.4
86;12758;35.2;25.2
86;12777;69.7;45.5
86;13076;66.5;52.5
86;13228;37.9;26.7
86;14042;35.6;25.5
86;14315;52.0;40.5
87;457;7.8;0.3
87;2249;156.2;115.0
87;2771;115.0;81.9
87;3076;40.0;14.9
87;5023;70.7;45.2
87;11803;84.1;45.8
88;8264;135.0;88.5
88;11036;18.5;6.7
88;11568;59.5;42.1
88;11627;42.4;17.8
88;11765;62.9;28.7
88;12236;135.1;88.5
88;12237;135.1;88.5
88;12238;143.6;72.0
88;12239;148.7;74.1
88;12256;209.1;108.8
88;13165;127.2;77.1
88;14129;26.1;6.6
88;14166;44.6;19.0
88;14384;13.2;4.6
89;665;152.2;54.5
89;748;337.2;161.9
89;2389;7.6;0.2
89;6249;7.7;0.2
89;6399;9.1;1.0
89;13676;229.4;114.9
89;14648;309.4;144.5
90;3966;50.2;38.2
90;12351;41.7;23.8
90;12363;32.5;13.5
90;12395;71.2;39.1
90;12754;54.1;31.0
90;12759;53.0;30.5
90;12922;35.8;14.2
90;12947;44.4;28.2
90;12948;62.7;33.4
90;13017;33.7;24.0
90;13464;44.1;17.8
91;11252;93.6;79.3
91;11740;140.9;95.9
91;11741;109.1;82.3
91;11742;17.2;4.8
91;11743;8.6;0.7
91;11744;16.3;4.5
91;11745;9.3;1.2
91;11746;17.2;4.9
91;11747;70.8;57.9
91;11748;72.7;59.4
92;1952;178.0;104.6
92;2457;54.1;26.2
92;2469;206.0;116.5
92;3001;113.3;50.8
92;3897;186.2;116.2
92;3918;20.9;8.1
92;3919;33.5;11.2
92;3923;13.4;2.9
92;4267;19.7;6.5
92;4278;8.9;1.1
92;4982;60.6;28.9
92;6395;152.7;85.0
92;11326;50.9;24.5
92;11450;42.2;19.5
92;12103;49.5;22.6
92;12908;17.9;6.6
92;13933;53.7;26.0
92;14402;146.3;66.7
93;1122;183.4;85.8
93;11306;94.1;41.4
93;12637;140.7;45.8
93;12638;10.7;1.8
93;12644;7.3;0.0
93;12646;7.3;0.1
93;12651;7.3;0.0
93;12964;134.9;69.9
93;12986;116.9;62.3
93;14133;165.5;74.7
93;14408;280.5;144.9
93;14409;195.0;90.8
93;14487;214.4;99.2
93;14488;210.2;97.0
93;14682;15.7;4.0
94;855;81.3;62.7
94;861;51.5;27.5
94;4100;9.5;1.1
94;4234;23.3;9.9
94;7324;73.9;51.4
94;7357;73.7;43.2
94;11344;13.4;5.3
94;13060;7.4;0.1
94;13340;56.0;32.2
94;13346;42.9;30.6
94;13347;51.0;34.2
94;13348;59.6;37.7
94;13379;88.5;47.8
94;13383;83.5;45.5
94;13384;98.9;64.6
94;13385;78.1;43.0
94;13408;123.5;60.1
94;13409;42.7;28.9
94;13411;58.6;45.7
94;13413;67.4;48.6
94;13435;70.6;38.6
94;13436;63.9;41.4
94;13478;95.3;67.1
94;13756;13.3;4.7
94;13870;60.2;20.5
94;14198;51.2;21.3
94;14278;44.4;16.4
94;14289;12.0;2.2
94;14292;11.1;2.5
94;14293;11.2;1.9
94;14461;28.9;12.0
94;14536;56.2;22.7
94;14544;56.0;22.8
95;584;45.5;21.5
95;1797;58.5;29.9
95;5902;183.6;76.0
95;8321;57.0;28.9
95;11038;65.5;26.6
95;11716;73.3;24.3
95;14460;121.1;67.1
95;14466;146.4;58.7
96;200;29.1;8.4
96;201;7.5;0.1
96;202;7.7;0.3
96;203;18.4;7.2
96;219;80.1;40.4
96;2493;7.8;0.3
96;3513;9.1;0.9
96;3547;16.5;5.7
96;3553;48.6;22.0
96;3554;19.2;6.9
96;4335;55.5;24.6
96;4337;20.8;11.1
96;6989;30.9;11.7
96;6990;18.7;6.6
96;6993;14.5;4.4
96;7062;35.3;18.8
96;7065;8.6;0.7
96;7066;7.9;0.4
96;7103;19.3;6.9
96;7109;48.8;25.1
96;7111;47.2;24.6
96;7123;47.1;24.4
96;8880;7.8;0.3
96;12286;13.8;4.0
96;12287;20.1;7.2
96;12928;14.0;6.0
96;12929;15.9;4.6
96;12930;9.4;1.4
96;13039;11.3;3.6
96;13345;87.6;44.9
96;13797;8.2;0.5
96;13927;18.6;6.1
96;13969;20.7;7.5
96;13972;19.8;7.1
96;13993;19.9;7.2
96;14269;15.6;5.3
96;14566;176.2;75.9
96;14585;202.9;89.3
96;14591;203.5;89.8
97;332;8.7;0.5
97;1421;40.6;14.1
97;6094;43.3;17.7
97;6096;33.6;13.7
97;11719;7.9;0.3
97;11720;36.2;14.6
97;11731;32.0;12.5
97;11732;10.8;1.8
98;386;8.1;0.4
98;1092;7.5;0.2
98;1094;8.3;0.5
98;1095;8.5;0.7
98;1098;8.5;0.6
98;1099;9.3;1.0
98;1100;9.0;0.9
98;1101;8.3;0.6
98;1102;8.3;0.5
98;1107;7.8;0.3
98;1108;8.0;0.4
98;1110;11.0;1.9
98;1113;8.8;0.8
98;1114;12.4;2.5
98;1115;10.3;1.6
98;1116;10.5;1.7
98;1117;40.3;23.8
98;1118;8.2;0.5
98;1125;40.8;24.6
98;1132;80.0;50.6
98;1465;7.7;0.3
98;1508;9.6;1.2
98;1512;11.0;1.9
98;1519;71.6;46.6
98;4019;71.5;46.5
98;4020;71.0;46.0
98;4046;71.0;46.0
98;4061;10.5;2.1
98;4065;8.0;0.4
98;4066;7.7;0.2
98;5889;17.5;4.6
98;11699;84.3;55.8
98;11703;72.0;46.9
98;11706;71.6;46.6
98;11709;72.1;47.0
98;11710;79.0;52.0
98;11713;71.4;46.2
98;11714;73.9;41.2
98;11783;78.3;48.3
98;11784;80.4;49.7
98;11944;71.9;47.0
98;11945;72.4;47.1
98;11946;74.3;44.4
98;11947;70.8;45.9
98;11953;65.4;41.7
98;11954;81.3;51.3
98;11958;79.1;52.0
98;11966;49.5;30.5
98;11972;66.9;39.8
98;12010;47.4;29.0
98;12014;83.9;52.3
98;12018;67.5;41.6
98;12285;45.2;27.3
98;12352;19.7;6.1
98;12354;10.4;2.0
98;12355;11.5;2.6
98;12359;18.9;6.2
98;12360;15.3;5.2
98;12370;17.4;5.4
98;12643;21.2;9.1
98;12761;135.9;72.0
98;12764;119.4;62.3
98;12768;118.1;61.6
98;12771;139.5;75.4
98;12793;139.1;75.2
98;12836;46.0;19.0
98;13638;8.6;0.7
98;13689;10.7;1.7
98;13691;13.5;4.1
98;13738;70.2;45.5
98;14105;9.1;0.9
98;14545;10.1;1.5
98;14555;10.5;1.9
98;14556;10.6;1.7
99;155;42.3;30.1
99;161;30.0;19.1
99;163;40.9;21.2
99;261;7.6;0.2
99;262;7.5;0.2
99;263;8.3;0.9
99;269;20.3;11.6
99;272;19.8;11.3
99;274;23.3;13.7
99;276;26.8;16.2
99;278;29.5;19.1
99;283;23.3;13.6
99;284;22.1;12.8
99;1253;8.2;0.6
99;1254;48.3;26.0
99;1521;29.3;18.9
99;2044;20.4;11.6
99;2345;8.0;0.6
99;2346;7.5;0.2
99;2347;8.5;0.9
99;2349;34.4;21.1
99;2352;20.0;11.5
99;3742;29.9;19.0
99;3743;60.6;46.1
99;3744;28.8;18.5
99;3747;63.0;43.3
99;3749;28.1;18.0
99;3752;62.0;44.2
99;3753;61.7;44.0
99;3754;61.1;43.6
99;3755;24.6;14.9
99;3756;61.0;43.7
99;3781;23.4;13.7
99;3782;28.7;17.8
99;3993;42.0;29.9
99;4263;26.7;15.9
99;4897;36.5;19.4
99;4898;28.6;17.8
99;4899;25.4;13.4
99;5855;33.6;24.3
99;6861;136.5;82.9
99;7076;68.2;40.5
99;7545;64.5;48.6
99;9014;44.5;26.5
99;12145;26.3;16.3
99;12296;40.4;28.8
99;13105;10.4;2.4
99;13223;55.8;39.0
99;13250;7.6;0.2
99;13281;22.7;12.9
99;13351;20.3;11.6
99;13482;23.3;13.6
99;13483;26.3;16.5
99;13535;26.4;16.4
99;13627;61.8;44.1
99;13728;22.6;13.1
99;13737;13.5;5.0
99;13788;33.8;20.8
99;13814;34.4;25.2
99;14220;25.5;15.1
99;14255;30.1;17.4
100;567;42.7;20.3
100;1707;47.5;22.5
100;2178;53.9;19.3
100;2521;69.6;45.3
100;2906;156.9;121.3
100;2915;54.1;25.4
100;2923;27.6;8.7
100;2993;65.7;30.2
100;4669;55.1;19.9
100;6776;69.8;42.9
100;11526;212.6;145.4
100;14365;15.4;6.8
100;14366;54.0;25.3
100;14513;29.4;9.6
100;14563;58.8;37.0
101;3963;17.0;7.6
101;3969;120.9;71.1
101;3973;38.0;23.6
101;3974;77.9;44.5
101;12988;43.3;19.6
101;13163;7.8;0.3
101;14594;32.6;10.0
102;3479;176.9;97.3
102;4759;170.4;98.6
102;9269;7.5;0.1
102;12529;73.2;25.7
102;12530;7.9;0.3
102;12532;29.9;10.6
102;12533;7.9;0.3
102;13044;177.2;102.4
102;13357;226.5;105.5
103;3700;74.0;45.6
103;10308;204.6;113.2
103;12464;187.1;108.1
103;13575;62.9;25.3
103;14291;113.6;58.5
103;14294;113.5;58.4
103;14298;115.5;59.5
104;6240;100.3;40.8
104;6262;7.5;0.1
104;6292;14.2;3.2
104;6539;53.3;20.4
104;6541;53.3;20.4
104;6543;26.0;8.4
104;7713;58.2;28.5
104;7907;38.5;16.0
104;7911;51.6;23.4
104;9201;115.3;60.6
104;12097;53.5;20.6
104;12098;57.4;22.3
104;12099;55.1;21.2
104;12100;53.3;20.4
104;12101;57.7;22.5
104;12301;7.4;0.1
104;12308;126.2;59.8
104;12310;104.0;50.6
104;12340;104.0;50.6
104;12349;14.3;3.3
104;12350;24.9;7.8
104;12413;90.0;37.2
104;12415;85.4;35.6
104;12416;85.4;35.6
104;12418;69.8;34.3
104;12421;31.3;11.4
104;12427;49.3;22.2
104;12450;52.5;24.0
104;12451;15.2;3.8
104;13370;55.3;21.3
104;13374;74.1;31.0
104;13514;7.7;0.3
105;1854;19.4;9.7
105;3461;9.0;1.3
105;3495;67.1;51.5
105;3836;18.0;7.9
105;3899;68.6;52.2
105;4679;14.5;6.0
105;4687;10.8;2.7
105;4727;11.9;3.7
105;5538;8.2;0.5
105;5547;65.4;49.1
105;5573;25.8;14.9
105;5623;57.0;41.7
105;5909;9.8;1.9
105;11188;66.4;51.1
105;11193;10.3;2.4
105;11202;68.7;52.2
105;11206;75.2;53.5
105;11210;67.1;51.3
105;11223;67.2;51.6
105;11225;67.0;51.4
105;11277;53.6;39.2
105;11357;66.6;51.4
105;11378;63.2;48.2
105;11418;66.1;50.8
105;12068;53.9;39.4
105;12208;7.5;0.2
105;12235;20.3;10.9
105;12243;26.3;16.1
105;12263;10.5;2.4
105;12270;69.7;48.5
105;12271;64.5;48.4
105;12273;26.0;15.9
105;12275;26.1;16.0
105;12299;27.4;16.6
105;12339;64.1;47.9
105;12531;22.7;12.8
105;12535;29.3;17.5
105;12749;67.6;52.1
105;14712;62.0;46.1
106;2926;107.4;69.3
106;2931;26.6;10.8
106;2934;23.8;11.2
106;2937;21.4;10.6
106;2947;23.2;12.5
106;4606;14.6;5.2
106;8866;24.0;14.3
106;8867;94.4;60.4
106;8868;104.9;65.7
106;9241;10.5;2.6
106;11857;105.9;68.1
106;11918;77.8;49.0
106;12313;16.0;7.1
106;12828;13.8;5.4
106;12829;30.9;19.1
106;12838;17.6;9.3
106;12839;15.9;6.2
106;12890;15.2;6.4
106;13750;101.3;66.5
106;13752;103.5;67.0
107;12631;51.9;17.1
107;12634;36.8;11.6
107;12635;40.0;12.2
107;12636;31.7;9.7
107;14067;226.1;100.8
108;2136;160.9;65.5
108;4026;7.4;0.1
108;4027;7.5;0.1
108;4028;7.4;0.1
108;12862;132.4;45.5
108;12863;131.2;44.9
108;12871;135.1;46.5
108;12873;133.7;45.9
108;13173;168.5;69.2
108;13187;151.8;63.6
109;1007;8.4;0.6
109;1008;12.4;2.5
109;1009;21.1;7.3
109;12375;60.9;24.6
109;12551;55.0;21.5
109;12552;7.7;0.2
109;12586;61.9;25.0
109;13793;58.3;23.2
109;13796;58.7;23.4
109;14117;;
109;14279;;
110;863;86.7;44.3
110;11414;86.6;43.7
110;11459;79.0;41.1
110;11469;95.6;37.5
110;11470;110.2;43.1
110;11485;119.5;47.8
110;11486;87.3;34.6
110;11491;89.2;35.8
110;11597;211.7;90.5
110;11613;87.3;34.6
110;11614;152.5;70.9
110;11615;138.1;65.3
110;11616;218.0;92.6
110;11618;110.5;44.5
110;11718;138.1;65.3
110;14073;31.5;11.4
111;4459;78.1;51.4
111;7398;67.0;45.0
111;7442;24.3;9.1
111;7443;23.5;8.7
111;7447;22.4;11.9
111;7472;14.5;5.7
111;7473;22.5;5.7
111;7477;7.7;0.2
111;7480;33.1;9.3
111;7484;31.9;14.3
111;7485;23.5;8.7
111;7599;42.5;22.7
111;7606;23.4;13.2
111;7607;45.8;24.2
111;7608;23.1;13.0
111;7619;37.9;15.5
111;9583;36.7;10.5
111;13169;36.4;20.9
111;13460;15.4;4.9
111;14223;8.5;0.6
112;7095;87.7;37.9
113;2761;24.7;8.0
113;2763;40.3;14.3
113;2829;16.5;4.4
113;8847;11.8;2.2
113;11911;14.4;3.7
113;11998;10.6;1.8
113;12043;82.8;36.9
113;12063;26.4;7.9
113;13272;22.9;6.8
113;13749;21.1;6.4
113;13751;8.6;0.8
114;841;20.7;10.5
114;843;44.6;29.1
114;5637;20.5;10.4
114;6871;44.0;28.7
114;6872;68.3;36.3
114;6905;56.8;31.8
114;6906;61.4;33.8
114;6907;45.0;29.3
114;12903;24.9;12.2
114;12904;16.0;3.6
114;14450;70.4;47.9
114;14451;67.6;47.2
115;322;8.5;0.6
115;327;7.4;0.1
115;350;7.6;0.2
115;736;7.6;0.2
115;1914;7.6;0.2
115;2409;7.7;0.2
115;2410;8.5;0.6
115;4167;13.3;4.6
115;4994;8.2;0.5
115;5621;18.6;9.5
115;5926;7.9;0.3
115;5933;7.4;0.1
115;5966;20.0;10.5
115;6021;20.5;7.3
115;11512;11.2;2.4
115;11721;29.5;19.1
115;11755;8.2;0.5
115;11756;10.0;1.8
115;11757;9.5;1.3
115;12050;13.4;4.2
115;12053;12.3;3.8
115;13247;33.3;20.7
115;13251;151.6;123.8
115;13254;167.8;134.8
115;13255;163.4;132.4
115;13256;156.2;127.0
115;13257;157.1;127.1
115;13259;151.5;123.6
115;13262;164.3;132.8
115;13273;23.3;14.2
115;13274;11.7;3.0
115;13304;10.4;2.0
115;13311;17.6;8.9
115;13314;23.1;14.1
115;13322;13.4;3.4
115;13326;20.3;8.1
115;13328;7.4;0.1
115;13344;23.3;13.4
115;13548;8.5;0.7
115;14533;13.0;4.5
115;14534;14.6;5.5
115;14543;13.1;4.5
115;14552;19.2;6.1
115;14557;27.2;15.9
116;6258;60.0;31.5
116;6550;85.6;33.4
116;11239;161.2;79.1
116;11241;78.3;40.6
116;12321;;
116;12327;66.4;27.9
116;12329;147.5;68.7
116;12385;78.7;44.3
116;12391;;
116;12414;94.0;36.2
116;12417;;
116;12420;101.9;39.5
117;70;7.9;0.4
117;397;8.8;1.0
117;2156;26.3;15.4
117;3047;54.5;36.4
117;3344;39.4;26.0
117;3367;27.4;16.1
117;5376;38.1;25.0
117;5380;42.5;23.9
117;11819;27.3;16.1
117;12441;26.8;15.9
117;12814;29.4;16.7
117;13261;27.6;14.2
117;13448;27.0;12.8
117;13452;24.4;13.5
117;13480;27.4;16.1
117;13538;24.1;13.3
117;13951;51.1;34.7
117;14190;27.2;16.2
117;14212;26.9;15.8
117;14340;51.5;34.3
117;14489;38.7;24.3
117;14525;32.3;19.5
117;14570;27.7;16.4
117;14574;53.8;36.1
117;14577;27.1;16.0
117;14635;56.4;29.2
117;14649;41.8;21.9
120;2742;63.7;41.6
120;2747;41.8;29.0
120;11333;45.3;26.8
120;12214;27.3;15.4
120;12681;54.9;35.4
120;12685;54.9;33.6
120;12686;44.6;27.7
120;12722;42.4;28.9
120;12723;37.6;20.8
120;13053;53.9;40.1
120;13054;54.9;38.0
120;13075;58.2;43.6
121;771;7.5;0.2
121;774;7.5;0.1
121;775;8.6;0.7
121;778;8.3;0.8
121;781;7.6;0.2
121;790;53.4;39.8
121;802;26.1;17.6
121;804;36.0;26.8
121;807;48.3;38.2
121;808;45.3;35.5
121;809;40.0;30.5
121;810;39.1;29.3
121;815;47.6;33.4
121;816;53.0;36.7
121;817;13.9;5.4
121;818;33.3;15.0
121;819;27.1;10.7
121;1765;24.2;15.1
121;2302;55.9;35.0
121;3189;26.9;17.7
121;3329;31.7;22.9
121;7470;8.9;1.1
121;7471;8.1;0.4
121;7510;81.6;39.8
121;10960;29.7;20.9
121;11114;125.4;53.0
121;11350;49.9;31.3
121;11390;31.6;22.7
121;11424;19.6;9.5
121;11425;83.7;54.8
121;11428;24.2;12.8
121;11448;83.8;49.7
121;11463;74.3;37.5
121;11490;8.3;0.8
121;12518;24.2;14.9
121;13588;48.2;37.8
121;13979;46.2;29.3
121;13980;51.1;32.2
121;13981;58.6;36.6
121;13982;60.0;30.9
121;14636;30.0;21.3
122;376;16.0;3.8
122;7824;340.8;137.7
122;7836;338.1;136.3
122;8749;20.8;5.9
122;8750;23.0;6.8
122;11174;195.1;80.1
122;11439;135.7;58.3
122;13747;107.0;41.6
122;14175;129.4;50.9
122;14182;110.9;38.3
122;14188;122.2;47.8
122;14195;129.1;50.7
122;14209;99.4;38.6
123;7396;423.6;211.3
123;7404;18.5;7.6
123;10946;38.7;20.0
123;10947;20.0;8.7
123;10948;67.4;34.8
123;10983;74.7;39.1
123;13444;105.7;45.3
124;576;67.7;31.7
124;8388;65.0;24.0
124;8399;231.4;85.1
124;8995;181.7;84.2
124;13819;100.0;55.3
124;13837;103.4;56.1
124;14332;178.7;82.6
124;14710;100.8;55.8
125;48;16.8;7.8
125;49;8.4;0.7
125;50;20.2;7.6
125;62;81.9;57.2
125;63;86.5;56.1
125;66;72.6;49.1
125;361;7.4;0.1
125;362;7.6;0.2
125;364;26.4;15.3
125;366;20.6;11.2
125;367;20.7;11.3
125;1011;9.1;1.3
125;1015;83.0;64.4
125;1018;132.9;82.1
125;1458;66.5;49.9
125;1469;77.9;55.3
125;3010;88.5;57.0
125;3153;7.9;0.4
125;3162;8.4;0.6
125;3163;7.5;0.1
125;3165;8.4;0.7
125;11770;7.9;0.4
125;11772;7.5;0.1
125;13192;65.9;49.5
125;13193;99.4;79.4
125;13325;99.5;65.0
125;13702;20.9;11.4
125;13704;19.6;10.3
126;688;30.2;12.7
126;2644;84.7;50.5
126;10338;27.9;15.2
126;10344;12.4;3.9
126;10351;50.7;16.8
126;10352;118.8;57.9
126;11141;29.9;17.1
126;11460;53.6;28.2
126;11461;76.3;37.3
126;11475;26.2;14.6
126;11478;32.0;18.9
126;11480;47.0;29.5
126;11529;37.4;22.2
126;11579;36.1;21.9
128;451;54.3;39.1
128;463;7.6;0.2
128;464;39.2;15.5
128;466;47.5;18.5
128;712;58.2;24.6
128;3841;51.9;29.9
128;5029;50.9;20.9
128;5030;42.5;18.8
128;5031;9.8;1.5
128;5032;8.6;0.7
128;11810;;
128;12539;57.2;22.7
128;12540;15.8;3.8
128;12622;93.1;67.3
128;12682;34.8;22.2
128;12683;50.2;33.3
128;12995;25.8;8.5
128;12996;10.4;2.1
128;12997;41.0;27.4
128;13123;49.6;34.2
128;14347;;
129;439;;
129;718;;
129;720;;
129;721;;
129;724;;
129;726;;
129;727;;
129;1805;94.7;64.5
129;3478;;
129;12742;;
131;4809;10.4;2.8
131;5240;132.7;89.8
131;5872;129.5;84.7
131;11737;144.6;91.9
131;11738;;
131;11739;;
131;12990;10.4;2.8
131;13084;9.7;1.3
131;13157;40.2;22.8
131;13471;85.4;54.5
131;14580;13.9;4.8
131;14598;84.5;52.1
132;370;51.3;17.6
132;374;123.3;48.8
132;1482;14.4;4.4
132;13242;30.4;8.7
132;13918;122.2;51.7
133;169;72.3;37.5
133;179;13.3;2.3
133;3094;71.6;37.1
133;4326;45.9;14.5
133;4376;7.7;0.3
133;4391;8.0;0.4
133;4396;77.3;32.8
133;4423;77.9;33.0
133;6278;7.9;0.5
133;6290;17.3;4.4
133;6291;13.6;2.5
133;6313;136.2;71.4
133;6322;32.9;9.9
133;10970;129.5;82.4
133;10971;129.6;82.5
133;11462;137.3;59.2
133;11637;113.3;69.1
133;12927;43.7;16.4
134;1031;7.4;0.1
134;1058;13.9;3.7
134;10937;455.0;175.5
134;11766;39.1;15.2
134;11948;206.3;65.7
135;159;33.3;22.6
135;3746;18.2;9.1
135;3771;7.4;0.1
135;6390;21.8;9.5
135;10096;47.8;21.2
135;13668;39.4;28.3
135;13726;52.8;32.5
135;13742;36.8;26.5
135;14109;47.9;36.8
135;14192;48.2;21.4
136;611;58.2;36.1
136;2766;34.9;21.5
136;8850;20.8;10.2
136;8851;29.5;15.2
136;12109;18.0;8.1
136;12142;17.5;6.3
136;12248;27.7;14.0
136;12279;27.7;14.0
136;12293;27.7;14.0
136;13748;21.6;9.9
136;13957;29.9;14.9
136;13965;35.9;18.2
137;10304;51.2;28.0
137;10331;237.5;147.0
137;11071;203.0;106.1
137;12034;167.4;102.7
137;12042;169.3;103.7
137;13108;53.3;29.1
137;13112;33.7;12.1
137;13117;34.8;12.7
137;13144;191.9;80.7
137;13152;49.8;17.4
137;13176;46.5;16.8
137;13180;118.3;47.8
137;13181;;
137;13182;191.6;80.5
137;13183;37.2;21.3
137;13195;191.9;80.7
137;13210;26.4;8.1
137;13211;32.6;20.0
137;13214;;
137;13215;45.4;18.2
137;13216;52.9;20.2
137;13442;315.8;157.9
137;14229;246.0;156.9
137;14230;53.7;20.6
137;14231;53.7;20.6
137;14247;43.9;17.4
137;14248;;
137;14250;53.5;20.5
137;14251;54.5;19.9
137;14480;254.1;162.6
137;14481;243.3;155.5
138;8425;41.1;29.0
138;8431;31.0;12.6
138;8432;56.5;26.1
138;10963;75.4;48.6
138;11399;125.5;75.1
138;11981;67.7;23.1
138;11982;55.3;25.5
138;11983;100.2;44.9
138;12065;66.0;31.1
138;12386;35.2;23.1
138;12389;29.2;17.1
138;12566;79.0;38.5
138;12609;78.3;38.1
138;12848;24.9;14.0
138;12849;41.5;24.6
138;12850;61.2;27.1
139;96;13.0;5.1
139;99;12.9;4.7
139;101;7.6;0.2
139;113;7.9;0.4
139;114;19.3;7.8
139;115;22.6;13.3
139;118;7.5;0.1
139;120;8.8;0.9
139;122;12.7;4.7
139;2186;7.9;0.3
139;2497;18.6;8.8
139;2516;24.3;14.0
139;2528;13.9;5.1
139;2585;7.5;0.2
139;8714;22.9;13.0
139;13095;17.2;8.7
139;13197;22.6;13.3
139;13708;11.1;2.5
139;13709;11.7;2.6
139;13723;7.9;0.4
139;13734;10.0;1.7
139;13736;15.4;6.5
139;13822;17.0;7.7
139;13936;36.8;22.3
139;13937;25.9;15.3
139;13947;24.6;14.1
139;14135;85.4;59.5
139;14233;18.1;8.3
139;14620;19.7;7.9
139;14622;13.6;4.6
139;14624;8.1;0.5
139;14627;16.9;6.8
140;430;116.7;79.2
140;441;7.5;0.1
140;442;7.7;0.3
140;443;7.8;0.4
140;444;8.0;0.5
140;953;36.0;26.4
140;1967;21.9;12.6
140;3475;35.9;26.3
140;3815;110.6;93.9
140;3842;22.0;13.4
140;4780;21.3;12.3
140;5020;9.6;1.3
140;8693;43.1;31.9
140;9603;35.2;25.7
140;11498;38.5;20.9
140;11561;7.5;0.1
140;11778;16.5;5.1
140;11779;8.5;0.7
140;11794;7.5;0.2
140;12000;17.8;5.3
140;12022;12.6;2.7
140;12023;15.6;3.6
140;12206;16.1;6.8
140;12215;12.9;4.7
140;12216;18.2;7.2
140;12219;21.2;10.3
140;12601;46.1;35.4
140;12858;103.6;73.1
140;12859;88.6;63.6
140;12860;96.8;68.6
140;13154;56.3;39.7
140;13333;100.5;70.0
140;14475;34.5;24.6
140;14647;14.4;5.2
140;14683;15.2;6.4
141;11406;;
141;11422;;
141;11467;;
141;11540;;
141;11543;;
141;11556;;
141;11573;;
141;11587;;
141;11844;;
141;11969;;
141;12322;;
141;12564;;
142;2248;36.6;14.8
142;4760;121.0;52.0
142;11577;26.0;9.4
142;11578;26.7;7.6
142;12473;175.6;103.6
146;10933;13.6;3.6
146;11214;12.3;2.8
146;11215;13.9;4.0
146;11216;10.6;1.5
146;11217;15.0;4.6
146;11218;18.2;6.0
146;11219;11.9;2.1
146;11320;61.8;28.7
146;11321;61.3;28.5
146;11592;77.2;42.3
146;11632;8.2;0.6
147;617;11.5;2.3
147;4695;11.5;2.2
147;13881;36.5;10.0
147;13905;40.7;10.6
147;14118;269.3;114.6
148;29;39.8;21.7
148;423;220.0;133.8
148;455;194.7;125.9
148;529;237.4;149.7
148;580;183.4;119.6
148;1801;40.4;24.2
148;11576;40.4;24.2
148;13102;196.8;122.0
148;14153;32.9;21.6
148;14718;40.0;24.0
149;635;7.6;0.2
149;636;7.8;0.3
149;637;9.6;1.2
149;638;8.5;0.6
149;639;8.2;0.5
149;642;12.4;3.1
149;643;20.4;9.4
149;648;22.2;11.2
149;659;15.8;6.5
149;1295;8.5;0.6
149;1849;8.2;0.5
149;2295;8.0;0.4
149;2303;8.0;0.4
149;2304;8.3;0.6
149;2328;7.5;0.2
149;2427;9.1;0.9
149;2432;7.7;0.2
149;2433;13.4;3.7
149;4983;36.5;20.0
149;5677;46.5;25.4
149;6187;54.6;36.1
149;6248;26.0;14.5
149;6294;8.4;0.6
149;6298;95.0;47.9
149;6315;8.7;0.8
149;6406;7.9;0.3
149;10375;15.8;6.5
149;11112;11.4;2.6
149;12544;8.0;0.4
149;12596;7.7;0.3
149;12752;20.8;9.7
149;13360;75.3;48.0
149;13361;45.0;29.7
149;13618;209.2;110.1
149;13792;36.5;20.0
149;13828;39.6;21.1
149;13829;31.8;17.7
149;13902;36.2;19.8
149;13956;8.0;0.4
149;13963;9.0;1.0
149;14286;12.0;3.2
149;14625;14.6;4.4
150;147;7.6;0.2
150;148;8.3;0.5
150;149;8.1;0.4
150;150;30.0;13.7
150;151;25.2;14.6
150;152;9.3;1.4
150;289;8.1;0.5
150;290;7.4;0.1
150;291;7.6;0.2
150;655;18.5;6.6
150;999;8.2;0.5
150;1000;28.3;13.5
150;1971;;
150;5035;21.5;8.0
150;5957;36.3;16.6
150;5958;57.5;42.0
150;5994;20.5;7.5
150;7507;27.6;14.0
150;7674;26.3;13.3
150;8361;8.3;0.5
150;8373;10.0;1.7
150;8374;7.9;0.4
150;8384;8.0;0.4
150;9089;20.7;7.6
150;10932;30.6;15.0
150;10957;35.9;16.4
150;11132;33.9;22.0
150;12024;46.3;31.0
150;13011;9.7;1.5
150;13018;13.3;4.4
150;13086;10.2;2.3
150;13113;25.3;14.5
150;13207;24.5;12.0
150;13208;27.5;13.6
150;13209;8.6;1.1
150;13221;7.8;0.3
150;13226;7.8;0.3
150;13229;8.4;0.6
150;13233;7.8;0.4
150;13265;9.0;1.4
150;13287;10.9;3.0
150;13291;10.9;2.9
150;13447;25.5;12.6
150;13451;16.4;6.3
150;13498;20.0;7.8
150;13506;32.2;14.6
150;13560;28.6;13.7
150;13636;;
150;13637;26.3;14.0
150;13685;;
150;13794;31.3;14.3
150;13987;39.0;17.5
150;14440;9.9;2.2
150;14629;10.0;2.2
150;14642;14.3;5.7
150;14703;21.0;10.1
150;14706;8.1;0.4
151;832;27.5;15.4
151;833;32.8;19.2
151;834;49.4;29.8
151;837;48.2;20.3
151;852;82.7;53.3
151;4096;28.1;16.9
151;4098;79.5;52.2
151;4236;56.3;34.6
151;5301;34.5;23.5
151;6585;83.6;54.7
151;6655;35.9;22.3
151;6693;46.9;28.8
151;6710;48.9;22.9
151;6952;23.0;7.7
151;7252;80.1;54.1
151;7255;79.8;54.1
151;7257;78.9;53.3
151;7260;77.5;52.1
151;7266;84.2;56.5
151;7269;77.7;51.8
151;7270;80.4;53.4
151;7275;91.0;58.7
151;7296;79.0;53.4
151;7702;10.8;2.0
151;7737;53.8;36.7
151;10249;46.7;22.3
151;10262;23.7;14.1
151;10263;19.6;10.2
151;10264;49.1;22.6
151;10265;22.6;9.6
151;10294;124.0;67.5
151;10934;22.6;11.9
151;10951;82.1;36.0
151;11123;89.9;47.4
151;12811;79.2;53.5
151;12906;86.6;57.3
151;12944;79.2;53.5
151;12949;78.8;53.3
151;12951;85.8;55.3
151;13690;79.0;53.2
151;13770;29.5;14.9
151;13803;78.2;52.8
151;13807;82.8;54.2
151;13899;111.4;50.5
151;14021;41.1;24.0
151;14063;59.1;21.6
151;14205;19.6;10.3
151;14224;44.8;28.8
151;14226;49.6;23.5
151;14227;50.2;22.9
151;14245;30.1;15.9
151;14290;28.2;9.1
151;14391;37.7;14.2
151;14458;21.5;11.7
152;575;323.0;211.3
152;3628;76.8;37.6
152;6915;23.0;9.6
152;8729;298.5;197.8
152;11500;72.4;36.4
152;11848;71.5;36.0
152;12460;45.3;21.8
152;12942;10.6;2.2
152;14717;92.0;46.2
153;377;11.9;2.4
153;7474;43.5;19.2
153;8826;188.2;82.3
153;11767;170.0;63.7
153;11768;7.4;0.1
153;12514;217.5;93.5
153;13805;109.1;49.7
153;13950;158.6;57.3
153;14323;20.8;5.6
157;10969;132.5;73.2
157;10972;150.0;76.8
157;11085;170.7;85.2
157;11109;150.0;76.8
157;11254;51.5;16.8
157;11356;81.3;27.2
157;11558;175.1;85.2
157;12936;104.7;62.4
158;167;;
158;3105;;
158;7362;83.6;36.7
158;7820;132.8;60.1
158;7822;;
158;7835;87.2;38.6
158;11154;;
158;11155;94.9;43.2
158;11156;93.6;42.5
158;11157;;
158;11172;101.8;45.6
158;11173;102.1;45.7
158;11440;;
158;11441;40.6;13.6
158;11442;39.0;14.9
158;11446;28.4;9.9
158;11449;;
158;12937;;
158;13126;149.8;67.9
158;13177;128.9;58.1
158;13519;65.0;24.4
158;13897;55.0;21.2
160;1704;389.2;169.7
160;10337;82.9;36.1
160;10339;63.9;20.3
160;10340;72.3;29.2
160;10343;49.6;15.5
160;14674;315.4;138.5
161;125;37.8;17.8
161;132;49.0;35.8
161;134;18.3;9.6
161;136;32.4;21.3
161;140;37.0;23.9
161;1734;46.7;36.0
161;1837;23.6;10.8
161;4640;12.3;2.5
161;6768;8.7;0.9
161;6865;36.1;25.8
161;8709;8.5;0.8
161;8710;8.5;0.8
161;10159;8.5;0.6
161;10320;9.0;1.1
161;10330;8.5;0.7
161;11072;8.5;0.8
161;11363;16.4;7.5
161;11379;17.1;8.1
161;11513;17.0;8.0
161;13131;8.4;0.8
161;13132;8.4;0.6
161;13141;13.2;3.2
161;13153;17.3;8.8
161;13161;8.6;0.9
161;13186;8.6;0.8
162;598;89.2;69.9
162;610;158.1;96.8
162;628;24.5;11.1
162;11300;100.3;60.0
162;12732;64.1;49.6
162;13848;22.6;12.3
162;13908;27.3;17.7
163;11031;56.3;30.7
163;12390;54.2;25.5
163;12565;61.9;33.1
163;12580;134.3;59.0
163;12846;75.9;38.8
163;12847;45.5;26.7
164;8314;200.5;92.5
164;9025;302.1;121.0
164;9285;313.7;125.4
164;12291;111.5;42.2
164;12292;124.6;46.3
164;12295;146.3;54.6
164;12297;116.6;43.5
164;12336;129.3;48.6
164;12482;32.7;9.0
164;12484;7.5;0.1
164;12488;57.2;17.8
164;12489;33.9;10.0
164;12490;45.6;14.0
164;12491;53.6;17.2
164;12493;35.0;9.6
164;12779;21.8;5.6
165;9987;7.6;0.2
165;10300;7.3;0.0
165;11002;73.7;29.2
165;11004;55.3;21.0
165;11005;61.8;24.2
165;11042;81.4;32.7
165;11427;157.2;88.9
165;11454;156.7;88.8
165;11521;155.1;86.4
165;11522;151.4;84.7
165;11528;61.9;24.2
165;12223;104.9;43.3
165;12307;104.9;43.4
165;12378;185.1;76.6
165;12508;95.9;39.3
165;12573;114.1;45.7
165;12741;163.8;78.0
165;12835;74.5;30.1
165;12983;214.6;102.6
165;12994;214.6;102.6
165;12999;214.6;102.6
165;13000;215.7;99.8
165;13032;157.1;88.9
165;13085;81.0;32.6
165;13090;62.0;24.3
165;13241;188.1;78.1
165;13395;31.5;10.4
165;13403;8.5;0.7
165;13475;245.0;99.1
165;13477;255.3;102.8
165;13487;252.5;102.0
165;13507;17.2;3.8
165;13740;25.1;7.9
165;13806;212.0;101.9
165;13846;212.1;101.9
165;13948;125.4;51.3
165;13949;125.4;51.3
165;13962;104.9;43.3
165;14147;145.6;65.2
165;14394;213.1;102.4
165;14602;214.6;103.0
165;14611;145.7;79.0
165;14616;141.3;77.5
165;14617;141.3;77.5
165;14618;141.3;77.5
166;2146;64.3;24.5
166;6692;208.6;76.0
166;13302;14.0;2.8
166;13363;7.7;0.2
166;13388;7.6;0.2
166;13767;9.1;1.3
166;14027;246.3;86.5
166;14483;78.9;28.2
166;14500;66.3;27.5
166;14501;47.2;20.3
167;1266;7.5;0.1
167;1267;8.3;0.8
167;1269;15.7;4.6
167;5665;11.0;2.4
167;5668;8.3;0.7
167;5669;9.3;1.1
167;8874;217.2;110.5
167;9027;220.2;112.2
167;11545;10.2;2.0
167;11675;8.0;0.5
167;11758;219.2;111.7
167;11935;13.7;3.1
167;12513;8.0;0.6
167;12664;51.1;24.3
167;12666;42.2;20.7
167;12667;36.6;18.4
167;12668;51.5;24.6
167;12688;56.2;26.6
167;12689;80.1;31.9
167;13421;69.3;38.2
167;13434;60.9;34.8
167;13545;39.4;15.5
167;13612;179.0;100.6
167;14419;72.9;27.9
167;14646;54.2;21.3
168;3463;8.3;0.5
168;10965;39.7;24.0
168;11359;8.4;0.6
168;13397;8.3;0.5
168;13415;8.3;0.5
168;13733;16.1;7.0
168;13741;8.4;0.6
168;13875;30.9;14.4
168;14486;8.5;0.7
168;14671;7.5;0.1
169;554;90.9;30.5
169;558;;
169;559;;
169;566;76.3;40.4
169;845;;
169;1041;334.4;136.1
169;1336;;
169;1714;110.1;55.9
169;2089;95.2;50.5
169;2175;77.2;37.9
169;2460;75.1;24.0
169;11701;317.9;131.3
169;11824;317.1;130.8
169;14350;79.4;42.2
170;685;93.6;35.7
170;2921;99.8;51.4
170;3582;86.1;37.4
170;9950;101.4;46.1
170;11430;175.9;85.7
170;11638;265.7;122.2
170;12557;50.1;18.2
170;12584;98.0;36.0
170;12587;99.9;36.7
170;12589;89.5;39.2
171;1133;124.4;62.0
171;5129;179.5;98.3
171;11139;92.1;51.0
171;11708;70.4;24.5
171;11788;117.0;43.3
171;11997;85.8;43.9
171;12372;87.3;44.7
171;12461;60.0;23.2
171;12711;229.7;111.7
171;13508;147.6;81.5
172;715;47.3;35.4
172;826;7.6;0.2
172;827;20.7;8.0
172;828;42.0;18.3
172;838;72.7;50.5
172;3723;31.6;19.4
172;4237;7.7;0.3
172;4239;69.2;47.4
172;4240;75.4;51.8
172;4242;61.2;43.7
172;5008;27.4;12.9
172;5398;57.4;41.5
172;6175;49.1;31.1
172;6176;38.6;26.1
172;6927;40.5;19.6
172;7247;55.7;34.5
172;9053;21.8;8.3
172;9057;47.4;23.0
172;10989;11.4;2.9
172;12519;29.4;15.4
172;12520;52.9;28.9
172;12521;33.1;17.1
172;12525;52.0;25.2
172;12746;57.3;33.7
172;12750;72.7;42.1
172;12751;65.3;37.6
172;12841;114.4;52.7
172;12956;64.7;41.6
172;13035;15.9;6.8
172;13036;14.4;5.4
172;13096;42.7;18.0
172;13097;44.3;18.4
172;13098;45.2;26.9
172;13110;41.6;17.5
172;13119;26.9;16.1
172;13120;44.8;18.6
172;13202;49.4;34.5
172;13217;48.7;34.4
172;13391;79.5;53.8
172;13392;73.7;51.2
172;13393;74.4;51.5
172;13484;70.3;43.0
172;13485;63.2;41.5
172;13491;66.3;45.7
172;13499;61.8;43.7
172;13501;61.7;40.0
172;13539;21.0;11.4
172;13564;60.9;40.3
172;13625;65.1;42.1
172;13724;30.8;10.9
172;13730;48.9;27.4
172;13731;50.6;31.5
172;13739;41.1;27.6
172;13771;40.3;27.2
172;13910;35.8;12.8
172;13976;14.0;5.1
172;13995;22.7;11.0
172;14307;72.8;50.5
172;14535;38.5;18.7
172;14540;86.4;38.9
172;14541;38.8;18.8
172;14542;110.5;49.8
172;14609;21.7;8.3
172;14634;24.1;11.6
172;14692;8.8;0.8
173;938;29.8;19.3
173;1779;19.6;7.1
173;1813;37.4;17.5
173;2580;130.7;79.0
173;3665;35.8;22.6
173;3688;7.5;0.1
173;3690;7.4;0.1
173;7227;29.8;19.3
173;7238;26.3;15.7
173;7643;27.0;18.0
173;8423;154.0;88.8
173;10859;49.9;31.9
173;11044;157.2;95.3
173;12387;8.9;0.7
173;12388;7.7;0.3
173;12465;128.9;86.1
173;12780;29.8;19.3
173;13089;13.5;3.7
173;13227;162.8;98.9
173;13235;15.6;4.4
173;13698;;
173;13712;;
176;342;7.3;0.1
176;343;69.4;32.6
176;1876;7.4;0.1
176;1878;7.4;0.1
176;4165;7.4;0.1
176;11735;168.0;70.4
176;11763;7.8;0.3
176;12224;8.1;0.5
177;633;30.5;19.1
177;2030;48.7;34.6
177;2032;7.9;0.3
177;2033;8.9;1.0
177;2034;7.8;0.3
177;3976;48.5;35.5
177;9107;7.7;0.3
177;10907;8.2;0.5
177;10908;7.9;0.4
177;10909;7.9;0.4
177;10910;7.9;0.3
177;10924;7.4;0.1
177;10926;9.9;1.3
177;10927;15.2;5.2
177;10928;8.8;0.8
177;11574;45.5;32.6
177;11996;31.2;17.7
177;12132;37.8;25.8
177;12133;87.9;44.5
177;12134;30.2;18.7
177;12135;28.7;17.2
177;12172;41.1;24.2
177;12173;45.0;28.4
177;12312;25.7;15.0
177;12467;27.8;15.8
177;12483;27.0;15.5
177;12553;24.9;14.2
177;12582;26.8;15.8
177;12851;27.4;16.2
177;12852;29.1;17.4
177;12853;27.8;16.4
177;12864;22.0;11.1
177;14252;48.4;35.5
177;14331;96.5;64.4
178;37;79.9;67.0
178;241;16.3;6.5
178;242;29.0;16.7
178;243;11.6;3.6
178;1599;49.4;32.4
178;5185;76.4;58.8
178;7767;75.2;62.5
178;8886;17.8;9.1
178;11316;8.5;0.9
178;11317;9.9;1.7
178;11327;9.7;2.2
178;11611;15.8;7.5
178;11612;7.7;0.3
180;257;46.4;24.7
180;1305;;
180;6537;24.9;14.7
180;8070;26.4;16.1
180;8072;23.6;13.7
180;8073;23.7;13.8
180;9291;84.8;54.1
180;11262;28.5;14.4
180;11493;24.3;14.4
180;11580;21.8;11.2
180;11581;25.3;12.6
180;11582;7.6;0.2
180;11583;37.6;24.1
180;11584;27.2;13.8
180;11590;21.0;11.6
180;11591;22.1;11.2
180;11610;30.6;17.2
180;11620;39.5;21.4
180;11621;14.9;6.5
180;11625;14.3;3.8
180;11628;21.3;11.8
180;11630;24.4;14.4
180;14597;22.3;13.2
181;436;20.6;10.9
181;4110;76.0;39.9
181;4111;133.9;62.5
181;9268;7.6;0.2
181;11814;111.8;61.2
181;11825;78.6;39.4
181;12468;106.7;50.8
181;12494;93.1;48.8
181;12600;68.8;39.3
181;12621;105.8;59.0
181;12648;120.6;57.1
181;12687;61.5;35.6
181;13080;48.0;27.6
181;13115;79.7;44.4
183;2869;12.2;2.3
183;2872;23.4;7.9
183;10341;;
183;13790;96.7;52.7
183;13824;8.4;0.6
183;13923;;
183;14012;9.0;1.0
183;14023;31.7;17.7
183;14131;65.6;23.1
183;14167;9.9;1.3
183;14677;76.8;27.5
183;14684;63.2;21.9
183;14685;67.9;24.0
183;14701;25.7;12.8
184;42;49.1;26.2
184;4243;64.3;36.2
184;4244;73.0;40.4
184;6336;202.1;116.0
184;10216;79.4;47.5
184;12842;115.2;66.1
184;13562;44.6;22.1
185;2826;35.5;16.7
185;12008;113.8;60.6
185;12064;123.7;71.6
185;12630;179.2;95.7
185;12632;160.2;88.9
187;348;7.9;0.4
187;351;7.4;0.1
187;352;21.7;8.9
187;353;19.2;7.6
187;354;11.5;3.1
187;357;22.6;11.5
187;358;43.1;30.1
187;2573;52.8;35.4
187;4969;8.0;0.4
187;6942;38.2;27.1
187;6954;32.3;22.0
187;11137;40.2;28.2
187;11138;29.8;16.4
187;11143;25.5;13.5
187;11145;16.8;7.1
187;11147;10.4;1.8
187;11148;11.8;3.5
187;11149;22.2;13.1
187;11152;8.5;0.7
187;11191;26.5;15.8
187;11194;35.1;24.0
187;11253;29.5;18.8
187;11256;9.6;1.4
187;11764;27.3;14.9
187;12048;14.8;5.7
187;12049;11.7;3.3
187;13305;28.2;15.4
187;13306;22.3;10.8
187;13310;;
187;13492;71.7;51.9
188;968;135.4;56.7
188;11281;9.4;1.1
188;11282;28.0;10.9
188;11776;18.2;5.3
188;11820;134.7;56.2
188;11841;234.3;102.3
188;11860;9.0;1.0
189;1002;;
189;13199;15.0;6.1
189;13218;11.3;2.3
189;13512;70.5;45.3
189;13684;21.0;7.6
189;13688;;
189;13780;8.3;0.8
189;14091;;
189;14106;;
190;3840;10.5;1.9
190;5021;45.2;26.6
190;12487;111.1;83.4
190;12492;119.3;88.6
190;14343;116.0;89.4
192;2506;;
192;11025;40.3;23.0
192;11203;27.7;18.1
192;11368;19.3;10.3
192;11622;19.5;8.2
193;128;49.0;21.2
193;662;112.1;42.6
193;663;136.7;69.2
193;2344;131.9;66.7
193;11955;36.2;16.7
193;11956;75.8;31.2
193;14007;134.3;64.5
193;14008;133.1;64.0
193;14026;154.2;72.4
193;14030;151.0;71.0
194;11453;20.4;8.6
194;12335;68.0;48.3
194;12337;88.6;62.2
194;12364;114.7;77.0
194;12365;125.9;80.9
194;12645;75.2;33.0
194;12659;62.6;26.3
194;13240;29.0;12.6
194;13323;50.9;28.9
194;14080;109.1;57.1
195;12264;38.6;22.5
195;12309;38.7;22.5
195;12462;52.1;41.7
195;13832;120.2;88.9
195;14412;56.9;41.6
198;6116;;
198;6117;;
198;6118;;
198;6120;;
198;11750;;
198;11751;12.5;2.8
198;11752;;
199;3392;32.2;19.6
199;3404;33.3;20.2
199;3405;32.8;19.9
199;3509;36.3;22.8
199;5537;18.5;7.8
199;5539;16.6;6.6
199;5548;18.9;8.3
199;8989;36.0;21.8
199;9829;42.7;22.8
199;11033;19.4;7.4
199;11208;34.4;21.0
199;11209;42.2;26.8
199;11280;29.8;18.4
199;12341;9.7;1.3
199;12692;23.4;10.0
199;12694;17.0;7.7
199;12695;15.0;5.5
199;12696;17.3;6.9
199;12712;15.3;6.6
199;12713;7.5;0.2
199;12714;15.3;6.6
199;12715;7.4;0.1
199;12745;16.3;7.4
199;12747;20.2;6.7
199;12748;10.8;2.5
199;13463;36.4;21.9
199;13494;37.7;22.5
199;13800;50.8;33.9
199;13849;51.2;34.1
199;13946;18.5;7.8
199;13955;51.4;34.2
199;14098;50.6;33.8
199;14183;11.1;2.8
199;14215;30.0;17.0
199;14216;17.7;7.4
199;14374;10.9;2.8
199;14378;10.9;2.8
199;14382;10.9;2.8
201;215;7.4;0.2
201;11196;7.7;0.3
201;11246;37.4;20.9
201;11365;7.5;0.2
201;11603;7.6;0.2
201;11604;7.8;0.3
201;11605;7.9;0.4
201;11606;7.4;0.1
201;11607;7.9;0.3
201;11608;11.5;3.4
201;11609;11.5;3.5
201;11842;358.2;222.1
201;12110;29.5;16.0
201;12877;7.7;0.3
202;535;15.6;6.2
202;536;40.2;19.0
202;2405;38.6;21.8
202;2419;25.4;11.7
202;2420;43.7;20.7
202;2508;91.1;40.7
202;2511;11.4;3.6
202;2664;;
202;3031;9.1;1.4
202;5861;29.8;12.2
202;7129;26.8;18.5
202;8200;25.7;11.7
202;10949;39.5;22.3
202;10950;51.3;23.7
202;10961;48.9;21.6
202;11125;102.5;68.4
202;11511;10.0;2.4
202;11538;46.0;25.7
202;12081;17.8;7.4
202;12107;36.2;17.1
202;12628;28.7;12.2
202;12721;23.2;10.6
202;12734;18.9;7.9
202;12844;15.0;5.9
202;14509;68.6;30.9
202;14510;14.8;5.8
203;31;29.2;12.3
203;2043;26.3;10.1
203;4673;52.7;34.5
203;4675;9.7;1.2
203;4685;52.8;34.6
203;8007;53.4;35.1
203;8010;7.4;0.1
203;8640;7.4;0.1
203;8641;8.4;0.7
203;8642;7.7;0.2
203;8644;20.8;6.7
203;8645;69.0;41.2
203;8647;40.7;24.4
203;8648;8.2;0.5
203;11102;14.7;3.6
203;13092;44.8;28.0
203;14001;55.5;36.5
203;14619;10.3;1.4
203;14655;24.4;10.6
203;14705;9.4;1.2
203;14709;14.8;3.7
204;882;119.0;71.3
204;883;99.0;62.6
204;884;61.3;30.4
204;1870;88.2;41.8
204;1872;117.2;71.1
204;1874;84.5;54.2
204;6960;47.8;28.3
204;6980;43.6;25.3
204;6983;105.2;56.7
204;7151;79.9;36.6
204;11514;61.0;32.1
204;11515;61.7;32.5
204;11670;59.1;31.5
204;11673;61.7;32.5
204;12377;114.8;52.6
204;12784;65.3;39.2
204;12785;93.7;43.7
204;12787;138.9;59.3
204;12823;69.8;40.1
204;12867;125.3;76.1
204;12870;128.6;77.3
204;12872;128.6;77.3
204;12905;89.4;42.4
204;12938;69.2;32.4
204;12968;35.2;18.7
204;13766;85.2;38.0
204;13777;84.9;37.9
204;13779;85.2;38.0
204;13991;43.7;25.3
204;13992;41.9;22.5
204;14043;78.6;36.0
204;14084;64.5;38.6
204;14094;109.6;51.9
204;14263;67.2;41.8
204;14375;41.4;19.0
204;14698;37.3;16.8
205;2549;46.4;29.1
205;2725;78.8;61.1
205;6009;83.4;64.8
205;12411;44.0;32.4
205;12590;52.4;40.8
205;12913;51.7;40.5
205;13081;51.9;40.6
206;515;13.0;3.7
206;2413;29.1;20.6
206;2544;11.5;2.9
206;11994;15.1;6.3
206;14493;141.7;79.5
207;745;55.5;27.5
207;746;76.4;38.5
207;770;52.0;24.8
207;945;9.6;1.5
207;5247;7.6;0.2
207;5249;7.8;0.3
207;5769;85.9;31.4
207;5811;67.9;34.5
207;5831;7.9;0.3
207;5843;106.4;60.2
207;5920;57.1;28.7
207;8141;58.9;30.1
207;12424;57.7;24.7
207;12578;44.3;20.8
207;13275;8.1;0.7
207;13675;74.4;39.3
207;13677;11.0;2.7
207;13678;8.9;1.1
207;13798;68.3;34.6
207;13799;67.5;34.2
207;13904;86.9;49.5
208;8302;43.7;16.8
208;8303;70.1;28.4
208;11884;34.8;18.0
208;11888;24.4;11.1
208;11889;60.1;32.9
208;11890;61.0;29.9
208;11892;31.9;16.3
208;11895;45.0;25.3
208;11897;60.1;32.9
208;11916;32.1;16.6
208;11917;37.0;19.5
208;11927;59.2;24.5
208;11931;31.8;14.0
208;11934;32.2;17.1
208;11941;51.0;19.1
208;11942;50.7;18.9
208;11943;50.4;21.7
208;11950;42.9;15.6
208;11960;50.3;21.7
208;11961;51.3;19.2
208;12504;62.5;34.5
208;12510;62.4;34.4
208;12511;62.7;34.6
208;12537;32.9;16.9
208;12550;41.2;21.1
208;12575;31.9;16.3
208;12579;61.0;29.9
208;12773;71.8;38.0
208;12775;39.6;22.4
208;12776;32.0;16.3
208;12778;37.6;13.6
208;12959;43.8;20.4
208;12960;32.4;16.8
208;12961;32.4;16.8
208;13008;74.1;34.1
208;13022;56.7;27.9
208;13033;21.6;8.8
208;13049;21.2;6.6
208;13057;8.7;1.0
208;13058;38.7;20.1
208;13067;33.0;16.6
208;13069;57.3;22.3
208;13070;15.3;6.2
208;13071;7.4;0.1
208;13078;49.2;27.9
208;13087;8.7;1.0
208;13103;9.2;1.0
208;13104;10.2;1.4
208;13111;12.3;3.3
208;13714;52.8;26.1
208;13715;44.7;19.7
208;14477;38.3;13.6
208;14478;27.4;11.4
208;14485;38.4;13.7
208;14508;33.8;13.8
208;14694;41.4;16.7
211;518;7.6;0.2
211;526;26.3;10.3
211;1910;13.0;3.0
211;11829;19.6;8.2
211;11837;21.2;8.8
211;13252;203.4;116.0
211;14473;7.4;0.1
211;14491;23.3;9.0
211;14492;39.8;21.3
211;14565;207.4;117.7
213;260;10.5;2.6
213;562;37.7;26.0
213;600;123.0;65.0
213;765;8.7;1.1
213;766;9.0;1.4
213;767;16.6;7.7
213;768;21.8;8.1
213;962;7.4;0.1
213;970;8.3;0.9
213;1036;11.2;2.7
213;2173;56.6;27.5
213;2177;15.5;4.2
213;2466;20.1;7.3
213;2972;38.0;26.0
213;4651;87.4;48.4
213;8619;7.7;0.2
213;11009;50.9;30.7
213;11366;17.2;8.0
213;11421;7.5;0.1
213;11451;8.8;1.2
213;11477;12.7;3.2
213;11527;9.3;1.7
213;11541;43.7;30.7
213;11782;47.9;23.7
213;12423;41.9;16.4
213;12691;38.8;22.3
213;14155;10.5;2.6
214;1208;10.2;1.7
214;2200;37.7;23.8
214;3382;51.2;31.5
214;5531;13.7;4.3
214;5557;22.5;11.6
214;5572;23.0;11.8
214;10299;7.6;0.2
214;11060;21.1;10.4
214;11061;10.3;1.7
214;11080;;
214;11098;30.8;19.9
214;11099;29.8;20.0
214;11100;27.6;17.1
214;11101;24.7;15.7
214;11182;28.6;17.3
214;11183;28.7;15.3
214;13585;7.7;0.3
214;14170;19.9;11.3
214;14180;25.0;15.6
214;14704;19.9;11.3
217;10301;140.3;67.3
217;11586;113.1;77.7
217;12449;104.5;38.1
217;12876;105.0;76.3
217;12897;104.9;76.3
217;12989;111.5;44.9
217;12993;111.5;44.9
217;13003;115.7;50.4
217;13399;139.4;64.2
217;13840;117.8;52.3
217;13847;119.7;53.3
217;13850;126.5;56.6
217;13895;117.6;52.2
218;398;11.1;2.9
218;400;7.7;0.2
218;403;27.4;16.5
218;1802;7.6;0.2
218;3183;48.5;35.6
218;3265;37.8;21.0
218;6405;32.6;19.7
218;14573;37.8;21.0
219;7173;32.4;11.1
219;11877;36.7;12.6
219;12185;32.3;11.0
219;13513;193.5;102.3
219;13516;201.5;103.9
219;13774;236.0;105.7
219;14041;19.1;7.2
219;14060;14.2;2.8
219;14068;7.7;0.2
219;14499;239.3;120.6
221;730;;
221;731;144.8;81.5
221;11355;43.7;21.1
221;11372;;
221;11387;;
221;11727;;
222;5995;40.1;21.9
222;7796;43.5;25.1
222;11200;446.2;288.3
222;13674;13.3;4.1
222;13679;11.4;2.3
222;13911;14.0;4.1
222;13913;19.0;7.3
223;4688;50.2;28.8
223;9024;118.2;71.4
223;13576;25.4;12.2
223;14052;102.2;45.6
223;14054;96.3;43.3
223;14089;104.1;36.4
223;14496;101.3;33.6
224;11115;;
224;11126;;
224;11539;;
224;11588;;
224;11843;;
224;11986;;
224;12002;;
224;12262;;
224;14381;;
225;14448;21.6;6.5
225;14452;;
225;14453;38.7;14.9
225;14459;11.1;2.1
225;14515;;
225;14516;62.4;23.8
225;14517;;
225;14518;18.3;6.0
225;14519;9.1;1.1
225;14520;7.8;0.3
226;1147;47.5;30.7
226;4252;68.7;42.0
226;4398;57.8;39.1
226;4416;58.6;39.9
226;5191;91.5;39.1
226;5193;112.9;50.6
226;5194;126.2;60.1
226;5195;112.8;51.1
226;10799;106.2;46.9
226;11643;123.6;50.0
226;11886;49.0;31.7
226;13621;100.8;43.8
226;14668;53.3;37.7
227;930;12.5;2.9
227;2555;153.5;94.5
227;7226;15.0;5.8
227;10176;25.2;11.3
227;12576;86.0;37.3
227;12716;128.7;59.9
227;13844;196.6;97.0
227;14439;21.5;12.1
227;14443;25.2;14.2
227;14444;21.4;12.0
230;2876;28.6;13.4
230;9469;26.8;12.1
230;11207;8.0;0.4
230;13473;15.5;3.8
230;13694;28.6;11.8
230;14656;45.8;20.3
230;14722;59.4;31.0
232;468;7.7;0.2
232;5028;94.2;67.9
232;5034;8.5;0.6
232;8695;8.1;0.5
232;8696;8.1;0.4
232;8702;35.6;11.2
232;9602;7.6;0.2
232;11799;15.1;3.0
232;11812;15.2;6.1
232;14234;75.4;59.0
232;14388;91.5;64.4
233;3959;7.5;0.2
233;4784;117.1;71.9
233;7475;36.9;15.2
233;7482;37.4;14.5
233;7483;8.4;0.6
233;7486;30.2;11.1
233;7625;7.5;0.2
233;9733;15.5;3.8
233;9734;32.8;11.7
233;9735;47.5;15.7
233;9736;43.7;17.9
233;9839;18.7;5.1
233;9902;11.7;2.0
233;9904;51.9;18.3
233;9906;64.2;27.9
233;9910;39.5;13.7
233;9931;43.7;16.8
233;9933;28.1;8.0
233;11238;58.5;27.6
233;11242;47.5;21.9
233;11244;34.7;14.1
233;11644;83.9;33.0
233;13811;120.5;68.2
233;13866;131.8;77.0
233;13868;127.2;74.3
234;11905;23.5;7.8
234;11906;46.4;17.9
234;12052;177.3;73.2
234;12062;57.7;22.0
234;12268;74.5;28.7
234;12269;23.9;7.6
234;12379;132.4;58.2
234;12382;98.4;41.4
234;13244;228.2;89.1
234;14120;36.9;13.3
234;14136;232.1;105.4
234;14161;96.4;37.0
234;14162;253.8;107.2
235;2575;31.4;17.4
235;3595;7.6;0.2
235;3596;7.8;0.3
235;3597;7.7;0.3
235;3678;9.4;1.8
235;3680;9.7;1.8
235;7639;9.1;1.4
235;7647;44.1;26.7
235;10688;70.8;45.1
235;11055;146.7;95.9
235;11118;29.0;15.5
235;11151;138.2;91.3
235;11410;66.6;43.8
235;14237;49.2;31.6
235;14284;11.8;3.1
235;14301;14.3;3.9
235;14309;8.1;0.7
235;14380;11.2;2.8
238;1943;9.2;1.2
238;3120;216.3;144.3
238;3910;12.6;4.1
238;5579;8.8;0.7
238;5584;8.8;0.7
238;14059;7.5;0.1
238;14065;7.5;0.1
239;4458;36.5;12.1
239;7446;69.4;29.5
239;7481;41.7;20.8
239;7593;36.9;12.3
239;7594;33.0;12.7
239;7595;62.0;29.0
239;13037;69.4;39.6
239;13446;86.5;38.6
240;230;9.7;1.9
240;231;9.8;1.8
240;237;14.4;5.7
240;238;47.8;35.9
240;239;14.0;4.6
240;1610;20.7;8.6
240;6949;13.2;5.1
240;6953;18.1;9.9
240;6970;18.7;9.8
240;6972;23.3;11.1
240;6976;18.8;9.9
240;7069;11.1;3.3
240;7586;15.2;5.4
240;7772;18.1;9.1
240;7774;18.3;9.2
240;7775;19.3;9.7
240;8030;20.4;10.4
240;8336;20.6;10.7
240;9028;18.0;7.8
240;11021;19.0;10.8
240;11059;20.5;11.9
240;11631;7.8;0.3
240;11633;9.1;1.0
240;13134;36.2;23.6
240;13151;39.6;23.1
241;1879;;
241;12210;;
244;1076;159.3;78.6
244;3102;7.6;0.2
244;4665;177.1;89.2
244;10777;204.7;112.7
244;11780;7.8;0.3
244;11785;43.7;21.5
244;11796;224.8;124.8
244;11817;114.0;61.1
244;11821;135.7;67.9
244;11864;171.7;83.6
244;12820;7.4;0.1
244;12831;7.4;0.1
244;14680;174.2;87.3
245;287;;
245;998;;
245;10962;;
245;13246;;
245;13307;;
245;13598;;
246;2928;11.1;2.8
246;2930;10.8;1.6
246;2938;7.3;0.0
246;2944;7.5;0.1
246;2946;33.8;18.1
246;13640;41.7;26.4
246;13657;67.1;41.1
246;13658;63.7;40.9
246;13667;14.0;3.7
246;13789;69.7;49.4
248;12067;16.1;7.6
248;13782;13.0;4.5
248;13783;11.5;2.8
248;13795;20.7;10.9
248;13934;8.6;0.7
248;13940;11.6;3.0
248;13958;11.3;2.8
249;330;46.7;26.3
249;334;43.9;26.4
249;339;50.6;27.2
249;513;89.8;54.3
249;6388;44.1;26.5
249;11733;43.9;26.4
249;13260;187.4;147.0
249;13332;173.0;93.1
249;13781;42.2;25.8
251;11283;61.9;21.1
251;11284;32.2;9.3
251;11433;74.7;27.4
251;11472;69.8;30.5
251;11473;66.8;22.7
251;14675;320.5;152.6
252;33;10.6;1.8
252;36;19.3;5.3
252;9026;39.2;25.9
252;11626;7.4;0.1
252;11715;44.2;17.6
253;11307;206.8;103.6
253;12652;138.8;73.7
253;12885;149.1;87.3
253;12888;147.8;62.1
253;13401;105.4;59.7
253;13402;114.7;71.9
253;14398;171.2;91.1
253;14399;247.1;139.9
253;14467;124.6;75.3
253;14468;81.2;50.1
253;14697;204.6;102.4
254;708;506.3;188.3
254;9745;87.5;35.6
254;10684;63.9;25.0
254;10685;70.2;27.5
254;10826;84.4;34.0
254;11129;38.0;14.1
254;13386;424.7;183.9
254;13387;;
254;13423;383.0;166.8
254;13542;422.8;182.5
254;13589;413.0;177.4
256;933;21.3;11.4
256;935;83.1;50.4
256;1771;23.4;14.3
256;2630;24.5;15.1
256;2668;20.2;10.1
256;3644;27.5;18.3
256;6031;33.9;18.3
256;8435;23.1;14.0
256;8436;9.7;1.5
256;10697;26.8;13.7
256;10973;15.8;6.7
256;10974;15.6;6.6
256;11035;180.5;71.4
256;11058;49.6;39.4
256;11376;115.7;58.1
256;11417;24.8;10.9
256;11435;68.8;27.3
256;11984;32.2;22.0
256;12895;31.9;16.5
256;13433;26.6;9.5
256;13437;20.8;11.2
256;13438;20.4;10.2
256;13439;20.4;10.2
256;13441;35.5;19.1
256;13445;23.7;14.7
257;11385;121.3;64.9
257;11393;50.5;20.3
257;11398;30.1;11.6
257;12071;125.9;66.7
257;12094;176.4;96.7
257;12158;249.5;127.2
257;12160;143.9;78.8
257;12162;183.2;96.6
257;12186;123.6;65.9
257;12190;132.9;72.0
257;12191;193.5;99.1
257;12192;123.3;65.8
257;12200;143.4;78.4
257;12604;104.3;55.8
257;12607;98.8;49.8
257;12608;100.0;52.4
257;12610;106.1;56.6
257;14662;94.6;39.8
257;14663;112.2;47.4
257;14664;115.8;49.1
257;14665;99.7;42.4
257;14673;;
257;14690;119.9;50.4
257;14691;93.2;39.1
258;1749;26.0;10.2
258;1754;;
258;1756;7.5;0.2
258;3510;;
258;3800;;
258;3802;;
258;4216;;
258;11120;;
258;11121;;
258;11951;11.5;2.6
258;13373;9.1;1.3
258;13474;21.0;9.7
258;14411;8.6;0.6
259;3877;197.7;142.3
259;6540;176.7;67.7
259;9991;189.2;134.2
259;9993;204.3;141.0
259;10366;198.9;144.9
259;11409;197.7;142.3
259;12300;201.3;127.5
259;13488;62.4;23.9
259;13582;61.0;21.2
259;13592;60.6;21.2
259;13630;61.0;21.2
259;14174;62.0;23.6
259;14176;62.3;23.8
259;14184;62.0;23.6
259;14199;62.3;23.8
259;14201;62.0;23.6
261;830;20.6;10.2
261;12878;89.4;41.5
261;12879;73.6;41.4
261;12889;60.7;28.5
261;12899;38.8;24.8
261;12900;79.5;36.8
261;14096;72.6;39.1
261;14151;70.1;40.4
261;14206;16.5;7.9
264;1265;98.7;45.9
264;1268;27.1;10.7
264;11555;81.1;37.8
264;12501;19.6;6.6
264;12543;29.9;12.8
264;13420;84.6;48.1
265;595;44.9;14.9
265;4090;43.1;18.8
265;5647;7.4;0.1
265;7042;7.5;0.1
268;10680;44.9;21.1
268;11003;317.5;136.5
268;12225;282.8;122.3
268;12326;7.4;0.1
268;12328;39.3;17.5
268;12330;10.9;1.3
268;12426;65.0;30.0
268;12430;40.4;18.1
268;12452;25.9;10.0
268;12453;25.0;9.6
268;12454;65.4;30.2
268;13284;27.3;11.1
268;13285;66.3;29.1
268;13300;52.5;24.2
268;13301;47.1;22.5
268;13312;39.3;17.2
268;13611;156.7;68.4
268;14171;130.7;55.0
273;1655;124.3;53.9
273;4761;16.6;4.1
273;11640;95.5;41.6
273;11641;80.4;33.2
273;12620;101.6;40.7
274;411;7.4;0.1
274;413;;
274;419;51.4;39.4
274;420;44.8;33.8
274;425;29.1;19.2
274;426;29.1;19.2
274;427;29.9;19.7
274;428;30.1;19.8
274;957;78.2;59.8
274;958;;
274;959;;
274;1449;95.3;73.9
274;1648;29.7;19.5
274;1652;31.2;20.1
274;1674;78.2;59.8
274;2554;71.1;52.1
274;3471;29.6;19.5
274;4777;45.0;33.9
274;5018;72.4;49.7
274;11798;72.5;53.3
274;12567;55.2;39.5
274;12617;79.5;52.6
274;12698;56.9;43.8
274;12699;46.7;33.7
274;12861;83.8;55.6
274;12946;30.2;19.8
274;13094;48.6;35.9
274;13546;66.9;46.8
274;13550;101.0;70.9
274;13555;93.6;67.2
274;13573;91.4;67.8
274;13622;83.4;61.0
274;14346;48.3;35.8
274;14455;77.1;56.1
274;14586;50.8;39.1
