codigo;nombre;inicio;fin;central;nota
130;Fiesta Patronal del Señor de la Piedad;2026-01-20;2026-01-28;2026-01-28;Ocho días de actividades antes del día central, el 28 de enero
2618;Festividad del Señor de Huanca;2026-09-13;2026-09-14;2026-09-14;Peregrinación la noche del 13 y día central el 14. Las novenas empiezan el 4
2732;Festival de la Orquídea;2026-10-25;2026-11-07;;La última semana de octubre o la primera de noviembre, según la floración
3766;Fiesta de Aniversario de Saña;2026-11-23;2026-12-02;2026-11-29;Diez días de actividades con día central el 29 de noviembre. Siguen el 30, el 1 y el 2
3769;Fiesta Patronal en Honor a Santo Toribio de Mogrovejo.;2026-04-18;2026-05-01;2026-04-27;Del 18 de abril al 1 de mayo, con víspera el 26 y día central el 27
4311;Fiesta Patronal San Pedro El Pescador;2026-06-29;2026-06-30;;El 29 y el 30 de junio
4605;Festival Internacional de la Vendimia Iqueña;2026-03-06;2026-03-15;2026-03-13;Diez días desde el primer viernes de marzo, con día central el segundo viernes
5321;La Santísima Cruz de los Motilones de Lamas;2026-07-07;2026-07-16;2026-07-16;Del 7 al 16 de julio con fecha central el 16
6193;Fiesta del Chaccu de Vicuñas Yavi Yavi;2026-08-08;2026-08-08;2026-08-08;Cada 8 de agosto
6311;Bajada de Reyes y Tradicional Sacudida de Perales;2026-01-06;2026-01-06;2026-01-06;Cada 6 de enero
7152;Fiesta del Patron de San Jeronimo;2026-09-28;2026-10-02;2026-09-30;Del 28 de septiembre al 2 de octubre con día central el 30
10861;Fiesta Patronal en Honor a San Agustin de Marcac;2026-08-27;2026-08-29;2026-08-28;Del 27 al 29 de agosto con día central el 28
11599;Fiesta Patronal Virgen de Asunta;2026-08-01;2026-08-15;;Del 1 al 15 de agosto
11602;Raymi Llaqta de los Chachapoya;2026-06-05;2026-06-06;2026-06-06;El primer viernes de junio llegan las delegaciones y el sábado es el día central
11832;Festividad del Señor de la Ascensión de Amay;2026-05-13;2026-05-24;2026-05-14;Día central el jueves de la Ascensión y octava el domingo de Pentecostés
11833;Festividad de la Santísima Virgen del Carmen;2026-07-01;2026-07-31;2026-07-16;Todo julio, con víspera el 15 y día central el 16
11968;Fiesta Patronal San Luis Rey de Francia - Anta;2026-08-24;2026-08-27;2026-08-25;Víspera el 24, día central el 25 y fin el 27. Las novenas empiezan el 16
12154;Festival de la Palta;2026-05-29;2026-05-29;2026-05-29;Día central el 29 de mayo
12168;Feria Agropecuaria, Ganadera y Gastronomica de Inclán;2026-11-13;2026-11-21;;Una semana antes del aniversario del distrito (24 de noviembre), durante 4 o 5 días
12194;Festividad Señor de los Milagros de Lunahuaná;2026-01-25;2026-01-25;2026-01-25;El 25 de enero de cada año
12278;Feria Religiosa, Comercial y Turística Niño Dios de Reyes - Illimo;2026-01-04;2026-01-10;2026-01-06..2026-01-07;Feria anual del 4 al 10 de enero con cierre el 15 y días centrales el 6 y el 7
12447;Aniversario del Distrito de Surco;2026-09-14;2026-09-16;2026-09-15;Empieza la noche del 14, el 15 es el día central y sigue el 16
12641;Fiesta Patronal del Señor de Ricra – Vinchos Bajo;2026-05-02;2026-05-06;2026-05-04;Del 2 al 6 de mayo con día central el 4. La novena empieza el 27 de abril
12821;Navidad Chacasina;2026-12-24;2026-12-26;2026-12-25;Del 24 al 26 de diciembre con día central el 25
13040;Tradicional Entrada de Ccapo del Distrito de Cayma;2026-08-14;2026-08-14;2026-08-14;Cada 14 de agosto, víspera del aniversario de Arequipa
13234;Fiesta de Pascua de Reyes de Huancaya;2026-01-05;2026-01-08;2026-01-06..2026-01-07;Del 5 al 8 de enero con días centrales el 6 y el 7
13517;Festividad del Rey Choclo – Comunidad Campesina de Pasac;2026-07-27;2026-07-29;;Del 27 al 29 de julio
13604;Festival Regional del Queso de Baños;2026-09-20;2026-09-22;;En septiembre, los días 20, 21 y 22
13729;La Fiesta del Agua / Farich Lap;2026-09-26;2026-09-26;;La luna llena más próxima al equinoccio de septiembre: 26 de septiembre de 2026
13827;Festival del Pisco;2026-07-25;2026-07-26;2026-07-26;El cuarto domingo de julio y ese fin de semana
14038;Aniversario del Galardón del Río Amazonas Como Maravilla Natural del Mundo;2026-08-12;2026-08-14;2026-08-13;Se centra en el 13 de agosto y se extiende del 12 al 14
14046;Festival del Mijano;2026-06-23;2026-06-29;2026-06-29;Del 23 al 29 de junio con día central el 29
14111;Escenificación del Juramento de los Tres Ríos;2026-07-07;2026-07-07;2026-07-07;Cada 7 de julio
14124;Fiestas Patronales de Surco;2026-09-28;2026-10-04;2026-09-29..2026-10-03;Del 28 de septiembre al 4 de octubre, con un día central por cada patrón del 29 al 3
14249;Batalla Campal de Chiaraje Langui;2026-01-20;2026-01-20;2026-01-20;Cada 20 de enero
14295;Festival Cacao Orgánico y Expo Feria Sur Vraem;2026-06-03;2026-06-05;2026-06-05;Del 3 al 5 de junio con fecha central el 5
14364;Semana Santa Chacasina;2026-03-29;2026-04-05;;Del Domingo de Ramos al Domingo de Resurrección
14434;Aniversario de Creación de Santa Rosa de Sacco;2026-05-29;2026-06-01;2026-06-01;Cuatro días que terminan el 1 de junio, el día central
14530;Carnaval o Pukllay de Pomacocha;2026-02-15;2026-02-22;2026-02-15..2026-02-18;Días centrales del domingo al miércoles de carnaval. Culmina el fin de semana siguiente
14688;Carnaval de Tarata;2026-02-14;2026-02-22;2026-02-18;Uno de sus días centrales es el Miércoles de Ceniza. También el martes de carnaval y el domingo de tentación
