tipo;clave;archivo;motivo
lugar;424;Atardecer en Sillustani.jpg;Complejo Arqueológico de Sillustani: va una chullpa, la elegida era la orilla de la laguna Umayo
lugar;3792;;Complejo Arqueológico Túcume: es la entrada del museo de sitio, no las pirámides
lugar;1125;;Complejo Arqueológico Wari: la foto es una momia en un museo, no el sitio
lugar;4113;;Museo Lítico de Pucará: es el sitio arqueológico, no el museo
lugar;6818;;Museo Nacional de Chavín: son tres fotos pegadas, con franjas blancas entre una y otra
lugar;1729;Huánuco Plaza Fountain by Night.jpg;Plaza de Armas de Huánuco: su foto estaba en la ficha de la ciudad
lugar;11999;;Plaza Mayor de Puno: lleva el logotipo del fotógrafo en una esquina
lugar;12877;;Pueblo de Pozuzo: es un collage
lugar;352;;Punta Coles: foto satelital desde la Estación Espacial
lugar;1002;Reserva Pacaya-Samiria, Loreto.jpg;Reserva Nacional Pacaya-Samiria: su foto estaba en la ficha de la provincia
lugar;897;;Templo de la Compañía de Jesús (Cusco): es el Paraninfo, el edificio vecino
lugar;8709;;Antigua Estación del Ferrocarril de Pacasmayo: es el muelle
lugar;8216;;Arco de Santa Clara (Cusco): es la calle Santa Clara y el arco no se ve
lugar;11779;;Arcopata (Juli): es la catedral de Juli
lugar;13723;;Arzobispado de Trujillo: es la catedral, el edificio vecino
lugar;1205;;Balneario de Ancón: es la necrópolis, un arenal gris con la fecha impresa
lugar;2684;;Baños Termales de Aguas Calientes: es la estación de tren
lugar;1092;Ayacucho Cathedral.jpg;Basílica Catedral de Ayacucho: la regla le dio su foto al templo de Santa María Magdalena
lugar;101;Cathedral of Trujillo, Peru 02.jpg;Catedral de Trujillo: la regla le dio su foto al Arzobispado
lugar;408;;Basílica Catedral de Puno: es la estación de tren
lugar;2526;;Biblioteca Municipal del Callao: es un faro
lugar;14706;;Boulevard de Iquitos: es un edificio del centro, no el malecón
lugar;14627;;Campiña de Moche: es el museo de las Huacas de Moche
lugar;13437;;Capilla de San Miguel de Raqchi: es el templo inca de Raqchi
lugar;14163;;Capilla Nuestra Señora de la Estrella (Oropesa): es el templo del Salvador, otra iglesia
lugar;14232;;Cascada de Aguas Calientes: es la estación de tren
lugar;3311;;Centro Cultural Ricardo Palma: es la Casa Museo Ricardo Palma, otro lugar
lugar;12284;;Centro Cultural y Turístico de Huánuco: es una danza en la calle
lugar;5831;Chachapoyas, náměstí, 2023 (01).jpg;Centro Histórico de Chachapoyas: va su plaza, que estaba en la ficha de la ciudad
lugar;1208;Castillo de Chancay.JPG;Castillo de Chancay: va el castillo desde sus jardines, la elegida lleva la fecha impresa
lugar;713;;Cerrito de la Libertad (Huancayo): es otro parque
lugar;4730;;Cerro Asiru Phatjata (Yunguyo): es Copacabana, en Bolivia
lugar;11575;;Cerro Pachatusan: es una vista de la ciudad del Cusco
lugar;13978;;Ciudad de Yurimaguas: es un hospital
lugar;12941;;Claustros de la Compañía (Arequipa): solo se ven techos
lugar;2466;;Complejo Arqueológico Ichic Willcawain: es el templo de Willkawain, que es otra parada
lugar;11493;;Muelle Fiscal de Pisco: lleva la marca de agua de la cámara
lugar;2544;;Humedales de Ite: foto satelital desde la Estación Espacial
lugar;1287;;Catedral Matriz del Callao: lleva la fecha impresa en la foto
lugar;9999;;Iglesia del Santísimo Salvador de Pachacámac: lleva la fecha impresa en la foto
lugar;912;Vista calle Santa Clara al anochecer.jpg;Iglesia y Convento de Santa Clara (Cusco): su foto estaba en la ficha de la calle
lugar;4614;;Jirón de la Unión: es la estación del Metropolitano que lleva su nombre
lugar;12798;Laguna Belaunde 2013.jpg;Laguna Belaúnde: va la laguna, la elegida era otra (Sulla) con colores alterados
lugar;22;;Laguna de Lauricocha: es el río
lugar;1316;;Laguna de Pacucha: lleva la fecha impresa en la foto
lugar;11667;;Laguna de Vilacota: foto satelital del volcán Yucamane
lugar;3473;Sillustani, Perú, 2015-08-01, DD 84.JPG;Laguna Umayo: va la orilla de la laguna, la elegida era una chullpa de Sillustani
lugar;11343;;Malecón de Barranco: es la fachada de un edificio
lugar;12119;;Mercado Artesanal del Puerto Muelle (Puno): es el faro del puerto
lugar;11510;;Mausoleo de Huarmey: es un grabado antiguo, no una foto
lugar;8374;;Museo de Culturas Indígenas Amazónicas: es el Museo Etnográfico, otro museo
lugar;6006;Frontis del Museo de Ancón.jpg;Museo de Sitio de Ancón: la regla le dio su foto a la Zona Monumental
lugar;6821;;Museo de Sitio Andrés Avelino Cáceres: lleva la firma del fotógrafo en una esquina
lugar;122;;Museo de Sitio Chan Chan: es el sitio, no el museo
lugar;4897;;Museo de Sitio Chotuna-Chornancap: es la huaca, no el museo
lugar;3960;;Museo de Sitio Wariwillka: es el sitio, no el museo
lugar;1175;;Museo Histórico Regional de Tacna: es el tren del museo ferroviario
lugar;10931;;Museo Metropolitano de Lima: es la Catedral de Lima
lugar;11804;;Museo Naval de Puno: es la estación de tren
lugar;12387;;Palacio Wayna Qhapac (Urubamba): es un cementerio
lugar;4484;;Parque de la Exposición: es un grabado de 1872, no una foto
lugar;2118;;Parque Federico Villarreal: es la universidad
lugar;11834;;Parroquia San José de Pachía: lleva la fecha impresa en la foto
lugar;957;;Península de Capachica: foto satelital desde la Estación Espacial
lugar;13695;;Playa Barranquito: es el mercado de Barranco, no la playa
lugar;397;Colan.JPG;Playa Colán: su foto estaba en la ficha del pueblo
lugar;11481;;Playa Corcovao (Huarmey): es el río Huarmey, no la playa
lugar;13209;;Plaza 28 de Julio (Iquitos): mide 196 píxeles de alto y, ampliada para llenar la portada, se ve borrosa
lugar;11243;;Plaza Butters de Barranco: es el mercado de Barranco, a ocho cuadras
lugar;14119;;Plaza de Armas de Chavín de Huántar: es el sitio arqueológico, no la plaza
lugar;3107;;Plaza de Armas de Moyobamba: lleva una marca de agua encima
lugar;14359;Oropesa.jpg;Plaza de Armas de Oropesa: su foto estaba en la ficha de la iglesia
lugar;13646;;Plaza de Armas de San Juan de Miraflores: es el andén de una estación del metro
lugar;14560;;Plaza Manco Cápac: es una concentración con carpas y pancartas, no la plaza
lugar;10930;Plaza mayor de nuevo chimbote y catedral.JPG;Plaza Mayor de Nuevo Chimbote: su foto estaba en la ficha del distrito
lugar;13086;;Plazuela de Belén (Iquitos): es el mercado de Belén, no la plazuela
lugar;9241;;Pueblo de Camaná: es un valle con arrozales y el pueblo no se ve
lugar;6292;;Pueblo de Huancaya: es un puente de Vilca, otro pueblo
lugar;11700;;Pueblo de Huari: media foto es una ladera en sombra y el pueblo no se ve
lugar;1128;;Pueblo de Quinua: es el obelisco de la pampa de Ayacucho, que es otra parada
lugar;13249;;Pueblo Histórico de Pachacámac: lleva la fecha impresa en la foto
lugar;12296;;Pueblo Sipán: es la Huaca Rajada, que es otra parada
lugar;13053;;Pueblo Tradicional de Acarí: es un puente colgante y una duna, no el pueblo
lugar;13439;Puente colonial Checacupe.jpg;Puente Colonial de Checacupe: su foto estaba en la ficha del distrito de Combapata
lugar;2054;;Reserva de Islas, Islotes y Puntas Guaneras: casi todo es cielo y la isla apenas se ve
lugar;765;;Santuario del Señor de la Soledad (Huaraz): es la catedral de Huaraz, otra iglesia
lugar;1800;;Sitio Arqueológico de Curamba: es un grabado antiguo, no una foto
lugar;100;;Sitio Arqueológico de Tumshukaiko: es Caraz al anochecer y el monumento no se ve
lugar;14105;;Templo de San Juan Bautista (Huamanga): es una foto antigua de una feria de ganado, con la iglesia al fondo
lugar;2668;;Templo de la Virgen Inmaculada de Checacupe: lleva la firma del fotógrafo encima
lugar;1100;;Templo de Santa María Magdalena (Ayacucho): es la catedral de Ayacucho, otra iglesia
lugar;5864;Iglesia de Levanto.jpg;Templo Matriz de Levanto: su foto estaba en la ficha del pueblo
lugar;650;;Templo San Pedro de Andahuaylas: es una maqueta de la iglesia, no la iglesia
lugar;1137;Willkawaman ushnu.jpg;Ushnu de Vilcas Huamán: su foto estaba en la ficha de la provincia
lugar;2934;;Valle del Río Camaná: es el cañón del Colca, río arriba
lugar;3088;;Volcán Jechapita: lleva la fecha impresa en la foto
lugar;3271;;Huaca Pucllana: es la entrada del museo de sitio, no la huaca
lugar;10318;;Huaycán de Pariachi: lleva una marca en una esquina
lugar;12139;;Zona Monumental de Ancón: es la fachada del museo de sitio
base;254;;Cajatambo: es Astobamba, un anexo del distrito
base;72;;Carhuaz: lleva un logotipo encima
base;30;;Cerro de Pasco: una cabeza tapa media foto
base;204;;Cerro de Pasco: una cabeza tapa media foto
base;256;;Combapata: es el puente de Checacupe, otro pueblo
base;265;;Cotahuasi: mide 317 píxeles de alto y, ampliada para llenar la portada, se ve borrosa
base;97;;Cuchumbaya: es la ciudad de Moquegua
base;19;;Huamachuco: lleva la firma del fotógrafo en una esquina
base;74;;Jaén: tomada desde un avión, casi todo es cielo
base;157;;Jaén: tomada desde un avión, casi todo es cielo
base;48;;Llochegua: militares descargando cajas en una pista
base;85;;Los Órganos: es una bomba de petróleo de Talara
base;12;;Macusani: es un nevado, no el pueblo
base;181;;Macusani: es un nevado, no el pueblo
base;28;;Marcapomacocha: es un nevado, no el pueblo
base;189;;Nauta: es la reserva Pacaya-Samiria
base;176;;Omate: es la ciudad de Moquegua
base;241;;Omate: es la ciudad de Moquegua
base;9;;Paucartambo (Pasco): es una danza de Huánuco
base;107;;Pausa: es el volcán Sara Sara, no el pueblo
base;201;;Pozuzo: es un collage
base;183;;Puerto Inca: lleva la marca de agua de la cámara
base;239;;San Martín de Pangoa: es una catarata, no el pueblo
base;152;;Santa Teresa: es Choquequirao
base;138;;Sicuani: mide 309 píxeles de alto y, ampliada para llenar la portada, se ve borrosa
base;163;;Sicuani: mide 309 píxeles de alto y, ampliada para llenar la portada, se ve borrosa
base;21;;Tarapoto: es un collage
base;114;;Tarma: es Palcamayo, otro pueblo
base;139;Trujillo-Peru2.jpg;Trujillo: va la plaza de Trujillo, la elegida era el óvalo de Laredo
base;121;;Tumbes: es un collage
base;61;;Yurimaguas: es un hospital
