id;ciudad;region;lat;lon
lima;Lima;Lima;-12.0464;-77.0282
arequipa;Arequipa;Arequipa;-16.3989;-71.5350
trujillo;Trujillo;La Libertad;-8.1091;-79.0215
chiclayo;Chiclayo;Lambayeque;-6.7714;-79.8409
piura;Piura;Piura;-5.1945;-80.6328
cusco;Cusco;Cusco;-13.5226;-71.9673
huancayo;Huancayo;Junín;-12.0651;-75.2049
iquitos;Iquitos;Loreto;-3.7491;-73.2443
pucallpa;Pucallpa;Ucayali;-8.3791;-74.5539
tacna;Tacna;Tacna;-18.0146;-70.2536
ica;Ica;Ica;-14.0678;-75.7286
cajamarca;Cajamarca;Cajamarca;-7.1638;-78.5003
puno;Puno;Puno;-15.8402;-70.0219
ayacucho;Ayacucho;Ayacucho;-13.1588;-74.2239
huaraz;Huaraz;Áncash;-9.5278;-77.5278
huanuco;Huánuco;Huánuco;-9.9306;-76.2422
tarapoto;Tarapoto;San Martín;-6.4878;-76.3597
chachapoyas;Chachapoyas;Amazonas;-6.2294;-77.8728
abancay;Abancay;Apurímac;-13.6339;-72.8814
huancavelica;Huancavelica;Huancavelica;-12.7826;-74.9727
puerto-maldonado;Puerto Maldonado;Madre de Dios;-12.5933;-69.1836
moquegua;Moquegua;Moquegua;-17.1983;-70.9357
cerro-de-pasco;Cerro de Pasco;Pasco;-10.6675;-76.2567
tumbes;Tumbes;Tumbes;-3.5669;-80.4515
