ID_EVENTO;NOMBRE_EVENTO;REGION;CATEGORIA;LATITUD;LONGITUD;FECHA_INICIO;FECHA_FIN;COSTO_PEN;RELEVANCIA_PUBLICIDAD
EVT-0001;Feria Gastronómica Andes PIURA;PIURA;Gastronomía;-5.10469;-80.60539;2024-05-23;2024-06-03;30;3
EVT-0002;Feria Gastronómica Pacha CUSCO;CUSCO;Gastronomía;-13.486514;-71.895149;2024-10-30;2024-11-11;100;2
EVT-0003;Tour Promocional El Buen Sabor ICA;ICA;Aventura;-14.024774;-75.639765;2024-02-24;2024-03-05;30;2
EVT-0004;Fiesta Patronal Sol y Luna LIMA;LIMA;Cultura;-11.975616;-77.09066;2024-12-10;2024-12-17;50;1
EVT-0005;Fiesta Patronal Pacha CUSCO;CUSCO;Cultura;-13.453061;-71.907582;2024-07-11;2024-07-13;0;4
EVT-0006;Feria Gastronómica Pacha PUNO;PUNO;Gastronomía;-15.741869;-70.043099;2024-05-07;2024-05-16;0;3
EVT-0007;Descuento de Temporada - Hotel Sol y Luna ICA;ICA;Alojamiento;-14.024361;-75.657124;2024-12-10;2024-12-19;30;5
EVT-0008;Festival de Música Local El Buen Sabor CAJAMARCA;CAJAMARCA;Entretenimiento;-7.229641;-78.513289;2024-03-18;2024-03-24;30;5
EVT-0009;Descuento de Temporada - Hotel La Tradición ANCASH;ANCASH;Alojamiento;-9.457787;-77.569675;2024-02-07;2024-02-19;0;4
EVT-0010;Descuento de Temporada - Hotel Pacha LIMA;LIMA;Alojamiento;-12.077934;-77.083334;2024-01-13;2024-01-27;100;4
EVT-0011;Fiesta Patronal Andes ANCASH;ANCASH;Cultura;-9.46776;-77.49473;2024-09-11;2024-09-25;0;1
EVT-0012;Feria Gastronómica Pacha CUSCO;CUSCO;Gastronomía;-13.59621;-71.868287;2024-07-10;2024-07-24;100;3
EVT-0013;Tour Promocional La Tradición ICA;ICA;Aventura;-13.980043;-75.641147;2024-12-01;2024-12-12;50;5
EVT-0014;Feria Gastronómica Místico ICA;ICA;Gastronomía;-14.097749;-75.630336;2024-11-04;2024-11-19;30;2
EVT-0015;Festival de Música Local Sol y Luna PUNO;PUNO;Entretenimiento;-15.91708;-69.949133;2024-07-26;2024-08-05;30;2
EVT-0016;Fiesta Patronal La Tradición ICA;ICA;Cultura;-14.110413;-75.628921;2024-01-01;2024-01-15;0;2
EVT-0017;Descuento de Temporada - Hotel Místico PUNO;PUNO;Alojamiento;-15.796776;-69.973617;2024-01-16;2024-01-30;15;5
EVT-0018;Exhibición de Artesanía Aventura Extrema LIMA;LIMA;Cultura;-12.034771;-77.023909;2024-08-18;2024-08-19;100;3
EVT-0019;Festival de Música Local La Tradición ICA;ICA;Entretenimiento;-13.989282;-75.794329;2024-03-04;2024-03-15;0;3
EVT-0020;Feria Gastronómica La Tradición PIURA;PIURA;Gastronomía;-5.133721;-80.579349;2024-05-09;2024-05-23;30;3
EVT-0021;Feria Gastronómica Andes LIMA;LIMA;Gastronomía;-12.065301;-76.984582;2024-03-27;2024-04-08;0;4
EVT-0022;Fiesta Patronal El Buen Sabor LORETO;LORETO;Cultura;-3.75333;-73.193632;2024-05-14;2024-05-21;0;3
EVT-0023;Feria Gastronómica La Tradición LORETO;LORETO;Gastronomía;-3.742109;-73.314633;2024-02-15;2024-02-28;50;4
EVT-0024;Exhibición de Artesanía Pacha LIMA;LIMA;Cultura;-11.951537;-77.01204;2024-08-14;2024-08-15;0;4
EVT-0025;Festival de Música Local Sol y Luna PIURA;PIURA;Entretenimiento;-5.142307;-80.674147;2024-03-18;2024-03-30;0;5
EVT-0026;Fiesta Patronal Andes CUSCO;CUSCO;Cultura;-13.461288;-72.054448;2024-08-16;2024-08-21;0;3
EVT-0027;Fiesta Patronal Andes PUNO;PUNO;Cultura;-15.90739;-70.088688;2024-09-11;2024-09-18;100;1
EVT-0028;Descuento de Temporada - Hotel Sol y Luna PUNO;PUNO;Alojamiento;-15.861988;-70.083875;2024-05-14;2024-05-29;50;3
EVT-0029;Descuento de Temporada - Hotel Místico LORETO;LORETO;Alojamiento;-3.818206;-73.216558;2024-06-14;2024-06-28;100;5
EVT-0030;Descuento de Temporada - Hotel Andes LIMA;LIMA;Alojamiento;-12.090587;-77.050264;2024-09-06;2024-09-20;0;1
EVT-0031;Fiesta Patronal Pacha ICA;ICA;Cultura;-14.038219;-75.82573;2024-12-07;2024-12-13;15;3
EVT-0032;Exhibición de Artesanía Sol y Luna ANCASH;ANCASH;Cultura;-9.447559;-77.446661;2024-09-09;2024-09-23;100;5
EVT-0033;Exhibición de Artesanía Aventura Extrema PIURA;PIURA;Cultura;-5.139735;-80.604645;2024-12-09;2024-12-13;15;5
EVT-0034;Tour Promocional La Tradición ICA;ICA;Aventura;-14.046626;-75.773985;2024-12-06;2024-12-16;100;3
EVT-0035;Descuento de Temporada - Hotel El Buen Sabor CAJAMARCA;CAJAMARCA;Alojamiento;-7.202673;-78.498817;2024-07-18;2024-07-31;30;3
EVT-0036;Descuento de Temporada - Hotel La Tradición LORETO;LORETO;Alojamiento;-3.748022;-73.339553;2024-10-18;2024-10-26;0;1
EVT-0037;Exhibición de Artesanía Sol y Luna ANCASH;ANCASH;Cultura;-9.618607;-77.484702;2024-04-01;2024-04-09;100;4
EVT-0038;Exhibición de Artesanía Andes CUSCO;CUSCO;Cultura;-13.550842;-72.002744;2024-05-14;2024-05-24;50;1
EVT-0039;Exhibición de Artesanía Sol y Luna ANCASH;ANCASH;Cultura;-9.570933;-77.505017;2024-01-04;2024-01-07;100;2
EVT-0040;Fiesta Patronal El Buen Sabor PUNO;PUNO;Cultura;-15.914999;-70.088923;2024-09-23;2024-10-01;30;2
EVT-0041;Descuento de Temporada - Hotel La Tradición LIMA;LIMA;Alojamiento;-12.097574;-76.960168;2024-05-17;2024-06-01;15;5
EVT-0042;Fiesta Patronal Aventura Extrema CAJAMARCA;CAJAMARCA;Cultura;-7.096246;-78.531971;2024-11-17;2024-11-18;30;2
EVT-0043;Exhibición de Artesanía Pacha CAJAMARCA;CAJAMARCA;Cultura;-7.221828;-78.484783;2024-02-05;2024-02-20;0;3
EVT-0044;Tour Promocional Pacha PIURA;PIURA;Aventura;-5.159707;-80.568495;2024-09-22;2024-10-02;30;3
EVT-0045;Exhibición de Artesanía Aventura Extrema LORETO;LORETO;Cultura;-3.771069;-73.222113;2024-08-30;2024-09-05;0;1
EVT-0046;Descuento de Temporada - Hotel La Tradición ANCASH;ANCASH;Alojamiento;-9.434615;-77.532111;2024-04-13;2024-04-20;30;3
EVT-0047;Descuento de Temporada - Hotel La Tradición LIMA;LIMA;Alojamiento;-12.023144;-77.096955;2024-03-24;2024-04-06;30;5
EVT-0048;Fiesta Patronal Aventura Extrema PIURA;PIURA;Cultura;-5.09655;-80.62882;2024-02-24;2024-02-25;0;2
EVT-0049;Tour Promocional Místico ANCASH;ANCASH;Aventura;-9.549469;-77.627626;2024-09-06;2024-09-09;50;3
EVT-0050;Exhibición de Artesanía Místico CAJAMARCA;CAJAMARCA;Cultura;-7.178218;-78.425146;2024-01-30;2024-01-31;30;4
EVT-0051;Feria Gastronómica La Tradición CUSCO;CUSCO;Gastronomía;-13.584591;-72.005931;2024-05-24;2024-06-03;30;2
EVT-0052;Exhibición de Artesanía Sol y Luna ANCASH;ANCASH;Cultura;-9.431925;-77.521693;2024-05-14;2024-05-26;30;5
EVT-0053;Exhibición de Artesanía Sol y Luna LORETO;LORETO;Cultura;-3.685316;-73.294632;2024-05-03;2024-05-05;15;5
EVT-0054;Fiesta Patronal Sol y Luna CUSCO;CUSCO;Cultura;-13.614592;-71.894698;2024-03-05;2024-03-18;100;5
EVT-0055;Exhibición de Artesanía El Buen Sabor AREQUIPA;AREQUIPA;Cultura;-16.438052;-71.560395;2024-04-01;2024-04-03;50;2
EVT-0056;Exhibición de Artesanía Sol y Luna PUNO;PUNO;Cultura;-15.907663;-70.118635;2024-07-19;2024-07-27;15;2
EVT-0057;Exhibición de Artesanía Sol y Luna CUSCO;CUSCO;Cultura;-13.479024;-72.008146;2024-12-08;2024-12-22;30;2
EVT-0058;Fiesta Patronal Aventura Extrema ANCASH;ANCASH;Cultura;-9.596427;-77.48326;2024-12-04;2024-12-08;0;2
EVT-0059;Festival de Música Local Aventura Extrema CAJAMARCA;CAJAMARCA;Entretenimiento;-7.107902;-78.499749;2024-10-16;2024-10-24;0;3
EVT-0060;Feria Gastronómica Místico ICA;ICA;Gastronomía;-14.000265;-75.811725;2024-05-12;2024-05-19;30;2
EVT-0061;Fiesta Patronal Andes AREQUIPA;AREQUIPA;Cultura;-16.433866;-71.472066;2024-03-25;2024-03-31;30;3
EVT-0062;Feria Gastronómica El Buen Sabor LORETO;LORETO;Gastronomía;-3.67227;-73.322378;2024-12-16;2024-12-21;0;5
EVT-0063;Feria Gastronómica Místico ICA;ICA;Gastronomía;-13.989094;-75.824725;2024-04-17;2024-05-01;30;4
EVT-0064;Tour Promocional Sol y Luna CUSCO;CUSCO;Aventura;-13.547252;-71.911626;2024-08-30;2024-09-08;0;4
EVT-0065;Fiesta Patronal Aventura Extrema PIURA;PIURA;Cultura;-5.196577;-80.57896;2024-04-24;2024-05-04;50;1
EVT-0066;Exhibición de Artesanía Andes CUSCO;CUSCO;Cultura;-13.558823;-72.048199;2024-08-12;2024-08-26;0;5
EVT-0067;Exhibición de Artesanía La Tradición LORETO;LORETO;Cultura;-3.691932;-73.268396;2024-01-15;2024-01-21;30;4
EVT-0068;Tour Promocional Sol y Luna PIURA;PIURA;Aventura;-5.247543;-80.596113;2024-04-04;2024-04-19;15;3
EVT-0069;Descuento de Temporada - Hotel Pacha PIURA;PIURA;Alojamiento;-5.275738;-80.666338;2024-09-14;2024-09-24;30;5
EVT-0070;Fiesta Patronal El Buen Sabor CUSCO;CUSCO;Cultura;-13.565318;-71.88113;2024-11-29;2024-12-12;50;5
EVT-0071;Exhibición de Artesanía Pacha AREQUIPA;AREQUIPA;Cultura;-16.428526;-71.611878;2024-07-29;2024-08-02;50;5
EVT-0072;Fiesta Patronal Sol y Luna CAJAMARCA;CAJAMARCA;Cultura;-7.211142;-78.504892;2024-07-23;2024-08-06;0;2
EVT-0073;Exhibición de Artesanía Sol y Luna CUSCO;CUSCO;Cultura;-13.549254;-72.051232;2024-06-13;2024-06-16;100;4
EVT-0074;Fiesta Patronal Místico CAJAMARCA;CAJAMARCA;Cultura;-7.074873;-78.448256;2024-10-21;2024-11-02;0;1
EVT-0075;Feria Gastronómica Andes PIURA;PIURA;Gastronomía;-5.225823;-80.722629;2024-10-30;2024-11-12;15;1
EVT-0076;Tour Promocional Pacha CUSCO;CUSCO;Aventura;-13.584603;-72.035195;2024-11-03;2024-11-10;15;5
EVT-0077;Fiesta Patronal Pacha ICA;ICA;Cultura;-13.988975;-75.643669;2024-12-05;2024-12-13;100;1
EVT-0078;Exhibición de Artesanía Sol y Luna ICA;ICA;Cultura;-14.055308;-75.784717;2024-06-14;2024-06-16;0;3
EVT-0079;Descuento de Temporada - Hotel La Tradición ICA;ICA;Alojamiento;-14.106512;-75.671052;2024-04-26;2024-05-07;0;5
EVT-0080;Descuento de Temporada - Hotel Místico CUSCO;CUSCO;Alojamiento;-13.531255;-71.88943;2024-01-04;2024-01-06;50;4
EVT-0081;Fiesta Patronal La Tradición ICA;ICA;Cultura;-14.165231;-75.723275;2024-09-20;2024-09-22;0;1
EVT-0082;Tour Promocional Sol y Luna ANCASH;ANCASH;Aventura;-9.457281;-77.443969;2024-10-03;2024-10-18;0;1
EVT-0083;Tour Promocional Místico ANCASH;ANCASH;Aventura;-9.501583;-77.526841;2024-10-31;2024-11-13;50;3
EVT-0084;Festival de Música Local La Tradición LORETO;LORETO;Entretenimiento;-3.776863;-73.205244;2024-10-23;2024-11-02;0;4
EVT-0085;Feria Gastronómica Aventura Extrema AREQUIPA;AREQUIPA;Gastronomía;-16.389926;-71.605014;2024-07-20;2024-07-28;30;4
EVT-0086;Tour Promocional Aventura Extrema LORETO;LORETO;Aventura;-3.759026;-73.322341;2024-10-10;2024-10-12;100;2
EVT-0087;Descuento de Temporada - Hotel La Tradición PIURA;PIURA;Alojamiento;-5.229782;-80.665707;2024-08-22;2024-08-25;0;1
EVT-0088;Festival de Música Local Aventura Extrema LIMA;LIMA;Entretenimiento;-12.104348;-77.044117;2024-09-12;2024-09-26;30;5
EVT-0089;Descuento de Temporada - Hotel Místico PUNO;PUNO;Alojamiento;-15.916814;-69.950289;2024-05-12;2024-05-26;50;1
EVT-0090;Fiesta Patronal Andes CAJAMARCA;CAJAMARCA;Cultura;-7.225552;-78.450719;2024-07-08;2024-07-14;0;3
EVT-0091;Descuento de Temporada - Hotel La Tradición LORETO;LORETO;Alojamiento;-3.777914;-73.264212;2024-10-10;2024-10-15;50;3
EVT-0092;Tour Promocional Andes CAJAMARCA;CAJAMARCA;Aventura;-7.084416;-78.492413;2024-10-13;2024-10-23;50;5
EVT-0093;Exhibición de Artesanía Sol y Luna AREQUIPA;AREQUIPA;Cultura;-16.428833;-71.608479;2024-06-09;2024-06-24;100;3
EVT-0094;Feria Gastronómica Pacha AREQUIPA;AREQUIPA;Gastronomía;-16.4186;-71.583583;2024-12-14;2024-12-20;50;2
EVT-0095;Tour Promocional Pacha AREQUIPA;AREQUIPA;Aventura;-16.335496;-71.634185;2024-08-31;2024-09-11;100;3
EVT-0096;Fiesta Patronal Sol y Luna AREQUIPA;AREQUIPA;Cultura;-16.352502;-71.477599;2024-02-29;2024-03-01;100;3
EVT-0097;Fiesta Patronal El Buen Sabor AREQUIPA;AREQUIPA;Cultura;-16.337181;-71.481595;2024-01-03;2024-01-10;15;3
EVT-0098;Festival de Música Local Sol y Luna PIURA;PIURA;Entretenimiento;-5.282835;-80.568789;2024-09-25;2024-10-07;0;2
EVT-0099;Descuento de Temporada - Hotel Místico CAJAMARCA;CAJAMARCA;Alojamiento;-7.127067;-78.490814;2024-05-03;2024-05-05;100;3
EVT-0100;Tour Promocional La Tradición ICA;ICA;Aventura;-14.081784;-75.66459;2024-07-31;2024-08-12;50;4
EVT-0101;Feria Gastronómica El Buen Sabor CAJAMARCA;CAJAMARCA;Gastronomía;-7.10213;-78.492861;2024-08-17;2024-08-21;0;2
EVT-0102;Tour Promocional Sol y Luna CAJAMARCA;CAJAMARCA;Aventura;-7.121737;-78.516157;2024-04-26;2024-04-27;0;4
EVT-0103;Descuento de Temporada - Hotel Místico LORETO;LORETO;Alojamiento;-3.685766;-73.188521;2024-10-07;2024-10-14;0;4
EVT-0104;Festival de Música Local Místico PIURA;PIURA;Entretenimiento;-5.254038;-80.544398;2024-11-09;2024-11-16;0;4
EVT-0105;Feria Gastronómica Aventura Extrema LIMA;LIMA;Gastronomía;-12.140421;-77.088231;2024-10-31;2024-11-12;50;4
EVT-0106;Exhibición de Artesanía Aventura Extrema AREQUIPA;AREQUIPA;Cultura;-16.46935;-71.561059;2024-11-07;2024-11-22;0;5
EVT-0107;Festival de Música Local Aventura Extrema CUSCO;CUSCO;Entretenimiento;-13.547638;-72.031608;2024-05-02;2024-05-12;100;5
EVT-0108;Tour Promocional Pacha ICA;ICA;Aventura;-14.140684;-75.633155;2024-07-25;2024-08-04;30;3
EVT-0109;Tour Promocional Místico CAJAMARCA;CAJAMARCA;Aventura;-7.0753;-78.514007;2024-09-21;2024-09-24;0;3
EVT-0110;Festival de Música Local Pacha LORETO;LORETO;Entretenimiento;-3.699951;-73.337898;2024-10-13;2024-10-19;30;5
EVT-0111;Descuento de Temporada - Hotel Pacha PUNO;PUNO;Alojamiento;-15.871776;-70.05852;2024-07-09;2024-07-14;30;5
EVT-0112;Exhibición de Artesanía Místico PIURA;PIURA;Cultura;-5.28007;-80.575893;2024-07-27;2024-08-11;15;5
EVT-0113;Exhibición de Artesanía Sol y Luna LORETO;LORETO;Cultura;-3.785465;-73.165224;2024-09-07;2024-09-11;50;3
EVT-0114;Exhibición de Artesanía El Buen Sabor ICA;ICA;Cultura;-14.007614;-75.68196;2024-08-27;2024-09-07;0;4
EVT-0115;Exhibición de Artesanía El Buen Sabor LORETO;LORETO;Cultura;-3.777281;-73.175097;2024-04-18;2024-04-30;30;4
EVT-0116;Feria Gastronómica Místico CAJAMARCA;CAJAMARCA;Gastronomía;-7.209981;-78.462242;2024-06-21;2024-06-30;50;5
EVT-0117;Fiesta Patronal Sol y Luna LORETO;LORETO;Cultura;-3.814953;-73.310284;2024-05-14;2024-05-29;50;2
EVT-0118;Descuento de Temporada - Hotel La Tradición LIMA;LIMA;Alojamiento;-12.090231;-76.988794;2024-05-26;2024-06-08;50;3
EVT-0119;Exhibición de Artesanía Aventura Extrema AREQUIPA;AREQUIPA;Cultura;-16.403757;-71.631622;2024-03-08;2024-03-13;50;5
EVT-0120;Exhibición de Artesanía Pacha AREQUIPA;AREQUIPA;Cultura;-16.320451;-71.49656;2024-02-13;2024-02-16;0;3
EVT-0121;Descuento de Temporada - Hotel Aventura Extrema CAJAMARCA;CAJAMARCA;Alojamiento;-7.07774;-78.436298;2024-07-03;2024-07-08;0;5
EVT-0122;Descuento de Temporada - Hotel Andes CUSCO;CUSCO;Alojamiento;-13.594378;-71.875346;2024-07-12;2024-07-25;15;3
EVT-0123;Tour Promocional Aventura Extrema PIURA;PIURA;Aventura;-5.257279;-80.731115;2024-02-05;2024-02-17;100;1
EVT-0124;Exhibición de Artesanía Pacha ANCASH;ANCASH;Cultura;-9.509279;-77.614771;2024-04-28;2024-05-11;30;1
EVT-0125;Fiesta Patronal La Tradición LORETO;LORETO;Cultura;-3.718771;-73.204894;2024-07-17;2024-07-28;15;1
EVT-0126;Fiesta Patronal Andes CUSCO;CUSCO;Cultura;-13.551723;-71.996499;2024-08-29;2024-09-08;50;3
EVT-0127;Exhibición de Artesanía Aventura Extrema ANCASH;ANCASH;Cultura;-9.443696;-77.615321;2024-02-12;2024-02-20;15;5
EVT-0128;Festival de Música Local Sol y Luna ICA;ICA;Entretenimiento;-14.002631;-75.641614;2024-05-15;2024-05-30;30;4
EVT-0129;Fiesta Patronal Andes CUSCO;CUSCO;Cultura;-13.540488;-71.987284;2024-11-07;2024-11-18;50;4
EVT-0130;Festival de Música Local El Buen Sabor LORETO;LORETO;Entretenimiento;-3.725923;-73.150458;2024-02-26;2024-03-11;0;5
EVT-0131;Descuento de Temporada - Hotel Pacha CAJAMARCA;CAJAMARCA;Alojamiento;-7.081472;-78.495017;2024-02-15;2024-02-29;100;1
EVT-0132;Fiesta Patronal El Buen Sabor AREQUIPA;AREQUIPA;Cultura;-16.421608;-71.543839;2024-06-03;2024-06-07;15;2
EVT-0133;Exhibición de Artesanía Sol y Luna LIMA;LIMA;Cultura;-11.959997;-76.971395;2024-11-03;2024-11-17;50;2
EVT-0134;Tour Promocional Sol y Luna ANCASH;ANCASH;Aventura;-9.461145;-77.582555;2024-03-11;2024-03-22;15;3
EVT-0135;Fiesta Patronal Místico LORETO;LORETO;Cultura;-3.692334;-73.309196;2024-11-25;2024-11-29;50;4
EVT-0136;Exhibición de Artesanía Místico ANCASH;ANCASH;Cultura;-9.61486;-77.434013;2024-02-04;2024-02-19;50;1
EVT-0137;Exhibición de Artesanía Andes CUSCO;CUSCO;Cultura;-13.424378;-71.97709;2024-10-26;2024-11-04;15;5
EVT-0138;Exhibición de Artesanía Andes ICA;ICA;Cultura;-14.121186;-75.660861;2024-10-10;2024-10-23;0;5
EVT-0139;Exhibición de Artesanía Sol y Luna LIMA;LIMA;Cultura;-12.021826;-76.97578;2024-10-03;2024-10-14;30;4
EVT-0140;Fiesta Patronal Pacha AREQUIPA;AREQUIPA;Cultura;-16.375356;-71.615949;2024-02-13;2024-02-18;15;1
EVT-0141;Festival de Música Local Aventura Extrema LIMA;LIMA;Entretenimiento;-12.04597;-77.006388;2024-04-18;2024-04-20;50;5
EVT-0142;Festival de Música Local Pacha ANCASH;ANCASH;Entretenimiento;-9.468903;-77.463119;2024-04-25;2024-04-26;100;4
EVT-0143;Feria Gastronómica La Tradición AREQUIPA;AREQUIPA;Gastronomía;-16.302234;-71.511896;2024-06-14;2024-06-17;0;1
EVT-0144;Descuento de Temporada - Hotel Pacha ICA;ICA;Alojamiento;-14.026672;-75.71472;2024-04-26;2024-05-06;0;5
EVT-0145;Exhibición de Artesanía Sol y Luna PUNO;PUNO;Cultura;-15.820422;-70.099623;2024-07-01;2024-07-04;0;4
EVT-0146;Descuento de Temporada - Hotel La Tradición ANCASH;ANCASH;Alojamiento;-9.535502;-77.553605;2024-06-22;2024-07-05;100;3
EVT-0147;Exhibición de Artesanía Pacha PUNO;PUNO;Cultura;-15.760455;-69.976806;2024-03-15;2024-03-16;15;4
EVT-0148;Feria Gastronómica Sol y Luna CAJAMARCA;CAJAMARCA;Gastronomía;-7.101972;-78.487365;2024-01-29;2024-02-04;30;3
EVT-0149;Festival de Música Local Místico ANCASH;ANCASH;Entretenimiento;-9.556421;-77.502468;2024-08-16;2024-08-22;0;4
EVT-0150;Tour Promocional Pacha PIURA;PIURA;Aventura;-5.229131;-80.546001;2024-01-27;2024-02-04;50;3
EVT-0151;Descuento de Temporada - Hotel El Buen Sabor CUSCO;CUSCO;Alojamiento;-13.429021;-71.907429;2024-09-13;2024-09-24;100;1
EVT-0152;Festival de Música Local Aventura Extrema LORETO;LORETO;Entretenimiento;-3.726602;-73.207952;2024-11-27;2024-12-07;0;3
EVT-0153;Tour Promocional El Buen Sabor CUSCO;CUSCO;Aventura;-13.436106;-71.920119;2024-10-02;2024-10-11;15;2
EVT-0154;Descuento de Temporada - Hotel La Tradición ANCASH;ANCASH;Alojamiento;-9.578497;-77.561677;2024-12-11;2024-12-12;100;1
EVT-0155;Fiesta Patronal Sol y Luna ICA;ICA;Cultura;-14.037376;-75.692058;2024-09-09;2024-09-23;50;2
EVT-0156;Feria Gastronómica La Tradición LORETO;LORETO;Gastronomía;-3.690153;-73.231861;2024-07-02;2024-07-07;30;5
EVT-0157;Tour Promocional Andes LORETO;LORETO;Aventura;-3.760593;-73.300749;2024-01-16;2024-01-21;100;1
EVT-0158;Exhibición de Artesanía Aventura Extrema ANCASH;ANCASH;Cultura;-9.599669;-77.547742;2024-01-09;2024-01-21;100;1
EVT-0159;Festival de Música Local Sol y Luna LIMA;LIMA;Entretenimiento;-12.073931;-76.953812;2024-01-14;2024-01-24;15;4
EVT-0160;Exhibición de Artesanía Sol y Luna LIMA;LIMA;Cultura;-12.008922;-76.932308;2024-08-23;2024-08-27;0;5
EVT-0161;Exhibición de Artesanía Andes LIMA;LIMA;Cultura;-12.002753;-77.027942;2024-08-24;2024-08-30;30;3
EVT-0162;Festival de Música Local Aventura Extrema CUSCO;CUSCO;Entretenimiento;-13.4528;-71.99525;2024-04-19;2024-04-20;100;4
EVT-0163;Descuento de Temporada - Hotel Andes ICA;ICA;Alojamiento;-14.09391;-75.737634;2024-03-06;2024-03-19;0;5
EVT-0164;Exhibición de Artesanía La Tradición AREQUIPA;AREQUIPA;Cultura;-16.351778;-71.59468;2024-03-12;2024-03-22;15;3
EVT-0165;Tour Promocional Aventura Extrema ANCASH;ANCASH;Aventura;-9.555708;-77.467471;2024-05-30;2024-06-08;100;4
EVT-0166;Exhibición de Artesanía La Tradición PIURA;PIURA;Cultura;-5.220828;-80.657213;2024-01-28;2024-01-30;100;2
EVT-0167;Festival de Música Local Sol y Luna ICA;ICA;Entretenimiento;-14.01037;-75.643296;2024-08-13;2024-08-21;50;2
EVT-0168;Festival de Música Local Sol y Luna LIMA;LIMA;Entretenimiento;-12.112065;-77.110184;2024-03-09;2024-03-24;100;3
EVT-0169;Feria Gastronómica Aventura Extrema PIURA;PIURA;Gastronomía;-5.244147;-80.552402;2024-03-16;2024-03-17;0;1
EVT-0170;Feria Gastronómica Sol y Luna ANCASH;ANCASH;Gastronomía;-9.515331;-77.479702;2024-05-26;2024-06-06;50;1
EVT-0171;Fiesta Patronal Aventura Extrema ICA;ICA;Cultura;-14.078577;-75.814944;2024-02-08;2024-02-13;50;1
EVT-0172;Fiesta Patronal La Tradición ANCASH;ANCASH;Cultura;-9.537042;-77.613095;2024-06-29;2024-06-30;15;5
EVT-0173;Festival de Música Local Místico ICA;ICA;Entretenimiento;-13.99911;-75.645879;2024-04-06;2024-04-11;50;1
EVT-0174;Festival de Música Local La Tradición AREQUIPA;AREQUIPA;Entretenimiento;-16.454034;-71.542843;2024-11-21;2024-12-03;0;4
EVT-0175;Festival de Música Local El Buen Sabor CUSCO;CUSCO;Entretenimiento;-13.502164;-71.999039;2024-05-22;2024-05-24;100;3
EVT-0176;Feria Gastronómica La Tradición ICA;ICA;Gastronomía;-13.990584;-75.752109;2024-02-27;2024-03-02;0;1
EVT-0177;Descuento de Temporada - Hotel Sol y Luna PIURA;PIURA;Alojamiento;-5.20285;-80.702419;2024-01-01;2024-01-09;50;5
EVT-0178;Fiesta Patronal Sol y Luna CAJAMARCA;CAJAMARCA;Cultura;-7.25153;-78.593162;2024-11-30;2024-12-09;30;1
EVT-0179;Feria Gastronómica Sol y Luna LORETO;LORETO;Gastronomía;-3.815838;-73.313444;2024-08-05;2024-08-08;0;3
EVT-0180;Tour Promocional Aventura Extrema LORETO;LORETO;Aventura;-3.746458;-73.28247;2024-10-27;2024-10-30;0;3
EVT-0181;Descuento de Temporada - Hotel El Buen Sabor ANCASH;ANCASH;Alojamiento;-9.479497;-77.586377;2024-01-02;2024-01-12;50;4
EVT-0182;Exhibición de Artesanía Andes LIMA;LIMA;Cultura;-12.143164;-77.039638;2024-10-12;2024-10-24;0;1
EVT-0183;Tour Promocional Pacha LIMA;LIMA;Aventura;-12.13078;-76.983884;2024-08-24;2024-09-03;0;1
EVT-0184;Fiesta Patronal Sol y Luna ANCASH;ANCASH;Cultura;-9.46154;-77.457118;2024-08-25;2024-09-06;0;1
EVT-0185;Festival de Música Local Pacha CUSCO;CUSCO;Entretenimiento;-13.564249;-71.936612;2024-11-19;2024-12-01;100;4
EVT-0186;Exhibición de Artesanía El Buen Sabor PUNO;PUNO;Cultura;-15.918155;-69.97019;2024-04-09;2024-04-20;0;5
EVT-0187;Fiesta Patronal La Tradición AREQUIPA;AREQUIPA;Cultura;-16.438114;-71.532024;2024-08-09;2024-08-20;15;3
EVT-0188;Festival de Música Local El Buen Sabor LORETO;LORETO;Entretenimiento;-3.734747;-73.231333;2024-07-25;2024-07-31;0;5
EVT-0189;Descuento de Temporada - Hotel El Buen Sabor LIMA;LIMA;Alojamiento;-11.961737;-76.994695;2024-04-26;2024-05-09;50;1
EVT-0190;Fiesta Patronal Sol y Luna AREQUIPA;AREQUIPA;Cultura;-16.367611;-71.528469;2024-11-28;2024-12-07;50;5
EVT-0191;Feria Gastronómica Místico CUSCO;CUSCO;Gastronomía;-13.610804;-71.87897;2024-03-14;2024-03-28;15;5
EVT-0192;Tour Promocional El Buen Sabor ICA;ICA;Aventura;-14.067602;-75.642382;2024-07-22;2024-07-28;30;1
EVT-0193;Descuento de Temporada - Hotel Pacha LORETO;LORETO;Alojamiento;-3.727748;-73.162188;2024-07-07;2024-07-14;30;4
EVT-0194;Festival de Música Local El Buen Sabor ICA;ICA;Entretenimiento;-14.035732;-75.810131;2024-06-22;2024-06-27;15;1
EVT-0195;Fiesta Patronal Pacha CUSCO;CUSCO;Cultura;-13.620849;-72.001549;2024-01-29;2024-02-08;15;5
EVT-0196;Fiesta Patronal Pacha ANCASH;ANCASH;Cultura;-9.586423;-77.51247;2024-10-11;2024-10-20;15;5
EVT-0197;Fiesta Patronal Pacha ANCASH;ANCASH;Cultura;-9.608747;-77.459276;2024-11-28;2024-12-13;30;2
EVT-0198;Exhibición de Artesanía La Tradición ANCASH;ANCASH;Cultura;-9.441697;-77.587977;2024-08-25;2024-09-04;50;5
EVT-0199;Exhibición de Artesanía Andes ICA;ICA;Cultura;-14.139298;-75.673487;2024-11-17;2024-11-24;100;2
EVT-0200;Feria Gastronómica Aventura Extrema CAJAMARCA;CAJAMARCA;Gastronomía;-7.194445;-78.584567;2024-09-06;2024-09-20;15;5
EVT-0201;Descuento de Temporada - Hotel La Tradición CUSCO;CUSCO;Alojamiento;-13.423719;-72.022778;2024-02-07;2024-02-09;0;4
EVT-0202;Fiesta Patronal Andes AREQUIPA;AREQUIPA;Cultura;-16.352014;-71.523987;2024-02-09;2024-02-23;50;1
EVT-0203;Festival de Música Local Sol y Luna PUNO;PUNO;Entretenimiento;-15.903481;-69.988647;2024-10-25;2024-10-27;100;1
EVT-0204;Feria Gastronómica Sol y Luna PUNO;PUNO;Gastronomía;-15.763287;-70.068964;2024-07-08;2024-07-19;0;3
EVT-0205;Descuento de Temporada - Hotel Místico CUSCO;CUSCO;Alojamiento;-13.603031;-71.928883;2024-09-05;2024-09-18;15;3
EVT-0206;Feria Gastronómica Pacha AREQUIPA;AREQUIPA;Gastronomía;-16.387188;-71.52568;2024-12-05;2024-12-20;30;5
EVT-0207;Tour Promocional Andes CUSCO;CUSCO;Aventura;-13.580826;-71.9355;2024-03-29;2024-04-09;30;2
EVT-0208;Descuento de Temporada - Hotel Pacha CAJAMARCA;CAJAMARCA;Alojamiento;-7.109427;-78.479537;2024-09-29;2024-10-12;0;3
EVT-0209;Exhibición de Artesanía La Tradición AREQUIPA;AREQUIPA;Cultura;-16.378475;-71.530204;2024-07-01;2024-07-14;0;2
EVT-0210;Tour Promocional Aventura Extrema CAJAMARCA;CAJAMARCA;Aventura;-7.233562;-78.579869;2024-07-07;2024-07-08;50;2
EVT-0211;Fiesta Patronal Aventura Extrema AREQUIPA;AREQUIPA;Cultura;-16.357143;-71.557964;2024-04-05;2024-04-16;100;1
EVT-0212;Feria Gastronómica Aventura Extrema ANCASH;ANCASH;Gastronomía;-9.503558;-77.62571;2024-07-23;2024-07-30;30;1
EVT-0213;Feria Gastronómica Andes CAJAMARCA;CAJAMARCA;Gastronomía;-7.104075;-78.586208;2024-12-06;2024-12-13;0;3
EVT-0214;Fiesta Patronal La Tradición CUSCO;CUSCO;Cultura;-13.502985;-71.874947;2024-01-12;2024-01-24;50;2
EVT-0215;Fiesta Patronal Andes ANCASH;ANCASH;Cultura;-9.462708;-77.467381;2024-03-09;2024-03-16;100;1
EVT-0216;Tour Promocional Pacha LIMA;LIMA;Aventura;-12.01361;-77.120386;2024-04-05;2024-04-17;15;3
EVT-0217;Descuento de Temporada - Hotel Andes AREQUIPA;AREQUIPA;Alojamiento;-16.380992;-71.442102;2024-04-29;2024-05-11;0;5
EVT-0218;Feria Gastronómica La Tradición AREQUIPA;AREQUIPA;Gastronomía;-16.404837;-71.45511;2024-11-21;2024-11-23;15;2
EVT-0219;Exhibición de Artesanía Sol y Luna ANCASH;ANCASH;Cultura;-9.621561;-77.512634;2024-11-18;2024-11-25;0;1
EVT-0220;Feria Gastronómica Místico PUNO;PUNO;Gastronomía;-15.806033;-69.936379;2024-07-06;2024-07-14;100;3
EVT-0221;Tour Promocional Aventura Extrema CAJAMARCA;CAJAMARCA;Aventura;-7.09412;-78.408566;2024-10-08;2024-10-18;0;4
EVT-0222;Tour Promocional La Tradición PIURA;PIURA;Aventura;-5.290018;-80.729646;2024-06-08;2024-06-12;50;2
EVT-0223;Fiesta Patronal El Buen Sabor PUNO;PUNO;Cultura;-15.78835;-70.08453;2024-03-02;2024-03-15;100;3
EVT-0224;Exhibición de Artesanía Pacha CUSCO;CUSCO;Cultura;-13.493251;-71.89918;2024-01-23;2024-01-27;0;3
EVT-0225;Festival de Música Local El Buen Sabor LORETO;LORETO;Entretenimiento;-3.804435;-73.23139;2024-01-25;2024-02-02;0;2
EVT-0226;Descuento de Temporada - Hotel Aventura Extrema LIMA;LIMA;Alojamiento;-12.131361;-77.083138;2024-09-12;2024-09-13;15;3
EVT-0227;Descuento de Temporada - Hotel La Tradición LORETO;LORETO;Alojamiento;-3.652084;-73.249881;2024-02-03;2024-02-18;50;4
EVT-0228;Tour Promocional El Buen Sabor CUSCO;CUSCO;Aventura;-13.458025;-71.904949;2024-05-28;2024-06-01;15;3
EVT-0229;Fiesta Patronal Sol y Luna LIMA;LIMA;Cultura;-12.055521;-77.097355;2024-09-08;2024-09-10;0;4
EVT-0230;Descuento de Temporada - Hotel Pacha CUSCO;CUSCO;Alojamiento;-13.606471;-71.938831;2024-09-22;2024-10-01;0;5
EVT-0231;Fiesta Patronal Andes LORETO;LORETO;Cultura;-3.727378;-73.211964;2024-04-29;2024-05-01;0;5
EVT-0232;Descuento de Temporada - Hotel Pacha LIMA;LIMA;Alojamiento;-12.007565;-77.11914;2024-11-23;2024-11-28;0;4
EVT-0233;Fiesta Patronal Sol y Luna CUSCO;CUSCO;Cultura;-13.557813;-71.89596;2024-12-03;2024-12-18;0;4
EVT-0234;Feria Gastronómica Aventura Extrema ICA;ICA;Gastronomía;-14.033044;-75.818114;2024-05-14;2024-05-18;15;2
EVT-0235;Festival de Música Local Sol y Luna CUSCO;CUSCO;Entretenimiento;-13.586171;-71.893991;2024-09-14;2024-09-17;30;2
EVT-0236;Fiesta Patronal El Buen Sabor CAJAMARCA;CAJAMARCA;Cultura;-7.140069;-78.59678;2024-03-10;2024-03-11;15;2
EVT-0237;Fiesta Patronal Místico CAJAMARCA;CAJAMARCA;Cultura;-7.244815;-78.454496;2024-12-04;2024-12-08;0;3
EVT-0238;Descuento de Temporada - Hotel Andes ICA;ICA;Alojamiento;-13.988006;-75.735082;2024-03-14;2024-03-22;15;5
EVT-0239;Fiesta Patronal Místico ICA;ICA;Cultura;-14.088729;-75.666151;2024-09-14;2024-09-29;30;5
EVT-0240;Descuento de Temporada - Hotel Aventura Extrema ICA;ICA;Alojamiento;-14.017333;-75.770082;2024-02-28;2024-03-12;0;4
EVT-0241;Exhibición de Artesanía Místico ANCASH;ANCASH;Cultura;-9.517215;-77.437446;2024-11-18;2024-12-03;100;1
EVT-0242;Festival de Música Local Aventura Extrema CAJAMARCA;CAJAMARCA;Entretenimiento;-7.202227;-78.406893;2024-07-04;2024-07-11;30;3
EVT-0243;Descuento de Temporada - Hotel La Tradición PUNO;PUNO;Alojamiento;-15.765642;-70.018328;2024-12-14;2024-12-28;15;2
EVT-0244;Tour Promocional Místico PIURA;PIURA;Aventura;-5.198989;-80.581167;2024-05-17;2024-05-21;30;4
EVT-0245;Festival de Música Local Aventura Extrema CUSCO;CUSCO;Entretenimiento;-13.425184;-71.911971;2024-09-29;2024-10-09;30;3
EVT-0246;Exhibición de Artesanía Andes LIMA;LIMA;Cultura;-12.059424;-77.078485;2024-08-22;2024-08-24;100;3
EVT-0247;Fiesta Patronal El Buen Sabor PUNO;PUNO;Cultura;-15.880641;-69.92249;2024-08-09;2024-08-13;0;2
EVT-0248;Descuento de Temporada - Hotel El Buen Sabor LORETO;LORETO;Alojamiento;-3.821936;-73.312707;2024-11-12;2024-11-13;100;2
EVT-0249;Descuento de Temporada - Hotel El Buen Sabor CAJAMARCA;CAJAMARCA;Alojamiento;-7.188822;-78.578168;2024-08-24;2024-08-28;0;3
EVT-0250;Festival de Música Local Pacha CUSCO;CUSCO;Entretenimiento;-13.445799;-72.063656;2024-02-28;2024-03-05;0;4
EVT-0251;Exhibición de Artesanía Místico CUSCO;CUSCO;Cultura;-13.547365;-71.984127;2024-08-22;2024-08-27;0;1
EVT-0252;Feria Gastronómica Aventura Extrema CAJAMARCA;CAJAMARCA;Gastronomía;-7.214101;-78.590842;2024-09-21;2024-10-03;50;4
EVT-0253;Feria Gastronómica La Tradición PIURA;PIURA;Gastronomía;-5.237734;-80.707372;2024-08-12;2024-08-16;100;2
EVT-0254;Exhibición de Artesanía La Tradición PIURA;PIURA;Cultura;-5.11199;-80.666178;2024-12-15;2024-12-25;0;3
EVT-0255;Exhibición de Artesanía Aventura Extrema LIMA;LIMA;Cultura;-12.052192;-76.987324;2024-11-01;2024-11-09;100;2
EVT-0256;Fiesta Patronal Pacha ANCASH;ANCASH;Cultura;-9.473348;-77.483257;2024-05-26;2024-06-10;100;3
EVT-0257;Feria Gastronómica Andes PIURA;PIURA;Gastronomía;-5.09759;-80.672009;2024-01-18;2024-01-20;100;1
EVT-0258;Fiesta Patronal Místico AREQUIPA;AREQUIPA;Cultura;-16.322561;-71.464246;2024-06-18;2024-06-28;0;1
EVT-0259;Festival de Música Local Pacha PUNO;PUNO;Entretenimiento;-15.834256;-70.017189;2024-05-18;2024-05-22;100;1
EVT-0260;Festival de Música Local Pacha CAJAMARCA;CAJAMARCA;Entretenimiento;-7.225816;-78.42335;2024-06-11;2024-06-23;30;4
EVT-0261;Tour Promocional Aventura Extrema ICA;ICA;Aventura;-14.026162;-75.822516;2024-09-10;2024-09-16;0;1
EVT-0262;Descuento de Temporada - Hotel La Tradición ICA;ICA;Alojamiento;-14.150928;-75.693519;2024-11-09;2024-11-22;30;2
EVT-0263;Feria Gastronómica Místico ANCASH;ANCASH;Gastronomía;-9.554224;-77.611549;2024-03-28;2024-04-06;0;3
EVT-0264;Festival de Música Local Pacha PUNO;PUNO;Entretenimiento;-15.809084;-69.980214;2024-04-19;2024-05-02;0;1
EVT-0265;Tour Promocional El Buen Sabor AREQUIPA;AREQUIPA;Aventura;-16.31884;-71.50101;2024-12-09;2024-12-11;15;5
EVT-0266;Exhibición de Artesanía Pacha LIMA;LIMA;Cultura;-12.117435;-76.960409;2024-11-25;2024-12-04;0;5
EVT-0267;Fiesta Patronal La Tradición CAJAMARCA;CAJAMARCA;Cultura;-7.239465;-78.438756;2024-10-17;2024-10-20;100;1
EVT-0268;Festival de Música Local El Buen Sabor PUNO;PUNO;Entretenimiento;-15.825766;-70.10327;2024-01-05;2024-01-12;50;3
EVT-0269;Descuento de Temporada - Hotel Sol y Luna AREQUIPA;AREQUIPA;Alojamiento;-16.445214;-71.550509;2024-09-23;2024-10-06;50;2
EVT-0270;Fiesta Patronal La Tradición ICA;ICA;Cultura;-14.0747;-75.694414;2024-05-27;2024-05-31;50;2
EVT-0271;Tour Promocional El Buen Sabor AREQUIPA;AREQUIPA;Aventura;-16.464062;-71.474378;2024-02-05;2024-02-07;50;4
EVT-0272;Descuento de Temporada - Hotel Sol y Luna LIMA;LIMA;Alojamiento;-11.953453;-77.073617;2024-05-11;2024-05-18;100;2
EVT-0273;Feria Gastronómica Aventura Extrema CUSCO;CUSCO;Gastronomía;-13.465483;-71.927375;2024-01-01;2024-01-11;15;2
EVT-0274;Fiesta Patronal El Buen Sabor ANCASH;ANCASH;Cultura;-9.554853;-77.469892;2024-03-29;2024-04-04;50;2
EVT-0275;Fiesta Patronal Andes ICA;ICA;Cultura;-14.00337;-75.773019;2024-11-09;2024-11-11;15;4
EVT-0276;Feria Gastronómica Aventura Extrema LIMA;LIMA;Gastronomía;-12.120661;-77.11346;2024-03-16;2024-03-17;50;1
EVT-0277;Tour Promocional Pacha ANCASH;ANCASH;Aventura;-9.441437;-77.563864;2024-07-09;2024-07-20;0;1
EVT-0278;Tour Promocional El Buen Sabor PIURA;PIURA;Aventura;-5.114356;-80.625577;2024-07-19;2024-07-31;50;1
EVT-0279;Exhibición de Artesanía El Buen Sabor LORETO;LORETO;Cultura;-3.687481;-73.279602;2024-11-18;2024-11-28;0;1
EVT-0280;Fiesta Patronal Pacha AREQUIPA;AREQUIPA;Cultura;-16.4882;-71.51512;2024-11-16;2024-11-26;30;4
EVT-0281;Feria Gastronómica Sol y Luna LORETO;LORETO;Gastronomía;-3.792911;-73.168286;2024-08-03;2024-08-17;50;4
EVT-0282;Feria Gastronómica Sol y Luna PUNO;PUNO;Gastronomía;-15.92231;-70.114827;2024-10-16;2024-10-21;0;4
EVT-0283;Tour Promocional Andes PIURA;PIURA;Aventura;-5.187609;-80.660501;2024-12-10;2024-12-21;15;1
EVT-0284;Festival de Música Local Pacha PUNO;PUNO;Entretenimiento;-15.799462;-70.06126;2024-11-15;2024-11-22;0;5
EVT-0285;Tour Promocional Sol y Luna CAJAMARCA;CAJAMARCA;Aventura;-7.157674;-78.433908;2024-05-13;2024-05-21;30;1
EVT-0286;Exhibición de Artesanía Andes LORETO;LORETO;Cultura;-3.750832;-73.14603;2024-06-20;2024-06-26;0;5
EVT-0287;Tour Promocional Pacha LIMA;LIMA;Aventura;-12.132986;-76.975284;2024-05-17;2024-05-21;100;1
EVT-0288;Tour Promocional Andes LIMA;LIMA;Aventura;-11.974689;-77.115893;2024-03-11;2024-03-15;0;2
EVT-0289;Feria Gastronómica Místico PIURA;PIURA;Gastronomía;-5.154596;-80.674921;2024-05-25;2024-06-03;100;5
EVT-0290;Tour Promocional El Buen Sabor PUNO;PUNO;Aventura;-15.904481;-69.965106;2024-01-19;2024-01-28;100;1
EVT-0291;Tour Promocional Místico PIURA;PIURA;Aventura;-5.270914;-80.656598;2024-08-01;2024-08-15;100;5
EVT-0292;Descuento de Temporada - Hotel Aventura Extrema CUSCO;CUSCO;Alojamiento;-13.492879;-72.005134;2024-07-08;2024-07-18;0;5
EVT-0293;Exhibición de Artesanía Sol y Luna LORETO;LORETO;Cultura;-3.813724;-73.315005;2024-05-26;2024-05-30;30;2
EVT-0294;Exhibición de Artesanía Pacha ANCASH;ANCASH;Cultura;-9.546788;-77.562795;2024-09-29;2024-10-13;0;4
EVT-0295;Tour Promocional Místico ANCASH;ANCASH;Aventura;-9.558521;-77.492766;2024-10-17;2024-10-23;50;5
EVT-0296;Tour Promocional Aventura Extrema LIMA;LIMA;Aventura;-12.056561;-77.007022;2024-01-11;2024-01-23;15;3
EVT-0297;Exhibición de Artesanía El Buen Sabor LORETO;LORETO;Cultura;-3.846181;-73.306681;2024-09-21;2024-10-04;15;3
EVT-0298;Fiesta Patronal Sol y Luna PIURA;PIURA;Cultura;-5.12439;-80.561597;2024-06-01;2024-06-03;0;2
EVT-0299;Feria Gastronómica Místico CAJAMARCA;CAJAMARCA;Gastronomía;-7.106459;-78.405227;2024-04-15;2024-04-26;100;3
EVT-0300;Exhibición de Artesanía Sol y Luna CUSCO;CUSCO;Cultura;-13.556236;-72.064896;2024-05-27;2024-05-29;0;4
EVT-0301;Exhibición de Artesanía Sol y Luna LORETO;LORETO;Cultura;-3.713769;-73.178883;2024-01-12;2024-01-15;15;4
EVT-0302;Feria Gastronómica La Tradición PIURA;PIURA;Gastronomía;-5.101553;-80.697815;2024-03-22;2024-04-02;30;3
EVT-0303;Exhibición de Artesanía Aventura Extrema AREQUIPA;AREQUIPA;Cultura;-16.428432;-71.608665;2024-10-27;2024-11-10;100;4
EVT-0304;Tour Promocional Sol y Luna PUNO;PUNO;Aventura;-15.927578;-70.081267;2024-04-30;2024-05-06;50;3
EVT-0305;Festival de Música Local Místico PIURA;PIURA;Entretenimiento;-5.150906;-80.606584;2024-12-08;2024-12-16;0;1
EVT-0306;Feria Gastronómica Místico PIURA;PIURA;Gastronomía;-5.12681;-80.660776;2024-04-10;2024-04-12;0;1
EVT-0307;Tour Promocional Aventura Extrema LORETO;LORETO;Aventura;-3.726914;-73.155337;2024-08-01;2024-08-11;50;1
EVT-0308;Exhibición de Artesanía La Tradición ICA;ICA;Cultura;-14.10882;-75.766916;2024-04-27;2024-05-01;50;4
EVT-0309;Tour Promocional Sol y Luna CUSCO;CUSCO;Aventura;-13.506474;-72.045442;2024-06-03;2024-06-11;50;3
EVT-0310;Fiesta Patronal La Tradición CAJAMARCA;CAJAMARCA;Cultura;-7.133845;-78.493396;2024-06-17;2024-06-24;50;2
EVT-0311;Feria Gastronómica Místico CAJAMARCA;CAJAMARCA;Gastronomía;-7.125666;-78.459992;2024-03-14;2024-03-28;30;4
EVT-0312;Tour Promocional Sol y Luna PIURA;PIURA;Aventura;-5.252919;-80.535508;2024-04-12;2024-04-21;100;3
EVT-0313;Tour Promocional Andes LIMA;LIMA;Aventura;-12.144076;-77.036816;2024-06-03;2024-06-04;30;3
EVT-0314;Fiesta Patronal Sol y Luna AREQUIPA;AREQUIPA;Cultura;-16.431807;-71.464176;2024-08-05;2024-08-08;100;4
EVT-0315;Tour Promocional Aventura Extrema LIMA;LIMA;Aventura;-12.055882;-77.021575;2024-02-13;2024-02-16;0;4
EVT-0316;Descuento de Temporada - Hotel El Buen Sabor LIMA;LIMA;Alojamiento;-12.022549;-77.101722;2024-06-30;2024-07-06;30;5
EVT-0317;Tour Promocional Aventura Extrema ICA;ICA;Aventura;-14.141373;-75.70521;2024-11-13;2024-11-18;50;4
EVT-0318;Descuento de Temporada - Hotel Místico LORETO;LORETO;Alojamiento;-3.675717;-73.184795;2024-09-10;2024-09-13;0;3
EVT-0319;Fiesta Patronal Sol y Luna AREQUIPA;AREQUIPA;Cultura;-16.348391;-71.439454;2024-06-05;2024-06-06;100;1
EVT-0320;Exhibición de Artesanía Andes PIURA;PIURA;Cultura;-5.111363;-80.664264;2024-04-24;2024-05-07;50;1
EVT-0321;Descuento de Temporada - Hotel El Buen Sabor AREQUIPA;AREQUIPA;Alojamiento;-16.374719;-71.459365;2024-07-11;2024-07-21;30;1
EVT-0322;Festival de Música Local Pacha ANCASH;ANCASH;Entretenimiento;-9.510307;-77.60024;2024-01-22;2024-02-06;30;1
EVT-0323;Fiesta Patronal Aventura Extrema AREQUIPA;AREQUIPA;Cultura;-16.464783;-71.594899;2024-04-24;2024-04-25;30;5
EVT-0324;Descuento de Temporada - Hotel La Tradición PIURA;PIURA;Alojamiento;-5.214934;-80.590538;2024-10-19;2024-11-02;50;1
EVT-0325;Fiesta Patronal Sol y Luna CAJAMARCA;CAJAMARCA;Cultura;-7.123765;-78.416182;2024-05-13;2024-05-24;15;1
EVT-0326;Fiesta Patronal Místico CUSCO;CUSCO;Cultura;-13.520555;-72.059861;2024-10-26;2024-11-08;15;3
EVT-0327;Feria Gastronómica El Buen Sabor PUNO;PUNO;Gastronomía;-15.828855;-70.041543;2024-05-04;2024-05-09;15;5
EVT-0328;Descuento de Temporada - Hotel El Buen Sabor PUNO;PUNO;Alojamiento;-15.755474;-70.076261;2024-05-27;2024-05-29;15;2
EVT-0329;Exhibición de Artesanía Aventura Extrema AREQUIPA;AREQUIPA;Cultura;-16.468632;-71.54326;2024-12-10;2024-12-23;0;4
EVT-0330;Fiesta Patronal Místico LIMA;LIMA;Cultura;-12.092418;-77.07464;2024-07-18;2024-08-01;50;2
EVT-0331;Fiesta Patronal La Tradición LIMA;LIMA;Cultura;-12.14044;-76.99304;2024-09-10;2024-09-22;50;4
EVT-0332;Feria Gastronómica Pacha ANCASH;ANCASH;Gastronomía;-9.503697;-77.450263;2024-11-29;2024-12-03;100;5
EVT-0333;Exhibición de Artesanía Sol y Luna PIURA;PIURA;Cultura;-5.16311;-80.712215;2024-07-27;2024-07-29;0;3
EVT-0334;Fiesta Patronal Pacha PIURA;PIURA;Cultura;-5.22628;-80.548582;2024-09-02;2024-09-13;15;1
EVT-0335;Exhibición de Artesanía Místico CUSCO;CUSCO;Cultura;-13.498018;-71.974389;2024-09-18;2024-09-26;30;3
EVT-0336;Descuento de Temporada - Hotel Místico CAJAMARCA;CAJAMARCA;Alojamiento;-7.166314;-78.417992;2024-09-24;2024-09-25;30;5
EVT-0337;Exhibición de Artesanía La Tradición ANCASH;ANCASH;Cultura;-9.559033;-77.536338;2024-11-22;2024-12-04;100;1
EVT-0338;Fiesta Patronal El Buen Sabor CAJAMARCA;CAJAMARCA;Cultura;-7.240813;-78.551769;2024-04-19;2024-04-24;0;4
EVT-0339;Feria Gastronómica Místico CAJAMARCA;CAJAMARCA;Gastronomía;-7.101585;-78.478154;2024-04-07;2024-04-10;30;1
EVT-0340;Descuento de Temporada - Hotel El Buen Sabor ICA;ICA;Alojamiento;-14.027472;-75.764261;2024-08-19;2024-08-31;15;2
EVT-0341;Descuento de Temporada - Hotel Sol y Luna PIURA;PIURA;Alojamiento;-5.134518;-80.559355;2024-06-12;2024-06-27;15;5
EVT-0342;Exhibición de Artesanía Andes LORETO;LORETO;Cultura;-3.839124;-73.320477;2024-01-25;2024-02-03;15;2
EVT-0343;Fiesta Patronal La Tradición CUSCO;CUSCO;Cultura;-13.597356;-71.927036;2024-04-30;2024-05-07;50;5
EVT-0344;Feria Gastronómica Andes CUSCO;CUSCO;Gastronomía;-13.594215;-71.944375;2024-05-19;2024-05-24;15;3
EVT-0345;Exhibición de Artesanía Sol y Luna PUNO;PUNO;Cultura;-15.909529;-70.109104;2024-01-25;2024-02-05;50;5
EVT-0346;Festival de Música Local El Buen Sabor ICA;ICA;Entretenimiento;-13.976458;-75.719316;2024-06-09;2024-06-17;0;1
EVT-0347;Descuento de Temporada - Hotel El Buen Sabor AREQUIPA;AREQUIPA;Alojamiento;-16.43151;-71.572738;2024-07-17;2024-07-25;50;2
EVT-0348;Fiesta Patronal Sol y Luna AREQUIPA;AREQUIPA;Cultura;-16.428084;-71.493224;2024-04-04;2024-04-14;100;5
EVT-0349;Fiesta Patronal Aventura Extrema CUSCO;CUSCO;Cultura;-13.469352;-71.947919;2024-05-26;2024-06-04;0;1
EVT-0350;Exhibición de Artesanía Sol y Luna LORETO;LORETO;Cultura;-3.68557;-73.342605;2024-02-10;2024-02-20;0;5
EVT-0351;Exhibición de Artesanía El Buen Sabor AREQUIPA;AREQUIPA;Cultura;-16.355642;-71.547537;2024-08-12;2024-08-27;30;1
EVT-0352;Feria Gastronómica Sol y Luna PIURA;PIURA;Gastronomía;-5.251309;-80.538421;2024-04-10;2024-04-20;0;3
EVT-0353;Fiesta Patronal Sol y Luna ANCASH;ANCASH;Cultura;-9.611443;-77.459124;2024-11-29;2024-12-08;0;2
EVT-0354;Feria Gastronómica Místico AREQUIPA;AREQUIPA;Gastronomía;-16.432606;-71.579801;2024-07-09;2024-07-12;50;3
EVT-0355;Feria Gastronómica Místico PIURA;PIURA;Gastronomía;-5.160807;-80.680675;2024-09-23;2024-10-07;0;1
EVT-0356;Descuento de Temporada - Hotel Místico CUSCO;CUSCO;Alojamiento;-13.620036;-71.976812;2024-10-09;2024-10-23;15;5
EVT-0357;Exhibición de Artesanía Aventura Extrema ANCASH;ANCASH;Cultura;-9.556038;-77.586847;2024-10-13;2024-10-20;50;3
EVT-0358;Festival de Música Local La Tradición LIMA;LIMA;Entretenimiento;-12.089982;-77.104467;2024-07-15;2024-07-24;30;1
EVT-0359;Tour Promocional Pacha CAJAMARCA;CAJAMARCA;Aventura;-7.206579;-78.440083;2024-05-07;2024-05-09;50;2
EVT-0360;Fiesta Patronal Sol y Luna LORETO;LORETO;Cultura;-3.697584;-73.29768;2024-09-16;2024-09-21;50;4
EVT-0361;Exhibición de Artesanía El Buen Sabor PUNO;PUNO;Cultura;-15.878177;-70.053893;2024-09-06;2024-09-13;15;1
EVT-0362;Festival de Música Local Aventura Extrema LORETO;LORETO;Entretenimiento;-3.80071;-73.158748;2024-07-18;2024-07-27;0;4
EVT-0363;Fiesta Patronal Pacha LORETO;LORETO;Cultura;-3.653677;-73.176916;2024-06-01;2024-06-08;30;4
EVT-0364;Fiesta Patronal Andes PUNO;PUNO;Cultura;-15.858772;-69.980667;2024-07-27;2024-08-02;100;2
EVT-0365;Feria Gastronómica El Buen Sabor CAJAMARCA;CAJAMARCA;Gastronomía;-7.167545;-78.41783;2024-02-07;2024-02-10;50;3
EVT-0366;Feria Gastronómica Pacha LIMA;LIMA;Gastronomía;-12.106179;-76.997819;2024-09-07;2024-09-19;50;5
EVT-0367;Fiesta Patronal Místico AREQUIPA;AREQUIPA;Cultura;-16.405718;-71.57264;2024-03-29;2024-04-12;30;2
EVT-0368;Festival de Música Local Místico ICA;ICA;Entretenimiento;-14.00711;-75.787259;2024-11-23;2024-12-06;100;2
EVT-0369;Exhibición de Artesanía Pacha CAJAMARCA;CAJAMARCA;Cultura;-7.233196;-78.457764;2024-08-27;2024-08-29;50;5
EVT-0370;Descuento de Temporada - Hotel Pacha LIMA;LIMA;Alojamiento;-12.089776;-76.928315;2024-03-18;2024-03-22;0;4
EVT-0371;Exhibición de Artesanía Místico LIMA;LIMA;Cultura;-11.975909;-77.052507;2024-08-14;2024-08-23;0;4
EVT-0372;Festival de Música Local La Tradición PIURA;PIURA;Entretenimiento;-5.221295;-80.693389;2024-03-29;2024-04-08;15;3
EVT-0373;Fiesta Patronal El Buen Sabor PUNO;PUNO;Cultura;-15.887749;-70.11072;2024-08-19;2024-08-21;0;2
EVT-0374;Tour Promocional Aventura Extrema ICA;ICA;Aventura;-14.003987;-75.679576;2024-05-03;2024-05-07;0;4
EVT-0375;Fiesta Patronal Pacha LIMA;LIMA;Cultura;-12.129865;-76.949799;2024-07-31;2024-08-12;100;1
EVT-0376;Fiesta Patronal Sol y Luna LIMA;LIMA;Cultura;-12.144379;-76.982738;2024-07-08;2024-07-16;30;3
EVT-0377;Festival de Música Local Místico ANCASH;ANCASH;Entretenimiento;-9.485927;-77.513517;2024-03-21;2024-04-05;0;1
EVT-0378;Feria Gastronómica Andes CUSCO;CUSCO;Gastronomía;-13.583555;-72.025727;2024-11-24;2024-12-01;50;5
EVT-0379;Tour Promocional Pacha CUSCO;CUSCO;Aventura;-13.597643;-71.965583;2024-05-20;2024-05-26;30;2
EVT-0380;Exhibición de Artesanía Andes LORETO;LORETO;Cultura;-3.846645;-73.32795;2024-10-27;2024-11-01;15;2
EVT-0381;Descuento de Temporada - Hotel Andes LIMA;LIMA;Alojamiento;-12.020928;-77.082017;2024-02-27;2024-02-28;100;1
EVT-0382;Tour Promocional Místico AREQUIPA;AREQUIPA;Aventura;-16.314094;-71.466289;2024-02-07;2024-02-18;50;3
EVT-0383;Descuento de Temporada - Hotel Andes ICA;ICA;Alojamiento;-14.148065;-75.645309;2024-11-07;2024-11-11;100;3
EVT-0384;Feria Gastronómica El Buen Sabor PIURA;PIURA;Gastronomía;-5.180713;-80.662097;2024-01-03;2024-01-05;30;5
EVT-0385;Festival de Música Local Pacha AREQUIPA;AREQUIPA;Entretenimiento;-16.339858;-71.568659;2024-07-10;2024-07-13;30;2
EVT-0386;Fiesta Patronal Místico LORETO;LORETO;Cultura;-3.716781;-73.323444;2024-09-09;2024-09-11;15;5
EVT-0387;Tour Promocional El Buen Sabor CUSCO;CUSCO;Aventura;-13.463791;-71.995891;2024-10-18;2024-10-27;30;5
EVT-0388;Tour Promocional La Tradición CAJAMARCA;CAJAMARCA;Aventura;-7.138847;-78.445846;2024-03-09;2024-03-22;0;1
EVT-0389;Fiesta Patronal La Tradición ANCASH;ANCASH;Cultura;-9.509506;-77.506307;2024-01-24;2024-01-28;100;4
EVT-0390;Tour Promocional La Tradición AREQUIPA;AREQUIPA;Aventura;-16.492283;-71.546296;2024-09-30;2024-10-09;100;2
EVT-0391;Tour Promocional La Tradición CUSCO;CUSCO;Aventura;-13.428539;-71.889641;2024-11-29;2024-12-14;30;3
EVT-0392;Descuento de Temporada - Hotel Andes CUSCO;CUSCO;Alojamiento;-13.502626;-71.914053;2024-07-23;2024-07-28;100;2
EVT-0393;Exhibición de Artesanía Andes LORETO;LORETO;Cultura;-3.667277;-73.266261;2024-08-07;2024-08-15;30;1
EVT-0394;Exhibición de Artesanía Místico ANCASH;ANCASH;Cultura;-9.429855;-77.623878;2024-05-30;2024-06-12;15;4
EVT-0395;Exhibición de Artesanía Andes PIURA;PIURA;Cultura;-5.241271;-80.552096;2024-11-20;2024-12-01;15;1
EVT-0396;Feria Gastronómica Místico ICA;ICA;Gastronomía;-14.022189;-75.700744;2024-03-12;2024-03-14;100;1
EVT-0397;Descuento de Temporada - Hotel Místico LIMA;LIMA;Alojamiento;-12.087377;-76.955932;2024-09-24;2024-09-27;0;4
EVT-0398;Tour Promocional La Tradición PIURA;PIURA;Aventura;-5.121799;-80.630739;2024-05-16;2024-05-20;30;5
EVT-0399;Feria Gastronómica Andes PUNO;PUNO;Gastronomía;-15.874887;-69.996856;2024-01-04;2024-01-13;15;1
EVT-0400;Descuento de Temporada - Hotel Andes AREQUIPA;AREQUIPA;Alojamiento;-16.320061;-71.60576;2024-05-10;2024-05-11;30;4
EVT-0401;Fiesta Patronal Sol y Luna LORETO;LORETO;Cultura;-3.759323;-73.316026;2024-03-16;2024-03-22;0;1
EVT-0402;Exhibición de Artesanía Pacha CAJAMARCA;CAJAMARCA;Cultura;-7.237882;-78.562697;2024-04-11;2024-04-18;50;4
EVT-0403;Festival de Música Local Místico LIMA;LIMA;Entretenimiento;-12.065982;-77.048349;2024-03-24;2024-04-08;50;1
EVT-0404;Descuento de Temporada - Hotel Aventura Extrema LIMA;LIMA;Alojamiento;-12.113356;-76.986812;2024-04-25;2024-04-29;15;2
EVT-0405;Feria Gastronómica El Buen Sabor ANCASH;ANCASH;Gastronomía;-9.585483;-77.453981;2024-10-13;2024-10-15;100;4
EVT-0406;Exhibición de Artesanía Andes PIURA;PIURA;Cultura;-5.186988;-80.611167;2024-03-12;2024-03-14;50;2
EVT-0407;Feria Gastronómica Aventura Extrema CUSCO;CUSCO;Gastronomía;-13.571033;-72.023827;2024-10-24;2024-11-03;30;5
EVT-0408;Feria Gastronómica El Buen Sabor PUNO;PUNO;Gastronomía;-15.831099;-70.110989;2024-08-20;2024-09-04;0;4
EVT-0409;Exhibición de Artesanía Pacha LORETO;LORETO;Cultura;-3.84446;-73.156148;2024-02-03;2024-02-11;50;2
EVT-0410;Festival de Música Local Aventura Extrema PIURA;PIURA;Entretenimiento;-5.173763;-80.53839;2024-08-08;2024-08-10;0;5
EVT-0411;Descuento de Temporada - Hotel Pacha LIMA;LIMA;Alojamiento;-11.962892;-76.930216;2024-05-03;2024-05-04;15;3
EVT-0412;Tour Promocional Aventura Extrema CUSCO;CUSCO;Aventura;-13.440475;-71.930073;2024-02-05;2024-02-18;100;5
EVT-0413;Exhibición de Artesanía Aventura Extrema ICA;ICA;Cultura;-14.038767;-75.672022;2024-04-04;2024-04-15;100;1
EVT-0414;Fiesta Patronal Aventura Extrema CAJAMARCA;CAJAMARCA;Cultura;-7.081263;-78.451856;2024-05-10;2024-05-22;0;5
EVT-0415;Tour Promocional Aventura Extrema PIURA;PIURA;Aventura;-5.167513;-80.71304;2024-03-30;2024-04-06;0;2
EVT-0416;Descuento de Temporada - Hotel Místico CAJAMARCA;CAJAMARCA;Alojamiento;-7.184826;-78.42189;2024-08-05;2024-08-20;0;4
EVT-0417;Feria Gastronómica El Buen Sabor CAJAMARCA;CAJAMARCA;Gastronomía;-7.203042;-78.549924;2024-02-29;2024-03-12;30;3
EVT-0418;Exhibición de Artesanía Sol y Luna AREQUIPA;AREQUIPA;Cultura;-16.460422;-71.5911;2024-08-23;2024-09-05;50;4
EVT-0419;Festival de Música Local El Buen Sabor CAJAMARCA;CAJAMARCA;Entretenimiento;-7.187814;-78.432978;2024-02-28;2024-03-02;15;1
EVT-0420;Fiesta Patronal Andes LIMA;LIMA;Cultura;-12.066755;-76.973166;2024-11-29;2024-12-10;30;2
EVT-0421;Feria Gastronómica Aventura Extrema ANCASH;ANCASH;Gastronomía;-9.487281;-77.480953;2024-04-24;2024-05-06;50;5
EVT-0422;Festival de Música Local Místico PUNO;PUNO;Entretenimiento;-15.858454;-70.096125;2024-03-04;2024-03-08;30;1
EVT-0423;Festival de Música Local Místico PIURA;PIURA;Entretenimiento;-5.122853;-80.540119;2024-04-26;2024-05-05;0;4
EVT-0424;Festival de Música Local Aventura Extrema CUSCO;CUSCO;Entretenimiento;-13.487285;-71.891509;2024-01-05;2024-01-12;15;3
EVT-0425;Descuento de Temporada - Hotel El Buen Sabor AREQUIPA;AREQUIPA;Alojamiento;-16.391137;-71.536897;2024-08-28;2024-08-29;0;1
EVT-0426;Fiesta Patronal Andes PUNO;PUNO;Cultura;-15.823349;-69.973597;2024-06-08;2024-06-15;0;1
EVT-0427;Tour Promocional Místico ANCASH;ANCASH;Aventura;-9.439446;-77.580836;2024-09-14;2024-09-22;0;3
EVT-0428;Tour Promocional Místico ICA;ICA;Aventura;-14.110267;-75.660479;2024-12-07;2024-12-09;30;3
EVT-0429;Descuento de Temporada - Hotel Pacha ICA;ICA;Alojamiento;-13.976818;-75.753316;2024-07-16;2024-07-31;0;5
EVT-0430;Festival de Música Local La Tradición PUNO;PUNO;Entretenimiento;-15.927463;-69.952675;2024-01-12;2024-01-24;0;2
EVT-0431;Tour Promocional Aventura Extrema CUSCO;CUSCO;Aventura;-13.528496;-71.890586;2024-02-18;2024-02-28;0;1
EVT-0432;Tour Promocional El Buen Sabor LIMA;LIMA;Aventura;-12.128962;-77.000818;2024-12-02;2024-12-07;50;5
EVT-0433;Fiesta Patronal Andes ICA;ICA;Cultura;-13.988515;-75.806847;2024-02-14;2024-02-29;15;4
EVT-0434;Tour Promocional Andes CAJAMARCA;CAJAMARCA;Aventura;-7.160937;-78.4677;2024-12-15;2024-12-30;0;4
EVT-0435;Festival de Música Local Pacha ANCASH;ANCASH;Entretenimiento;-9.493906;-77.483363;2024-03-07;2024-03-12;100;5
EVT-0436;Tour Promocional Aventura Extrema ICA;ICA;Aventura;-14.025979;-75.735255;2024-11-29;2024-12-04;0;1
EVT-0437;Festival de Música Local La Tradición PIURA;PIURA;Entretenimiento;-5.129033;-80.678306;2024-10-20;2024-10-22;0;2
EVT-0438;Feria Gastronómica Pacha ANCASH;ANCASH;Gastronomía;-9.549848;-77.455507;2024-07-30;2024-08-13;30;1
EVT-0439;Festival de Música Local Místico LORETO;LORETO;Entretenimiento;-3.725596;-73.164119;2024-02-07;2024-02-21;30;3
EVT-0440;Tour Promocional El Buen Sabor ICA;ICA;Aventura;-14.063763;-75.67751;2024-04-29;2024-05-06;100;2
EVT-0441;Festival de Música Local Místico CAJAMARCA;CAJAMARCA;Entretenimiento;-7.209687;-78.426203;2024-10-23;2024-11-01;30;3
EVT-0442;Descuento de Temporada - Hotel Místico PUNO;PUNO;Alojamiento;-15.88699;-70.113638;2024-01-01;2024-01-14;30;4
EVT-0443;Exhibición de Artesanía Aventura Extrema CUSCO;CUSCO;Cultura;-13.467406;-71.892024;2024-05-16;2024-05-27;0;3
EVT-0444;Tour Promocional Sol y Luna ICA;ICA;Aventura;-14.037753;-75.687406;2024-07-16;2024-07-23;0;4
EVT-0445;Exhibición de Artesanía Sol y Luna AREQUIPA;AREQUIPA;Cultura;-16.419643;-71.6204;2024-08-31;2024-09-01;0;5
EVT-0446;Descuento de Temporada - Hotel Pacha CAJAMARCA;CAJAMARCA;Alojamiento;-7.073447;-78.579036;2024-11-30;2024-12-11;0;3
EVT-0447;Fiesta Patronal Pacha LIMA;LIMA;Cultura;-12.033344;-77.031537;2024-10-18;2024-10-26;100;1
EVT-0448;Exhibición de Artesanía Aventura Extrema LIMA;LIMA;Cultura;-11.949398;-77.100563;2024-06-17;2024-06-23;100;4
EVT-0449;Fiesta Patronal Aventura Extrema ICA;ICA;Cultura;-14.130593;-75.758518;2024-01-23;2024-01-30;100;5
EVT-0450;Tour Promocional Místico ICA;ICA;Aventura;-14.024802;-75.720813;2024-02-13;2024-02-26;100;4
EVT-0451;Tour Promocional Místico PUNO;PUNO;Aventura;-15.856812;-70.069209;2024-07-23;2024-08-04;50;3
EVT-0452;Festival de Música Local Aventura Extrema LORETO;LORETO;Entretenimiento;-3.842519;-73.316382;2024-11-22;2024-12-07;30;2
EVT-0453;Fiesta Patronal Aventura Extrema AREQUIPA;AREQUIPA;Cultura;-16.462981;-71.489453;2024-09-28;2024-10-13;50;2
EVT-0454;Descuento de Temporada - Hotel Aventura Extrema AREQUIPA;AREQUIPA;Alojamiento;-16.332004;-71.470243;2024-04-08;2024-04-11;30;3
EVT-0455;Feria Gastronómica Andes PIURA;PIURA;Gastronomía;-5.243963;-80.637709;2024-10-25;2024-11-05;100;5
EVT-0456;Exhibición de Artesanía Aventura Extrema LIMA;LIMA;Cultura;-12.045202;-77.071831;2024-09-25;2024-10-10;0;3
EVT-0457;Fiesta Patronal La Tradición CUSCO;CUSCO;Cultura;-13.619846;-72.03959;2024-07-07;2024-07-18;100;5
EVT-0458;Tour Promocional La Tradición CAJAMARCA;CAJAMARCA;Aventura;-7.103417;-78.565796;2024-03-20;2024-04-04;0;4
EVT-0459;Tour Promocional La Tradición ANCASH;ANCASH;Aventura;-9.481744;-77.581244;2024-05-17;2024-05-26;30;2
EVT-0460;Descuento de Temporada - Hotel La Tradición PIURA;PIURA;Alojamiento;-5.221245;-80.667802;2024-04-04;2024-04-14;100;1
EVT-0461;Exhibición de Artesanía El Buen Sabor CAJAMARCA;CAJAMARCA;Cultura;-7.215989;-78.594062;2024-06-01;2024-06-13;15;3
EVT-0462;Fiesta Patronal Místico LORETO;LORETO;Cultura;-3.788629;-73.257146;2024-05-01;2024-05-16;15;4
EVT-0463;Feria Gastronómica Aventura Extrema AREQUIPA;AREQUIPA;Gastronomía;-16.334828;-71.495889;2024-04-11;2024-04-20;15;3
EVT-0464;Descuento de Temporada - Hotel Andes ANCASH;ANCASH;Alojamiento;-9.493602;-77.604787;2024-08-22;2024-08-31;50;5
EVT-0465;Descuento de Temporada - Hotel El Buen Sabor AREQUIPA;AREQUIPA;Alojamiento;-16.354907;-71.550513;2024-09-30;2024-10-05;30;5
EVT-0466;Festival de Música Local El Buen Sabor CUSCO;CUSCO;Entretenimiento;-13.42342;-71.871144;2024-09-02;2024-09-12;15;5
EVT-0467;Festival de Música Local Místico AREQUIPA;AREQUIPA;Entretenimiento;-16.354399;-71.608917;2024-09-22;2024-09-30;0;5
EVT-0468;Feria Gastronómica Pacha PIURA;PIURA;Gastronomía;-5.271487;-80.690152;2024-06-15;2024-06-16;50;3
EVT-0469;Feria Gastronómica Sol y Luna CUSCO;CUSCO;Gastronomía;-13.442509;-71.947709;2024-06-27;2024-07-07;0;5
EVT-0470;Festival de Música Local La Tradición LIMA;LIMA;Entretenimiento;-12.09424;-77.005505;2024-03-24;2024-04-08;100;2
EVT-0471;Fiesta Patronal Aventura Extrema CUSCO;CUSCO;Cultura;-13.562351;-71.870978;2024-09-02;2024-09-14;50;1
EVT-0472;Exhibición de Artesanía Místico CUSCO;CUSCO;Cultura;-13.573178;-71.978898;2024-06-27;2024-07-02;0;2
EVT-0473;Festival de Música Local Sol y Luna PUNO;PUNO;Entretenimiento;-15.783962;-69.964225;2024-02-02;2024-02-03;15;3
EVT-0474;Festival de Música Local La Tradición AREQUIPA;AREQUIPA;Entretenimiento;-16.305486;-71.604657;2024-09-12;2024-09-25;15;3
EVT-0475;Fiesta Patronal El Buen Sabor LIMA;LIMA;Cultura;-11.979474;-77.013652;2024-04-01;2024-04-09;30;3
EVT-0476;Descuento de Temporada - Hotel Pacha LORETO;LORETO;Alojamiento;-3.766256;-73.150652;2024-07-12;2024-07-21;15;2
EVT-0477;Feria Gastronómica Pacha ANCASH;ANCASH;Gastronomía;-9.432684;-77.450808;2024-09-07;2024-09-08;100;3
EVT-0478;Feria Gastronómica Sol y Luna ICA;ICA;Gastronomía;-14.001497;-75.704325;2024-09-08;2024-09-20;0;5
EVT-0479;Festival de Música Local Místico LIMA;LIMA;Entretenimiento;-12.043396;-76.996002;2024-11-29;2024-11-30;0;5
EVT-0480;Exhibición de Artesanía Sol y Luna CAJAMARCA;CAJAMARCA;Cultura;-7.139554;-78.400801;2024-04-16;2024-05-01;100;4
EVT-0481;Feria Gastronómica El Buen Sabor LIMA;LIMA;Gastronomía;-11.997344;-76.994788;2024-06-02;2024-06-12;100;3
EVT-0482;Feria Gastronómica Sol y Luna ICA;ICA;Gastronomía;-14.004555;-75.828592;2024-04-21;2024-04-30;30;5
EVT-0483;Feria Gastronómica Pacha ANCASH;ANCASH;Gastronomía;-9.540969;-77.56745;2024-08-13;2024-08-24;0;2
EVT-0484;Festival de Música Local Andes PUNO;PUNO;Entretenimiento;-15.885774;-70.054543;2024-07-22;2024-07-25;0;2
EVT-0485;Descuento de Temporada - Hotel Aventura Extrema CUSCO;CUSCO;Alojamiento;-13.603193;-72.065665;2024-06-05;2024-06-19;0;1
EVT-0486;Exhibición de Artesanía El Buen Sabor ICA;ICA;Cultura;-13.996119;-75.708602;2024-07-09;2024-07-14;0;4
EVT-0487;Feria Gastronómica Aventura Extrema CAJAMARCA;CAJAMARCA;Gastronomía;-7.168055;-78.556987;2024-11-09;2024-11-22;50;4
EVT-0488;Exhibición de Artesanía Místico PUNO;PUNO;Cultura;-15.891207;-69.958962;2024-04-25;2024-05-07;0;5
EVT-0489;Tour Promocional La Tradición ANCASH;ANCASH;Aventura;-9.57836;-77.570882;2024-12-07;2024-12-18;30;2
EVT-0490;Tour Promocional Sol y Luna LORETO;LORETO;Aventura;-3.802444;-73.234156;2024-07-01;2024-07-03;30;3
EVT-0491;Descuento de Temporada - Hotel Pacha CAJAMARCA;CAJAMARCA;Alojamiento;-7.240905;-78.420029;2024-03-21;2024-04-04;50;2
EVT-0492;Festival de Música Local Aventura Extrema LIMA;LIMA;Entretenimiento;-12.009758;-77.125263;2024-04-03;2024-04-13;100;4
EVT-0493;Feria Gastronómica El Buen Sabor CAJAMARCA;CAJAMARCA;Gastronomía;-7.122088;-78.48433;2024-03-16;2024-03-17;15;1
EVT-0494;Exhibición de Artesanía Aventura Extrema CAJAMARCA;CAJAMARCA;Cultura;-7.092948;-78.407046;2024-02-27;2024-03-10;0;2
EVT-0495;Tour Promocional Aventura Extrema LORETO;LORETO;Aventura;-3.823861;-73.242526;2024-09-29;2024-10-11;0;2
EVT-0496;Festival de Música Local Pacha PIURA;PIURA;Entretenimiento;-5.286715;-80.584419;2024-05-30;2024-06-14;0;1
EVT-0497;Festival de Música Local Místico ANCASH;ANCASH;Entretenimiento;-9.513817;-77.575374;2024-09-15;2024-09-24;15;2
EVT-0498;Tour Promocional Sol y Luna PUNO;PUNO;Aventura;-15.805103;-69.993701;2024-05-13;2024-05-24;0;5
EVT-0499;Festival de Música Local El Buen Sabor CUSCO;CUSCO;Entretenimiento;-13.563963;-71.963637;2024-04-11;2024-04-18;30;1
EVT-0500;Feria Gastronómica La Tradición AREQUIPA;AREQUIPA;Gastronomía;-16.489648;-71.529715;2024-10-22;2024-11-05;50;4
