POLO;recursos;alt_media;regiones;region_top;jerarquia_media;diametro_km;radio_km;desnivel_m
0;44;858.5227272727273;2;Huánuco;1.6136363636363635;79.44005584716797;19.29148903026167;610.0
1;28;1532.9285714285713;1;Piura;1.1071428571428572;71.62970733642578;25.70096117755612;1100.0
2;15;3403.8;1;Cajamarca;2.0;73.18546295166016;21.305756640390662;731.0
3;20;3693.15;2;Apurímac;2.05;77.87789916992188;28.2534724671222;896.0
4;17;2298.235294117647;1;Cusco;2.176470588235294;60.161720275878906;11.16204946186988;1050.0
5;19;3576.1052631578946;1;Lima;2.4210526315789473;71.7860107421875;26.89245093497079;1074.0
6;22;257.27272727272725;2;Tumbes;1.8181818181818181;78.5859146118164;23.033785072396654;694.0
7;21;2767.7619047619046;1;Amazonas;1.7619047619047619;62.66339111328125;17.597925296080117;1091.0
8;23;3242.3478260869565;2;Áncash;1.565217391304348;67.55064392089844;19.42831663775024;1032.0
9;8;2939.75;2;Pasco;2.375;62.60147476196289;13.544867780445362;855.0
10;31;3423.064516129032;2;Ayacucho;1.1290322580645162;66.64340209960938;19.729291613912896;877.0
11;49;3862.3061224489797;1;Puno;2.326530612244898;73.07750701904297;26.791955233862385;252.0
12;7;5227.142857142857;1;Puno;1.4285714285714286;66.16093444824219;24.01610336988267;755.0
13;20;3828.8;1;Ayacucho;1.15;69.7574691772461;22.59004761982641;898.0
14;26;4870.7692307692305;1;Áncash;2.0384615384615383;49.93428039550781;14.333251418672594;1296.0
15;15;2416.3333333333335;1;Huánuco;1.5333333333333334;50.11430358886719;18.942634319123712;1045.0
16;11;1478.2727272727273;1;Puno;1.4545454545454546;58.90531539916992;17.47993167664807;901.0
17;30;3060.4;2;Ayacucho;1.2666666666666666;53.830875396728516;18.01725910012791;1062.0
18;33;2990.3333333333335;2;Apurímac;1.6666666666666667;64.44279479980469;16.355394435330755;1082.0
19;30;2910.6666666666665;2;La Libertad;1.8666666666666667;70.46450805664062;16.18972620436498;973.0
20;11;4175.636363636364;2;Tacna;1.5454545454545454;74.68473815917969;13.074257591086335;769.0
21;38;585.6842105263158;1;San Martín;1.868421052631579;66.83244323730469;14.935525398935724;809.0
22;36;3487.3888888888887;3;Huánuco;1.5;68.4706802368164;22.77264332188065;954.0
23;17;4030.823529411765;1;Arequipa;2.411764705882353;57.4666862487793;11.781718955098397;1061.0
24;20;1620.1;1;Cusco;1.0;37.833744049072266;14.504479951641974;1046.0
25;56;105.96428571428571;1;Lambayeque;1.9285714285714286;64.63246154785156;14.510122115283322;751.0
26;30;3647.6666666666665;1;Moquegua;1.0666666666666667;52.93360137939453;11.309809348866285;1063.0
27;24;471.125;1;Ica;1.75;71.64749145507812;20.65164009156641;421.0
28;34;4606.64705882353;2;Lima;2.735294117647059;66.48020935058594;14.423985346194993;833.0
29;12;4137.916666666667;2;Cusco;1.8333333333333333;76.62026977539062;18.129111349071966;354.0
30;40;4224.925;2;Pasco;2.375;70.99591064453125;16.36509546504347;801.0
31;231;119.29004329004329;3;Lima;1.6623376623376624;71.21514129638672;11.582308821158998;697.0
32;24;67.33333333333333;1;Áncash;1.375;54.61637878417969;15.680937021397312;498.0
33;137;3412.8467153284673;1;Junín;1.927007299270073;57.860382080078125;14.931419975763328;930.0
34;13;2597.3846153846152;2;Tacna;1.3846153846153846;71.21057891845703;28.754556171361425;544.0
36;94;3307.627659574468;1;Cusco;2.25531914893617;70.13771057128906;20.22607121414803;759.0
37;27;29.85185185185185;1;Áncash;1.5555555555555556;70.6845932006836;22.05028224599518;243.0
38;31;3943.3225806451615;1;Puno;1.7096774193548387;73.86731719970703;24.019001684187213;301.0
39;7;493.14285714285717;2;Madre De Dios;2.0;71.5101547241211;25.654782863776905;282.0
40;17;2813.0;2;Arequipa;1.7058823529411764;56.58958435058594;17.13277123881669;1065.0
41;14;1884.7142857142858;2;Amazonas;1.7857142857142858;61.29985427856445;19.260330671266217;1029.0
42;23;2718.1739130434785;2;Cajamarca;1.7826086956521738;70.60997772216797;19.39724880042536;1085.0
43;37;4158.4324324324325;1;Áncash;1.9189189189189189;66.05421447753906;20.472251353676565;827.0
45;10;69.7;1;Loreto;1.7;72.85112762451172;30.50384864661867;12.0
46;48;3972.8333333333335;1;Puno;1.5625;55.827388763427734;16.133399503656396;981.0
47;13;323.2307692307692;1;San Martín;1.6923076923076923;59.297080993652344;19.01851502051279;294.0
48;15;698.2;3;Cusco;1.3333333333333333;60.98707580566406;15.822510862495674;580.0
49;5;85.2;1;Arequipa;1.4;59.92703628540039;22.361608866126367;381.0
50;33;1932.3636363636363;1;Huánuco;1.5454545454545454;62.111656188964844;16.620894531798662;730.0
51;11;1278.4545454545455;1;Piura;1.1818181818181819;62.6088752746582;22.76407900890846;522.0
52;24;3191.5;2;La Libertad;2.125;67.16146087646484;22.80727137805577;896.0
53;13;1979.6153846153845;1;Lima;1.6153846153846154;41.67259216308594;12.631154305344154;663.0
54;36;3715.0555555555557;1;Huancavelica;1.9722222222222223;50.45224380493164;15.925792495784549;1000.0
55;53;2349.622641509434;1;Arequipa;1.8867924528301887;36.97146987915039;9.17777091685956;1033.0
56;18;3366.5;1;Lima;1.8333333333333333;64.6469955444336;22.639748732779985;915.0
59;51;3611.294117647059;1;Cusco;2.411764705882353;48.90612030029297;14.997456451343306;796.0
60;25;178.4;1;Piura;1.36;68.88460540771484;20.41664462420216;528.0
61;12;161.08333333333334;1;Loreto;1.25;68.13328552246094;21.431557002008077;77.0
62;21;196.38095238095238;1;Madre De Dios;1.3333333333333333;65.0385513305664;16.790194771387274;87.0
63;15;3887.4666666666667;2;Áncash;1.9333333333333333;66.48324584960938;15.726924430845663;783.0
65;13;206.23076923076923;2;Huánuco;1.6153846153846154;57.51100158691406;19.65441436483679;193.0
66;11;363.54545454545456;1;Pasco;1.4545454545454546;58.980445861816406;17.45097272770531;446.0
67;8;1399.625;2;La Libertad;1.5;28.933197021484375;6.351489175301463;1055.0
68;26;712.7307692307693;1;Tacna;2.0;49.06917953491211;17.019313473931444;863.0
69;16;3573.5;1;La Libertad;2.0;40.25962829589844;10.515907876801236;1048.0
70;44;59.63636363636363;1;Lima;2.1363636363636362;67.0492172241211;14.53209388372923;604.0
71;42;3494.9523809523807;1;Arequipa;2.238095238095238;45.09519958496094;11.344646892974028;605.0
72;17;2671.3529411764707;1;Áncash;1.6470588235294117;55.913841247558594;14.234536274346524;681.0
73;5;4558.4;1;Huancavelica;1.8;56.99757385253906;18.71801399731317;382.0
74;8;699.5;2;Amazonas;1.75;52.701290130615234;21.36619291349278;806.0
75;18;3299.8888888888887;1;Arequipa;2.111111111111111;59.74799346923828;20.065172121810743;1012.0
77;8;4454.625;1;Junín;1.75;41.20794677734375;11.258646009346574;416.0
78;7;5165.0;3;Áncash;2.142857142857143;57.26106643676758;17.835093030358593;832.0
79;28;3157.3928571428573;1;Apurímac;1.5357142857142858;41.94084930419922;7.330753088272821;1155.0
82;11;340.27272727272725;1;Ucayali;1.1818181818181819;59.99635696411133;23.55023891365114;372.0
83;30;3954.766666666667;1;Cusco;1.6666666666666667;67.80420684814453;26.066464310764918;883.0
84;16;1480.6875;2;Cusco;1.0;53.54805374145508;11.021933235392307;723.0
85;25;3.92;1;Piura;1.92;71.63713836669922;23.9433332529469;23.0
86;58;927.3275862068965;2;San Martín;1.5172413793103448;61.64942169189453;16.61381314686268;738.0
87;6;4282.5;1;Puno;1.5;63.89472579956055;22.765123263857816;196.0
88;14;3803.285714285714;1;Apurímac;1.5;64.08413696289062;20.91741246601918;597.0
89;8;3032.75;2;Cajamarca;1.875;59.15653991699219;22.10683893015706;968.0
90;11;706.4545454545455;2;Huánuco;1.0;52.201473236083984;17.591106009780983;609.0
91;10;259.4;1;Madre De Dios;1.1;63.99504852294922;27.312162600069456;52.0
92;19;2651.0;1;Cajamarca;1.4210526315789473;69.052978515625;20.185366627643802;753.0
93;14;3270.0;1;Ayacucho;1.0714285714285714;49.89970779418945;17.51870286256809;1040.0
94;34;851.0588235294117;1;Junín;1.588235294117647;53.8798713684082;16.21459553409177;910.0
95;8;4329.625;1;Apurímac;1.0;44.849002838134766;10.948810137822536;670.0
96;51;1899.2745098039215;1;Pasco;1.588235294117647;45.40345001220703;8.633492878595717;757.0
97;13;3144.153846153846;1;Moquegua;1.8461538461538463;11.162955284118652;3.773981280901184;780.0
98;74;2701.864864864865;1;Ayacucho;1.5135135135135136;44.91126251220703;12.617218952318513;653.0
99;97;28.989690721649485;2;Lambayeque;1.597938144329897;63.36971664428711;15.775121142524371;280.0
100;15;4209.6;1;Áncash;3.3333333333333335;51.19778823852539;13.171670722304235;773.0
101;7;856.0;1;San Martín;1.7142857142857142;38.02163314819336;14.592667001927083;903.0
102;9;3745.4444444444443;1;Puno;1.0;39.314998626708984;12.898917910910997;764.0
103;7;4419.714285714285;1;Cusco;2.142857142857143;52.14853286743164;19.281431675481645;830.0
104;32;3788.59375;1;Lima;2.03125;52.79703140258789;12.569973350169446;511.0
105;38;290.5263157894737;1;Lima;1.5526315789473684;51.482154846191406;19.04120495169502;720.0
106;22;149.8181818181818;1;Arequipa;1.3636363636363635;56.31010055541992;22.147035452934393;462.0
107;6;3315.8333333333335;2;Ayacucho;1.3333333333333333;33.85792541503906;11.17012121085415;442.0
108;14;2432.0;1;La Libertad;1.7857142857142858;39.218116760253906;13.380859018058516;758.0
109;13;187.0;1;Loreto;1.5384615384615385;46.08393859863281;12.925131805809475;234.0
110;16;4612.5625;2;Lima;1.0625;41.48419189453125;11.570412359292819;521.0
111;23;690.0434782608696;1;Junín;1.9130434782608696;38.31647872924805;9.33902216432422;648.0
112;6;6216.333333333333;1;Áncash;2.3333333333333335;54.58685302734375;13.901375154937393;640.0
113;12;1722.5;1;Arequipa;1.0;32.82139205932617;5.928629819213598;645.0
114;13;3548.6153846153848;1;Junín;2.3846153846153846;37.480552673339844;11.637188934711222;847.0
115;45;1333.5333333333333;2;Moquegua;1.4666666666666666;59.84524917602539;15.04967777823418;622.0
116;13;4564.076923076923;2;Lima;1.6923076923076923;56.465877532958984;19.793804068851976;669.0
117;29;19.24137931034483;1;Piura;1.3793103448275863;44.621517181396484;12.986948138481107;88.0
120;12;96.75;1;Arequipa;1.5833333333333333;57.909236907958984;23.743087395308724;265.0
121;42;33.92857142857143;1;Tumbes;1.9523809523809523;64.23677825927734;17.394006511603965;295.0
122;16;2653.1875;1;Piura;1.6875;54.2035026550293;19.131437489085243;942.0
123;7;277.0;2;Ucayali;1.8571428571428572;65.51666259765625;22.583454170154646;92.0
124;7;3848.714285714286;2;Apurímac;1.5714285714285714;41.497467041015625;16.075167410363573;786.0
125;35;22.2;1;Piura;1.8;60.43315887451172;18.45707476375487;36.0
126;14;3594.8571428571427;2;Huánuco;1.4285714285714286;52.44453811645508;14.782513568982255;808.0
128;22;3935.4545454545455;1;Puno;1.3636363636363635;66.43766784667969;16.25992130764958;297.0
129;10;206.2;2;Madre De Dios;2.1;54.199214935302734;16.538966308155334;94.0
131;12;498.8333333333333;2;Puno;1.4166666666666667;48.9524040222168;16.40885412668535;530.0
132;7;2594.0;1;Piura;1.4285714285714286;30.026330947875977;9.029503379745645;790.0
133;18;1320.0555555555557;1;Cajamarca;1.0555555555555556;40.227298736572266;11.962985806231854;754.0
134;7;3422.285714285714;2;Áncash;2.4285714285714284;30.587093353271484;11.285260599376496;127.0
135;13;235.0;1;Lambayeque;1.2307692307692308;35.4387321472168;11.039409558413071;632.0
136;12;689.8333333333334;1;Arequipa;1.3333333333333333;27.65717315673828;5.256111054039285;723.0
137;35;4647.057142857143;1;Cusco;2.0;55.73619842529297;12.887826894592681;1021.0
138;17;4080.0588235294117;1;Cusco;1.5294117647058822;61.317386627197266;16.851893460020854;851.0
139;46;55.28260869565217;1;La Libertad;2.260869565217391;60.8590087890625;7.8098910489012505;629.0
140;34;3912.3823529411766;1;Puno;1.9705882352941178;69.53153228759766;17.935092581892043;486.0
141;12;376.0;1;Cusco;2.75;66.42095947265625;26.309860021115668;157.0
142;5;3472.4;1;Puno;1.8;41.446163177490234;13.763549992805753;270.0
146;11;9.454545454545455;2;Ica;1.9090909090909092;57.272151947021484;9.358008880899156;31.0
147;5;2136.6;1;Arequipa;2.0;33.17875289916992;9.818700144698722;801.0
148;9;3411.3333333333335;1;Apurímac;1.5555555555555556;43.5924186706543;16.847419790959695;605.0
149;42;2699.3809523809523;1;Cajamarca;1.8095238095238095;37.76030349731445;8.386095984236276;421.0
150;70;99.37142857142857;1;Loreto;1.6857142857142857;55.52080154418945;6.51855455823544;62.0
151;58;1227.8103448275863;2;Junín;1.5172413793103448;64.56353759765625;21.202999013186908;1085.0
152;8;1729.75;2;Cusco;1.375;62.55671691894531;20.523722405802925;457.0
153;10;2081.3;1;Piura;1.4;50.098785400390625;14.765367137869058;776.0
157;8;1833.0;1;Cajamarca;1.25;52.874847412109375;17.490895261330746;504.0
158;22;3301.818181818182;2;Piura;1.5909090909090908;39.19242858886719;9.278592774460373;874.0
160;5;3781.0;2;Huánuco;1.8;37.06312561035156;11.522362260502641;818.0
161;28;34.535714285714285;1;La Libertad;1.8214285714285714;39.233768463134766;8.095460968898491;217.0
162;7;4295.714285714285;2;Arequipa;1.1428571428571428;54.31008529663086;21.706083294168337;493.0
163;7;4825.0;1;Cusco;1.1428571428571428;22.444961547851562;9.198035673072004;674.0
164;16;3349.0625;2;Ayacucho;1.0;43.058475494384766;12.660930924049424;812.0
165;45;3412.866666666667;1;Lima;2.1555555555555554;56.244873046875;20.164236671729277;662.0
166;10;1894.1;1;Cajamarca;1.4;43.84794235229492;12.43716458140623;947.0
167;25;3338.28;2;Ayacucho;1.44;52.129329681396484;13.488701268104347;900.0
168;9;787.8888888888889;1;Lima;1.6666666666666667;28.005859375;4.726157746503052;648.0
169;14;4160.714285714285;1;Áncash;2.2142857142857144;52.24599075317383;12.399183373662106;941.0
170;11;3616.909090909091;1;Huánuco;1.1818181818181819;48.049320220947266;12.897411678420433;911.0
171;10;4209.4;2;Ayacucho;1.0;64.02368927001953;21.265641395453894;712.0
172;66;3699.1666666666665;1;Junín;1.6818181818181819;61.744693756103516;16.960412165694503;780.0
173;27;2940.259259259259;1;Cusco;2.111111111111111;57.78113555908203;16.112004724326034;772.0
176;9;2099.3333333333335;1;Moquegua;1.4444444444444444;32.270938873291016;5.743765024671842;414.0
177;34;36.470588235294116;1;Arequipa;1.7058823529411764;60.357845306396484;10.613580981335035;331.0
178;15;186.13333333333333;1;Ica;1.8;51.45905685424805;15.359575627900083;520.0
180;23;22.565217391304348;1;Ica;2.0;59.719032287597656;12.717464423794322;131.0
181;14;4166.285714285715;1;Puno;1.2142857142857142;49.5539665222168;16.52951704556205;544.0
183;10;256.7;1;Huánuco;1.2;36.88444137573242;10.411410213320297;455.0
184;7;4385.714285714285;1;Junín;1.4285714285714286;47.834590911865234;13.959793256529164;169.0
185;5;2543.8;2;Arequipa;1.0;66.6794204711914;25.931493003024137;737.0
187;30;74.93333333333334;1;Moquegua;2.066666666666667;52.93796920776367;11.484635633162535;728.0
188;19;2760.684210526316;1;Áncash;1.736842105263158;67.84036254882812;23.741051031488375;659.0
189;9;106.77777777777777;1;Loreto;1.6666666666666667;57.70912551879883;11.779148205769541;38.0
190;5;3966.2;1;Puno;2.0;52.524658203125;20.864497615251356;95.0
192;5;1030.6;1;San Martín;2.0;29.105079650878906;9.361461055922764;292.0
193;10;3797.2;2;La Libertad;2.1;45.65718078613281;17.844755649891898;471.0
194;10;3881.4;1;Ayacucho;1.1;50.06575012207031;17.852596781883687;674.0
195;5;1140.8;1;Arequipa;1.2;42.99747085571289;15.148378349000788;292.0
198;7;309.0;1;Madre De Dios;2.0;54.28971862792969;15.289617903612797;57.0
199;38;61.63157894736842;1;Lima;1.736842105263158;42.5805778503418;9.869284944242933;413.0
201;14;825.0714285714286;1;Pasco;2.142857142857143;31.409984588623047;4.6095424753249565;707.0
202;37;153.13513513513513;1;Ucayali;1.162162162162162;51.194358825683594;9.178166215633398;21.0
203;19;2127.315789473684;1;Apurímac;1.3157894736842106;28.9793643951416;10.741863664755634;708.0
204;35;3913.457142857143;2;Pasco;1.6285714285714286;43.31276321411133;9.982822439198621;928.0
205;6;933.5;1;Lima;1.6666666666666667;34.7973747253418;14.218122879307947;360.0
206;5;93.6;2;Tacna;1.6;39.12495803833008;8.702568275169384;452.0
207;21;2220.0476190476193;1;Amazonas;1.7619047619047619;46.15258026123047;12.293571224701049;640.0
208;55;916.1636363636363;2;Cusco;1.6363636363636365;40.633201599121094;8.437550348778402;975.0
211;10;3209.6;1;Tacna;1.7;52.304443359375;15.697483496906926;477.0
213;32;3245.25;1;Áncash;1.9375;55.55995178222656;9.686329668272151;716.0
214;19;127.10526315789474;1;Lima;1.7894736842105263;33.18958282470703;9.54105725002553;369.0
217;13;3900.6153846153848;1;Lima;2.076923076923077;41.447547912597656;16.070184215224586;433.0
218;9;52.77777777777778;1;Piura;1.7777777777777777;41.02671432495117;11.482652351463072;75.0
219;13;2692.6923076923076;1;Lima;1.9230769230769231;28.356576919555664;11.428863981072475;571.0
221;6;182.83333333333334;1;Madre De Dios;1.8333333333333333;35.63153076171875;16.62311567301464;32.0
222;7;1511.5714285714287;2;Amazonas;1.4285714285714286;41.72566604614258;13.195267144126694;388.0
223;7;2349.8571428571427;1;Apurímac;1.1428571428571428;41.178314208984375;13.969119208486289;630.0
224;9;464.1111111111111;1;Cusco;2.888888888888889;21.264230728149414;8.541748752405752;191.0
225;10;315.7;1;Ucayali;1.0;26.015451431274414;6.722927903457602;100.0
226;13;3204.230769230769;1;Huancavelica;2.0;42.23167037963867;14.971495368203957;490.0
227;12;3111.6666666666665;1;Cusco;2.1666666666666665;40.784828186035156;14.590482461241775;602.0
230;6;519.3333333333334;1;Huánuco;1.6666666666666667;23.39068603515625;7.2086609652948965;442.0
232;11;3926.909090909091;1;Puno;1.7272727272727273;34.653968811035156;11.524974798533913;499.0
233;25;3829.24;2;Junín;1.24;40.772701263427734;10.295802658570787;827.0
234;13;3868.769230769231;2;Áncash;1.7692307692307692;51.839324951171875;16.595034898248016;911.0
235;18;993.1111111111111;1;Cusco;1.3333333333333333;34.24875259399414;11.678565074136264;417.0
238;9;2180.4444444444443;1;Lima;2.2222222222222223;43.773807525634766;19.260869310840377;208.0
239;8;1326.875;1;Junín;1.125;39.74015808105469;12.737024639284826;435.0
240;26;418.0;1;Ica;1.9615384615384615;42.1811637878418;7.875426217193931;206.0
241;5;5053.8;1;Moquegua;1.8;53.91264724731445;17.25985967751129;674.0
244;16;3342.1875;1;Áncash;1.9375;50.944969177246094;17.064570603070013;522.0
245;6;97.33333333333333;1;Loreto;1.5;29.351083755493164;8.054361654977827;27.0
246;10;35.5;1;Arequipa;1.1;37.35184860229492;12.437378662970215;75.0
248;7;20.857142857142858;1;Arequipa;1.4285714285714286;11.697781562805176;3.9188349994021188;83.0
249;10;2138.6;2;Moquegua;1.5;53.28943634033203;17.43391980871181;416.0
251;5;3954.0;1;Áncash;1.0;31.727638244628906;10.430600925472428;668.0
252;6;2896.5;1;Apurímac;1.3333333333333333;17.912147521972656;6.243745283055574;455.0
253;10;4257.7;1;Ayacucho;1.1;43.11198806762695;14.164635948384177;601.0
254;11;4221.818181818182;3;Huánuco;2.0;42.61408996582031;15.192576360176913;513.0
256;25;3563.64;1;Cusco;1.92;52.29905319213867;12.271937298386927;478.0
257;21;825.9047619047619;2;Cusco;1.7142857142857142;56.475772857666016;21.141533647270432;543.0
258;13;376.6923076923077;1;San Martín;1.6923076923076923;41.770267486572266;13.346855073778341;227.0
259;17;2772.705882352941;1;Lima;2.235294117647059;38.43258285522461;15.41691333343579;312.0
261;9;4205.111111111111;1;Junín;2.5555555555555554;32.51526641845703;11.561262563688437;202.0
264;6;4010.6666666666665;1;Ayacucho;1.0;42.88402557373047;9.075973421241125;701.0
265;7;2571.285714285714;1;Arequipa;1.8571428571428572;21.703392028808594;5.311482511971716;660.0
268;18;4389.111111111111;1;Lima;1.5555555555555556;42.81413269042969;12.16806240527287;583.0
273;5;4408.8;1;Puno;1.2;27.618927001953125;9.359603226030696;235.0
274;35;3860.9142857142856;1;Puno;2.1142857142857143;44.20840835571289;15.418510173075918;225.0
