CLUSTER;n;alt;la;lo;regs;top;radio_km
0;19;197.73684210526315;-12.698901550262468;-69.29229951283551;1;Madre De Dios;34.87340240633802
1;16;189.125;-12.593313352382127;-69.17761069087396;1;Madre De Dios;6.509861685846742
2;67;97.77611940298507;-3.736823829846344;-73.26233758511384;1;Loreto;4.976845433189124
3;25;422.24;-14.071277319703567;-75.72653936494805;1;Ica;6.6962269642865815
4;43;44.02325581395349;-8.125509793440417;-79.02841523860184;1;La Libertad;5.021953777073167
5;85;18.6;-6.797334371661701;-79.87406055662738;1;Lambayeque;11.75153508983463
6;24;30.0;-5.2356601960911915;-80.65456012241839;1;Piura;4.720981707724303
7;19;11.368421052631579;-3.574790059441703;-80.4608779129707;1;Tumbes;6.179691762136203
8;35;3863.114285714286;-15.841945258756674;-69.99765458121358;1;Puno;7.848312080274983
9;33;153.63636363636363;-8.364888749447863;-74.57524390944437;1;Ucayali;6.660289190072984
10;28;627.1785714285714;-6.444531834186265;-76.377835497845;1;San Martín;10.204993539357805
11;17;671.1176470588235;-17.99267444858762;-70.23290832740017;1;Tacna;4.417407693933961
12;53;2365.056603773585;-16.483492473689086;-71.47043190819825;2;Arequipa;19.80373042534784
13;39;1362.2051282051282;-17.210727381114758;-70.94466315846944;1;Moquegua;4.66387471188863
14;17;84.47058823529412;-3.92201599053265;-70.96589565129703;1;Loreto;102.68228869030223
15;33;1983.2121212121212;-9.949061853522092;-76.23026665409058;1;Huánuco;6.844864375690026
16;35;4223.171428571429;-10.547275521209258;-76.24905995242565;2;Pasco;21.008468624494554
17;43;2722.4186046511627;-7.173719622989286;-78.49164103656206;1;Cajamarca;7.196180673826605
18;26;2467.0384615384614;-6.214578788685472;-77.88873847192373;1;Amazonas;9.05097206039098
19;26;4243.307692307692;-9.5290251675799;-77.44721840661902;1;Áncash;10.10075456504575
20;23;3116.695652173913;-9.520607158081242;-77.52482922368941;1;Áncash;3.3192290481382587
21;17;4.411764705882353;-12.062991587342816;-77.15063525527727;1;Callao;0.6926286559524735
22;87;3456.4597701149423;-13.51080738106248;-71.9805528004219;2;Cusco;8.608524076915502
23;15;2516.133333333333;-13.626530566478396;-72.88355059483101;1;Apurímac;2.430784085636952
24;53;2817.490566037736;-13.141704390320431;-74.21827338018173;1;Ayacucho;5.137191253515
25;20;3721.55;-12.779632196159033;-74.96764505404467;1;Huancavelica;2.46724148072751
26;89;3319.8651685393256;-12.071647341329252;-75.22922849590172;1;Junín;9.41361826699937
27;49;279.46938775510205;-17.6444085254774;-71.0631782252659;3;Moquegua;41.40280416691347
28;56;153.83928571428572;-12.050031332813584;-77.03211603669031;1;Lima;0.7950792876955772
29;49;76.10204081632654;-12.131013211393375;-77.02761142711279;1;Lima;1.8462092033182185
30;103;3894.7961165048546;-15.763335375086884;-69.80882748806812;1;Puno;47.58253915570975
31;57;2765.9122807017543;-16.813017550086297;-70.88958280729264;3;Moquegua;58.495961743239135
32;31;89.16129032258064;-13.909391157917328;-76.09240478745431;1;Ica;37.80847174411897
33;41;882.1463414634146;-9.327307449003973;-76.12230541763591;1;Huánuco;20.055355524825764
34;33;88.42424242424242;-3.7943265658449383;-80.59717336620331;1;Tumbes;25.415737076682717
35;23;39.82608695652174;-11.666995142396301;-77.21404673243089;2;Lima;13.911915828389814
36;53;45.735849056603776;-12.381187242245584;-76.79883949400957;1;Lima;20.825532541473684
37;35;54.77142857142857;-6.487247207968555;-79.84474786866515;1;Lambayeque;8.219768828209492
38;20;68.1;-6.88943435369544;-79.59004600813321;1;Lambayeque;6.082195605627249
39;17;103.94117647058823;-5.02858812805733;-80.22069708134032;1;Piura;16.2138685081607
40;35;19.257142857142856;-5.047874631055151;-81.07195604275698;1;Piura;17.228870490807616
41;59;209.28813559322035;-12.992497604438187;-76.33454716861615;2;Lima;29.898343551458716
42;42;39.785714285714285;-11.017532859097189;-77.63947344567734;1;Lima;14.026575529312728
43;21;2.9523809523809526;-9.985963862575364;-78.20003922953605;1;Áncash;7.230592603743377
44;20;27.6;-9.122200509286355;-78.5599412871796;1;Áncash;13.501829053271809
45;125;2759.496;-7.110769186037736;-78.40583699303154;3;Cajamarca;74.33496112482881
46;29;33.3448275862069;-7.36424936437682;-79.5448495720909;1;La Libertad;8.625253683722178
47;17;153.76470588235293;-5.601128979215197;-76.27558413732022;1;Loreto;55.222917539913006
48;204;4058.5588235294117;-11.647090047683136;-76.16041981910148;3;Lima;69.16668424327534
49;76;3420.2105263157896;-8.147075038322308;-77.88619498647107;5;La Libertad;42.581843405750206
50;22;35.27272727272727;-15.543361695742574;-74.79036262459309;2;Arequipa;44.0028886432001
51;30;395.96666666666664;-12.68862464211195;-70.73602801922199;3;Madre De Dios;78.35495142860515
52;16;552.375;-16.153329091433747;-72.4783794371021;1;Arequipa;7.878079371571473
53;33;62.72727272727273;-4.321708919129763;-81.06740015961829;2;Piura;31.754414384497714
54;59;941.0508474576271;-6.014119186983341;-77.15751143872842;1;San Martín;21.459253891211322
55;122;2062.8934426229507;-5.129162143437727;-79.44933876548951;3;Piura;40.489363756947256
56;15;14.866666666666667;-16.629152856134873;-72.70867668805138;1;Arequipa;7.156115193096044
57;34;18.470588235294116;-17.071748529437997;-71.94647586003387;1;Arequipa;11.43343001811483
58;21;357.2857142857143;-7.289467301495044;-76.8218643158021;1;San Martín;15.751696503463052
59;24;357.5833333333333;-11.474597328280922;-72.99386704255954;2;Cusco;37.57383458149972
60;51;475.27450980392155;-9.330458114110394;-75.43811584292769;4;Huánuco;72.11898511582822
61;81;816.4567901234568;-11.135870985600775;-74.84965788890281;2;Junín;37.18661740694377
62;234;3673.5555555555557;-9.732060143626375;-76.9974749328878;3;Áncash;74.50102284756454
63;23;1120.695652173913;-12.799848974530908;-72.70012264283082;1;Cusco;12.734807048543933
64;87;916.2873563218391;-12.580971047586207;-73.71649409655173;2;Cusco;22.9066966561948
65;41;1821.7560975609756;-10.569501305279552;-75.42607797749928;1;Pasco;4.9533105828223905
66;23;1506.2173913043478;-10.737210035518205;-75.2664580809032;2;Pasco;1.3239453231819238
67;26;3558.4615384615386;-16.334210390267963;-70.74390325423693;1;Moquegua;10.007273794677415
68;68;3195.735294117647;-11.857243389664653;-76.47700013941713;1;Lima;24.031928265856365
69;46;3890.195652173913;-16.354334893326175;-69.15420480036043;1;Puno;23.981495466285498
70;61;3427.622950819672;-14.228385432544762;-73.6927852546917;2;Apurímac;45.75344339332768
71;22;2955.1363636363635;-13.645651179336646;-73.35707057274611;1;Apurímac;6.8823025990421005
72;47;3953.6382978723404;-14.8153441507791;-70.23362985212064;1;Puno;41.63774929523164
73;140;3647.7642857142855;-11.946543968437595;-75.43297953238115;2;Junín;29.890514006140684
74;30;4629.4;-13.798396765131733;-71.21037379916865;1;Cusco;17.507885719784536
75;32;3721.34375;-14.288187723332202;-71.34006541697912;1;Cusco;22.49259328190834
76;55;3572.418181818182;-15.596922920574714;-71.67994012020974;1;Arequipa;16.00572136462461
77;46;3441.5652173913045;-13.503905558272827;-74.17856245098476;1;Ayacucho;30.268021697263986
78;23;2646.695652173913;-12.958373788278974;-74.21854015927904;1;Ayacucho;7.896333768544442
79;48;3046.5;-13.53408137918783;-71.86610685026344;1;Cusco;32.111258325020124
80;18;3432.4444444444443;-13.386825069298093;-72.1780851469817;1;Cusco;10.707236623170461
