POLO;recursos;jerarquia;lejania;region;regiones;saturacion;novedad;limpio;s;puntaje
100;15;3.3333333333333335;15;ÁNCASH;1;0.0;0.5221238938053098;True;0.6654867256637169;0.8566371681415929
261;9;2.5555555555555554;9;JUNÍN;1;0.0;0.5088495575221239;True;0.5561946902654867;0.6193215339233037
28;34;2.735294117647059;34;LIMA;2;0.6764705882352942;0.22592399791775114;False;0.38125604223990484;0.588365434669443
30;40;2.375;40;PASCO;2;0.0;0.577433628318584;True;0.5809892541087232;0.5857300884955752
23;17;2.411764705882353;17;AREQUIPA;1;0.0;0.5265486725663717;True;0.550096675838477;0.5814940135346174
11;49;2.326530612244898;49;PUNO;1;0.0;0.5973451327433629;True;0.5886955287804123;0.5771627234964782
114;13;2.3846153846153846;13;JUNÍN;1;0.0;0.5176991150442478;True;0.5404113585529515;0.5706943498978897
224;9;2.888888888888889;9;CUSCO;1;1.0;0.008849557522123894;False;0.24905183312262957;0.5693215339233038
9;8;2.375;8;PASCO;2;0.0;0.5066371681415929;True;0.5314317319848293;0.5644911504424779
134;7;2.4285714285714284;7;ÁNCASH;2;0.14285714285714285;0.43299620733249056;False;0.48677081452049853;0.5584702907711756
139;46;2.260869565217391;46;LA LIBERTAD;1;0.0;0.5907079646017699;True;0.5756073764634749;0.5554732589457483
112;6;2.3333333333333335;6;ÁNCASH;1;0.0;0.5022123893805309;True;0.5229772439949432;0.5506637168141593
71;42;2.238095238095238;42;AREQUIPA;1;0.0;0.581858407079646;True;0.5664845584251399;0.5459860935524652
141;12;2.75;12;CUSCO;1;1.0;0.015486725663716814;False;0.2358407079646018;0.5296460176991149
169;14;2.2142857142857144;14;ÁNCASH;1;0.0;0.5199115044247787;True;0.520060502076937;0.5202591656131479
33;137;1.927007299270073;137;JUNÍN;1;0.0;0.7920353982300885;True;0.673611431524357;0.5157128092500485
274;35;2.1142857142857143;35;PUNO;1;0.0;0.5663716814159292;True;0.5397254831135995;0.5041972187104931
52;24;2.125;24;LA LIBERTAD;2;0.0;0.5420353982300885;True;0.5240676359039191;0.5001106194690266
201;14;2.142857142857143;14;PASCO;1;0.0;0.5199115044247787;True;0.5108768286075492;0.4988305941845764
75;18;2.111111111111111;18;AREQUIPA;1;0.0;0.5287610619469026;True;0.5129898862199747;0.4919616519174041
187;30;2.066666666666667;30;MOQUEGUA;1;0.0;0.5553097345132744;True;0.5258596713021493;0.4865929203539823
193;10;2.1;10;LA LIBERTAD;2;0.0;0.5110619469026548;True;0.49917193426042983;0.4833185840707964
129;10;2.1;10;MADRE DE DIOS;2;0.0;0.5110619469026548;True;0.49917193426042983;0.4833185840707964
14;26;2.0384615384615383;26;ÁNCASH;1;0.0;0.5464601769911505;True;0.5160386074102888;0.47547651463580665
68;26;2.0;26;TACNA;1;0.0;0.5464601769911505;True;0.5110935524652339;0.46393805309734515
25;56;1.9285714285714286;56;LAMBAYEQUE;1;0.0;0.6128318584070797;True;0.5483700559869966;0.4624209860935524
54;36;1.9722222222222223;36;HUANCAVELICA;1;0.0;0.5685840707964602;True;0.5230088495575221;0.4622418879056047
180;23;2.0;23;ICA;1;0.0;0.5398230088495575;True;0.5064475347661188;0.46194690265486726
140;34;1.9705882352941178;34;PUNO;1;0.0;0.5641592920353983;True;0.5197014203911654;0.4604242581988548
121;42;1.9523809523809523;42;TUMBES;1;0.0;0.581858407079646;True;0.5297498645475889;0.46027180783817945
69;16;2.0;16;LA LIBERTAD;1;0.0;0.5243362831858407;True;0.495606826801517;0.45730088495575216
2;15;2.0;15;CAJAMARCA;1;0.0;0.5221238938053098;True;0.49405815423514543;0.45663716814159294
226;13;2.0;13;HUANCAVELICA;1;0.0;0.5176991150442478;True;0.49096080910240203;0.45530973451327433
59;51;2.411764705882353;51;CUSCO;1;1.0;0.10176991150442478;False;0.25275154309511416;0.45406038521603326
3;20;2.05;20;APURÍMAC;2;0.15;0.4581858407079646;False;0.45573008849557517;0.45245575221238926
240;26;1.9615384615384615;26;ICA;1;0.0;0.5464601769911505;True;0.5061484975201789;0.45239959155888354
198;7;2.0;7;MADRE DE DIOS;1;0.0;0.504424778761062;True;0.48166877370417194;0.45132743362831856
78;7;2.142857142857143;7;ÁNCASH;3;0.2857142857142857;0.3615676359039191;False;0.40003612064294747;0.4513274336283185
147;5;2.0;5;AREQUIPA;1;0.0;0.5;True;0.47857142857142854;0.44999999999999996
190;5;2.0;5;PUNO;1;0.0;0.5;True;0.47857142857142854;0.44999999999999996
192;5;2.0;5;SAN MARTÍN;1;0.0;0.5;True;0.47857142857142854;0.44999999999999996
213;32;1.9375;32;ÁNCASH;1;0.0;0.5597345132743363;True;0.5123498735777496;0.4491703539823009
55;53;1.8867924528301887;53;AREQUIPA;1;0.0;0.6061946902654867;True;0.5383524556925792;0.4478961429287025
43;37;1.9189189189189189;37;ÁNCASH;1;0.0;0.5707964601769911;True;0.5177042402706119;0.44691461372877295
85;25;1.92;25;PIURA;1;0.0;0.5442477876106194;True;0.49925916561314787;0.4392743362831858
244;16;1.9375;16;ÁNCASH;1;0.0;0.5243362831858407;True;0.48757111251580276;0.4385508849557521
63;15;1.9333333333333333;15;ÁNCASH;2;0.0;0.5221238938053098;True;0.4854867256637168;0.4366371681415929
111;23;1.9130434782608696;23;JUNÍN;1;0.0;0.5398230088495575;True;0.49526741054251633;0.43585994613312806
36;94;2.25531914893617;94;CUSCO;1;1.0;0.19690265486725664;False;0.299230034698873;0.435666541141028
5;19;2.4210526315789473;19;LIMA;1;1.0;0.030973451327433628;False;0.20438818284649676;0.43560782487191424
21;38;1.868421052631579;38;SAN MARTÍN;1;0.0;0.5730088495575221;True;0.5127603300286113;0.43242897065673025
146;11;1.9090909090909092;11;ICA;2;0.0;0.5132743362831859;True;0.476175152281347;0.4267095736122285
19;30;1.8666666666666667;30;LA LIBERTAD;2;0.0;0.5553097345132744;True;0.5001453855878635;0.42659292035398233
149;42;1.8095238095238095;42;CAJAMARCA;1;0.0;0.581858407079646;True;0.5113825176088134;0.41741466498103663
89;8;1.875;8;CAJAMARCA;2;0.0;0.5066371681415929;True;0.467146017699115;0.4144911504424778
161;28;1.8214285714285714;28;LA LIBERTAD;1;0.0;0.5508849557522124;True;0.4912317139245078;0.4116940581542351
125;35;1.8;35;PIURA;1;0.0;0.5663716814159292;True;0.4993173198482933;0.40991150442477875
97;13;1.8461538461538463;13;MOQUEGUA;1;0.0;0.5176991150442478;True;0.4711805893221823;0.40915588835942823
265;7;1.8571428571428572;7;AREQUIPA;1;0.0;0.504424778761062;True;0.46330142676539643;0.4084702907711757
123;7;1.8571428571428572;7;UCAYALI;2;0.0;0.504424778761062;True;0.46330142676539643;0.4084702907711757
39;7;2.0;7;MADRE DE DIOS;2;0.2857142857142857;0.3615676359039191;False;0.38166877370417196;0.4084702907711757
6;22;1.8181818181818181;22;TUMBES;2;0.0;0.5376106194690266;True;0.4815222388231237;0.40673773129525337
221;6;1.8333333333333333;6;MADRE DE DIOS;1;0.0;0.5022123893805309;True;0.4586915297092288;0.40066371681415924
150;70;1.6857142857142857;70;LORETO;1;0.0;0.6438053097345133;True;0.5388269821202818;0.39885587863463967
42;23;1.7826086956521738;23;CAJAMARCA;2;0.0;0.5398230088495575;True;0.47849722420711255;0.39672951135051937
178;15;1.8;15;ICA;1;0.0;0.5221238938053098;True;0.4683438685208597;0.3966371681415929
172;66;1.6818181818181819;66;JUNÍN;1;0.0;0.6349557522123894;True;0.5321313642110103;0.39503218020917136
108;14;1.7857142857142858;14;LA LIBERTAD;1;0.0;0.5199115044247787;True;0.46495846126061047;0.39168773704171933
41;14;1.7857142857142858;14;AMAZONAS;2;0.0;0.5199115044247787;True;0.46495846126061047;0.39168773704171933
99;97;1.597938144329897;97;LAMBAYEQUE;2;0.0;0.7035398230088495;True;0.5693556375200386;0.39044339020162394
73;5;1.8;5;HUANCAVELICA;1;0.0;0.5;True;0.45285714285714285;0.39
241;5;1.8;5;MOQUEGUA;1;0.0;0.5;True;0.45285714285714285;0.39
160;5;1.8;5;HUÁNUCO;2;0.0;0.5;True;0.45285714285714285;0.39
142;5;1.8;5;PUNO;1;0.0;0.5;True;0.45285714285714285;0.39
207;21;1.7619047619047619;21;AMAZONAS;1;0.0;0.5353982300884956;True;0.4727379447354163;0.3891908975979772
7;21;1.7619047619047619;21;AMAZONAS;1;0.0;0.5353982300884956;True;0.4727379447354163;0.3891908975979772
27;24;1.75;24;ICA;1;0.0;0.5420353982300885;True;0.4758533501896334;0.38761061946902653
234;13;1.7692307692307692;13;ÁNCASH;2;0.0;0.5176991150442478;True;0.46129047943207235;0.38607896528250507
218;9;1.7777777777777777;9;PIURA;1;0.0;0.5088495575221239;True;0.4561946902654867;0.3859882005899704
254;11;2.0;11;HUÁNUCO;3;0.45454545454545453;0.28600160901045857;False;0.32877255487874957;0.38580048270313755
177;34;1.7058823529411764;34;AREQUIPA;1;0.0;0.5641592920353983;True;0.4856678069457872;0.3810124934929724
188;19;1.736842105263158;19;ÁNCASH;1;0.0;0.5309734513274337;True;0.46641825803446674;0.3803446669771774
38;31;1.7096774193548387;31;PUNO;1;0.0;0.5575221238938053;True;0.4815097263570001;0.38015986297459314
259;17;2.235294117647059;17;LIMA;1;1.0;0.02654867256637168;False;0.1774076002082249;0.3785528370640291
74;8;1.75;8;AMAZONAS;2;0.0;0.5066371681415929;True;0.4510745891276864;0.3769911504424778
77;8;1.75;8;JUNÍN;1;0.0;0.5066371681415929;True;0.4510745891276864;0.3769911504424778
165;45;2.1555555555555554;45;LIMA;1;1.0;0.08849557522123894;False;0.21051833122629582;0.37321533923303823
232;11;1.7272727272727273;11;PUNO;1;0.0;0.5132743362831859;True;0.4527985289047236;0.37216411906677394
40;17;1.7058823529411764;17;AREQUIPA;2;0.0;0.5265486725663717;True;0.4593403733174686;0.3697293076522644
238;9;2.2222222222222223;9;LIMA;1;1.0;0.008849557522123894;False;0.16333754740834389;0.3693215339233038
70;44;2.1363636363636362;44;LIMA;1;1.0;0.08628318584070796;False;0.20650212619239167;0.3667940466613032
101;7;1.7142857142857142;7;SAN MARTÍN;1;0.0;0.504424778761062;True;0.44493407982662087;0.3656131479140328
31;231;1.6623376623376624;231;LIMA;3;0.8961038961038961;0.551948051948052;False;0.4715213358070501;0.36428571428571427
122;16;1.6875;16;PIURA;1;0.0;0.5243362831858407;True;0.4554282553729456;0.36355088495575216
211;10;1.7;10;TACNA;1;0.0;0.5110619469026548;True;0.4477433628318584;0.3633185840707964
45;10;1.7;10;LORETO;1;0.0;0.5110619469026548;True;0.4477433628318584;0.3633185840707964
47;13;1.6923076923076923;13;SAN MARTÍN;1;0.0;0.5176991150442478;True;0.4514003695419625;0.363002042205582
258;13;1.6923076923076923;13;SAN MARTÍN;1;0.0;0.5176991150442478;True;0.4514003695419625;0.363002042205582
4;17;2.176470588235294;17;CUSCO;1;1.0;0.02654867256637168;False;0.16984457499814085;0.36090577824049963
0;44;1.6136363636363635;44;HUÁNUCO;2;0.0;0.5862831858407079;True;0.4892943339845994;0.35997586484312144
96;51;1.588235294117647;51;PASCO;1;0.0;0.6017699115044248;True;0.4968691901539377;0.3570015616866215
227;12;2.1666666666666665;12;CUSCO;1;1.0;0.015486725663716814;False;0.16084070796460176;0.35464601769911497
189;9;1.6666666666666667;9;LORETO;1;0.0;0.5088495575221239;True;0.44190897597977247;0.3526548672566372
72;17;1.6470588235294117;17;ÁNCASH;1;0.0;0.5265486725663717;True;0.4517773481073845;0.35208224882873496
230;6;1.6666666666666667;6;HUÁNUCO;1;0.0;0.5022123893805309;True;0.43726295828065737;0.3506637168141593
18;33;1.6666666666666667;33;APURÍMAC;2;0.12121212121212122;0.5013408420488067;False;0.4366528751484504;0.350402252614642
98;74;1.5135135135135136;74;AYACUCHO;1;0.0;0.6526548672566371;True;0.522881573102812;0.3498505142310452
173;27;2.111111111111111;27;CUSCO;1;1.0;0.048672566371681415;False;0.17692793931731987;0.34793510324483773
46;48;1.5625;48;PUNO;1;0.0;0.5951327433628318;True;0.48891434892541086;0.34728982300884953
94;34;1.588235294117647;34;JUNÍN;1;0.0;0.5641592920353983;True;0.47054175652561914;0.3457183758459136
103;7;2.142857142857143;7;CUSCO;1;1.0;0.004424778761061947;False;0.15003612064294747;0.3441845764854614
204;35;1.6285714285714286;35;PASCO;2;0.11428571428571428;0.509228824273072;False;0.4372765035217626;0.34134007585335013
151;58;1.5172413793103448;58;JUNÍN;2;0.0;0.6172566371681416;True;0.49858210907188627;0.3403494049435459
86;58;1.5172413793103448;58;SAN MARTÍN;2;0.0;0.6172566371681416;True;0.49858210907188627;0.3403494049435459
65;13;1.6153846153846154;13;HUÁNUCO;2;0.0;0.5176991150442478;True;0.4415102596518526;0.33992511912865897
158;22;1.5909090909090908;22;PIURA;2;0.0;0.5376106194690266;True;0.4523014596023445;0.33855591311343525
50;33;1.5454545454545454;33;HUÁNUCO;1;0.0;0.5619469026548672;True;0.4634927019882772;0.3322204344328238
8;23;1.565217391304348;23;ÁNCASH;2;0.0;0.5398230088495575;True;0.4505469136481064;0.3315121200461716
37;27;1.5555555555555556;27;ÁNCASH;1;0.0;0.5486725663716814;True;0.4554993678887484;0.33126843657817107
206;5;1.6;5;TACNA;2;0.0;0.5;True;0.42714285714285716;0.33
120;12;1.5833333333333333;12;AREQUIPA;1;0.0;0.5154867256637168;True;0.4358407079646017;0.329646017699115
217;13;2.076923076923077;13;LIMA;1;1.0;0.017699115044247787;False;0.15085091899251196;0.3283866575901974
104;32;2.03125;32;LIMA;1;1.0;0.059734513274336286;False;0.17440344500632116;0.32729535398230086
79;28;1.5357142857142858;28;APURÍMAC;1;0.0;0.5508849557522124;True;0.4544970200469568;0.32597977243994947
137;35;2.0;35;CUSCO;1;1.0;0.06637168141592921;False;0.17503160556257902;0.3199115044247787
148;9;1.5555555555555556;9;APURÍMAC;1;0.0;0.5088495575221239;True;0.4276232616940582;0.3193215339233038
20;11;1.5454545454545454;11;TACNA;2;0.0;0.5132743362831859;True;0.4294219055281002;0.31761866452131937
109;13;1.5384615384615385;13;LORETO;1;0.0;0.5176991150442478;True;0.43162014976174273;0.31684819605173586
15;15;1.5333333333333334;15;HUÁNUCO;1;0.0;0.5221238938053098;True;0.4340581542351454;0.31663716814159293
115;45;1.4666666666666666;45;MOQUEGUA;2;0.0;0.588495575221239;True;0.4719469026548673;0.31654867256637165
22;36;1.5;36;HUÁNUCO;3;0.05555555555555555;0.5408062930186823;False;0.4428501193987919;0.3122418879056047
88;14;1.5;14;APURÍMAC;1;0.0;0.5199115044247787;True;0.4282237673830594;0.3059734513274336
249;10;1.5;10;MOQUEGUA;2;0.0;0.5110619469026548;True;0.42202907711757265;0.3033185840707964
67;8;1.5;8;LA LIBERTAD;2;0.0;0.5066371681415929;True;0.41893173198482925;0.3019911504424778
87;6;1.5;6;PUNO;1;0.0;0.5022123893805309;True;0.4158343868520859;0.30066371681415927
245;6;1.5;6;LORETO;1;0.0;0.5022123893805309;True;0.4158343868520859;0.30066371681415927
167;25;1.44;25;AYACUCHO;2;0.0;0.5442477876106194;True;0.43754487989886215;0.2952743362831858
16;11;1.4545454545454546;11;PUNO;1;0.0;0.5132743362831859;True;0.41773359383978853;0.29034593724859215
66;11;1.4545454545454546;11;PASCO;1;0.0;0.5132743362831859;True;0.41773359383978853;0.29034593724859215
256;25;1.92;25;CUSCO;1;1.0;0.04424778761061947;False;0.14925916561314792;0.28927433628318583
176;9;1.4444444444444444;9;MOQUEGUA;1;0.0;0.5088495575221239;True;0.4133375474083439;0.28598820058997043
92;19;1.4210526315789473;19;CAJAMARCA;1;0.0;0.5309734513274337;True;0.4258167542750682;0.2856078248719143
126;14;1.4285714285714286;14;HUÁNUCO;2;0.0;0.5199115044247787;True;0.41904009391367164;0.2845448798988622
219;13;1.9230769230769231;13;LIMA;1;1.0;0.017699115044247787;False;0.13107069921229214;0.2822328114363512
12;7;1.4285714285714286;7;PUNO;1;0.0;0.504424778761062;True;0.40819938594906985;0.27989886219974713
124;7;1.5714285714285714;7;APURÍMAC;2;0.2857142857142857;0.3615676359039191;False;0.3265667328878454;0.27989886219974713
132;7;1.4285714285714286;7;PIURA;1;0.0;0.504424778761062;True;0.40819938594906985;0.27989886219974713
184;7;1.4285714285714286;7;JUNÍN;1;0.0;0.504424778761062;True;0.40819938594906985;0.27989886219974713
222;7;1.4285714285714286;7;AMAZONAS;2;0.0;0.504424778761062;True;0.40819938594906985;0.27989886219974713
248;7;1.4285714285714286;7;AREQUIPA;1;0.0;0.504424778761062;True;0.40819938594906985;0.27989886219974713
117;29;1.3793103448275863;29;PIURA;1;0.0;0.5530973451327433;True;0.43593661449932425;0.27972230698809886
131;12;1.4166666666666667;12;PUNO;2;0.0;0.5154867256637168;True;0.4144121365360303;0.27964601769911507
32;24;1.375;24;ÁNCASH;1;0.0;0.5420353982300885;True;0.42763906447534766;0.27511061946902654
166;10;1.4;10;CAJAMARCA;1;0.0;0.5110619469026548;True;0.4091719342604298;0.2733185840707964
153;10;1.4;10;PIURA;1;0.0;0.5110619469026548;True;0.4091719342604298;0.2733185840707964
60;25;1.36;25;PIURA;1;0.0;0.5442477876106194;True;0.4272591656131479;0.27127433628318587
34;13;1.3846153846153846;13;TACNA;2;0.0;0.5176991150442478;True;0.4118399299815229;0.2706943498978897
106;22;1.3636363636363635;22;AREQUIPA;1;0.0;0.5376106194690266;True;0.4230806803815653;0.270374094931617
128;22;1.3636363636363635;22;PUNO;1;0.0;0.5376106194690266;True;0.4230806803815653;0.270374094931617
49;5;1.4;5;AREQUIPA;1;0.0;0.5;True;0.4014285714285714;0.26999999999999996
29;12;1.8333333333333333;12;CUSCO;2;0.9166666666666666;0.057153392330383496;False;0.1471502317741256;0.267146017699115
62;21;1.3333333333333333;21;MADRE DE DIOS;1;0.0;0.5353982300884956;True;0.4176359039190898;0.26061946902654864
56;18;1.8333333333333333;18;LIMA;1;1.0;0.028761061946902654;False;0.127275600505689;0.25862831858407076
136;12;1.3333333333333333;12;AREQUIPA;1;0.0;0.5154867256637168;True;0.4036978508217446;0.254646017699115
203;19;1.3157894736842106;19;APURÍMAC;1;0.0;0.5309734513274337;True;0.4122829196886021;0.25402887750349323
257;21;1.7142857142857142;21;CUSCO;2;0.8095238095238095;0.1306363253265908;False;0.18328216242249112;0.25347661188369147
252;6;1.3333333333333333;6;APURÍMAC;1;0.0;0.5022123893805309;True;0.3944058154235145;0.2506637168141592
107;6;1.3333333333333333;6;AYACUCHO;2;0.0;0.5022123893805309;True;0.3944058154235145;0.2506637168141592
17;30;1.2666666666666666;30;AYACUCHO;2;0.0;0.5553097345132744;True;0.4230025284450063;0.24659292035398228
214;19;1.7894736842105263;19;LIMA;1;1.0;0.030973451327433628;False;0.12318517532769979;0.24613414066138795
199;38;1.736842105263158;38;LIMA;1;1.0;0.07300884955752213;False;0.14584303679552865;0.24295528644620398
116;13;1.6923076923076923;13;LIMA;2;0.8461538461538461;0.09462219196732471;False;0.15524652338811634;0.2360789652825051
233;25;1.24;25;JUNÍN;2;0.0;0.5442477876106194;True;0.41183059418457646;0.2352743362831858
208;55;1.6363636363636365;55;CUSCO;2;0.9454545454545454;0.13789219629927596;False;0.17834271922767503;0.2322767497988737
61;12;1.25;12;LORETO;1;0.0;0.5154867256637168;True;0.39298356510745885;0.22964601769911502
157;8;1.25;8;CAJAMARCA;1;0.0;0.5066371681415929;True;0.3867888748419721;0.22699115044247786
135;13;1.2307692307692308;13;LAMBAYEQUE;1;0.0;0.5176991150442478;True;0.39205971020130315;0.2245405037440436
181;14;1.2142857142857142;14;PUNO;1;0.0;0.5199115044247787;True;0.3914890735055084;0.22025916561314787
202;37;1.162162162162162;37;UCAYALI;1;0.0;0.5707964601769911;True;0.4204069429733146;0.21988758670174596
83;30;1.6666666666666667;30;CUSCO;1;1.0;0.05530973451327434;False;0.12443109987357778;0.2165929203539823
183;10;1.2;10;HUÁNUCO;1;0.0;0.5110619469026548;True;0.38345764854614406;0.2133185840707964
195;5;1.2;5;AREQUIPA;1;0.0;0.5;True;0.37571428571428567;0.20999999999999996
273;5;1.2;5;PUNO;1;0.0;0.5;True;0.37571428571428567;0.20999999999999996
82;11;1.1818181818181819;11;UCAYALI;1;0.0;0.5132743362831859;True;0.38266865877485345;0.20852775543041033
51;11;1.1818181818181819;11;PIURA;1;0.0;0.5132743362831859;True;0.38266865877485345;0.20852775543041033
170;11;1.1818181818181819;11;HUÁNUCO;1;0.0;0.5132743362831859;True;0.38266865877485345;0.20852775543041033
10;31;1.1290322580645162;31;AYACUCHO;2;0.0;0.5575221238938053;True;0.40685534847681576;0.20596631458749642
13;20;1.15;20;AYACUCHO;1;0.0;0.5331858407079646;True;0.3925158027812895;0.20495575221238932
168;9;1.6666666666666667;9;LIMA;1;1.0;0.008849557522123894;False;0.09190897597977246;0.20265486725663717
205;6;1.6666666666666667;6;LIMA;1;1.0;0.0022123893805309734;False;0.08726295828065743;0.20066371681415932
1;28;1.1071428571428572;28;PIURA;1;0.0;0.5508849557522124;True;0.3993949792306303;0.19740834386852088
162;7;1.1428571428571428;7;AREQUIPA;2;0.0;0.504424778761062;True;0.37146469207151883;0.19418457648546142
223;7;1.1428571428571428;7;APURÍMAC;1;0.0;0.504424778761062;True;0.37146469207151883;0.19418457648546142
53;13;1.6153846153846154;13;LIMA;1;1.0;0.017699115044247787;False;0.09151025965185258;0.18992511912865895
239;8;1.125;8;JUNÍN;1;0.0;0.5066371681415929;True;0.37071744627054354;0.18949115044247786
105;38;1.5526315789473684;38;LIMA;1;1.0;0.07300884955752213;False;0.12215882626921284;0.18769212855146714
48;15;1.3333333333333333;15;CUSCO;3;0.4666666666666667;0.2887905604719764;False;0.2450105351875263;0.18663716814159287
26;30;1.0666666666666667;30;MOQUEGUA;1;0.0;0.5553097345132744;True;0.3972882427307206;0.18659292035398228
253;10;1.1;10;AYACUCHO;1;0.0;0.5110619469026548;True;0.3706005056890012;0.18331858407079646
91;10;1.1;10;MADRE DE DIOS;1;0.0;0.5110619469026548;True;0.3706005056890012;0.18331858407079646
246;10;1.1;10;AREQUIPA;1;0.0;0.5110619469026548;True;0.3706005056890012;0.18331858407079646
194;10;1.1;10;AYACUCHO;1;0.0;0.5110619469026548;True;0.3706005056890012;0.18331858407079646
93;14;1.0714285714285714;14;AYACUCHO;1;0.0;0.5199115044247787;True;0.37312172656673287;0.17740202275600503
133;18;1.0555555555555556;18;CAJAMARCA;1;0.0;0.5287610619469026;True;0.377275600505689;0.17529498525073745
268;18;1.5555555555555556;18;LIMA;1;1.0;0.028761061946902654;False;0.0915613147914033;0.17529498525073745
138;17;1.5294117647058822;17;CUSCO;1;1.0;0.02654867256637168;False;0.08665129768721647;0.16678813118167618
164;16;1.0;16;AYACUCHO;2;0.0;0.5243362831858407;True;0.36703539823008846;0.1573008849557522
113;12;1.0;12;AREQUIPA;1;0.0;0.5154867256637168;True;0.3608407079646017;0.15464601769911504
90;11;1.0;11;HUÁNUCO;2;0.0;0.5132743362831859;True;0.35929203539823007;0.15398230088495576
171;10;1.0;10;AYACUCHO;2;0.0;0.5110619469026548;True;0.35774336283185837;0.15331858407079643
225;10;1.0;10;UCAYALI;1;0.0;0.5110619469026548;True;0.35774336283185837;0.15331858407079643
102;9;1.0;9;PUNO;1;0.0;0.5088495575221239;True;0.3561946902654867;0.15265486725663716
95;8;1.0;8;APURÍMAC;1;0.0;0.5066371681415929;True;0.35464601769911497;0.15199115044247785
152;8;1.375;8;CUSCO;2;0.75;0.13163716814159293;False;0.14036030341340075;0.15199115044247785
264;6;1.0;6;AYACUCHO;1;0.0;0.5022123893805309;True;0.3515486725663716;0.15066371681415927
185;5;1.0;5;AREQUIPA;2;0.0;0.5;True;0.35;0.15
251;5;1.0;5;ÁNCASH;1;0.0;0.5;True;0.35;0.15
235;18;1.3333333333333333;18;CUSCO;1;1.0;0.028761061946902654;False;0.0629898862199747;0.10862831858407077
110;16;1.0625;16;LIMA;2;0.875;0.0868362831858407;False;0.06882111251580278;0.04480088495575221
163;7;1.1428571428571428;7;CUSCO;1;1.0;0.004424778761061947;False;0.021464692071518868;0.044184576485461424
84;16;1.0;16;CUSCO;2;0.9375;0.055586283185840704;False;0.03891039823008849;0.016675884955752212
24;20;1.0;20;CUSCO;1;1.0;0.033185840707964605;False;0.023230088495575223;0.00995575221238938
